
08/27 16:29:37 [[1;32mNOTICE[0m] Downloading 1 item(s)
[#8b2ec5 0B/0B CN:1 DL:0B]

08/27 16:29:38 [[1;32mNOTICE[0m] CUID#7 - Redirecting to https://us.aws.cdn.hf.co/xet-bridge-us/6a83fdf1993fbb53ef83dbb1/c5e4bd4e5aead56c29af62fb4180f69b77a2f64cced4d117987bfbfb64860be4?X-Xet-Cas-Uid=public&user_id=public&response-content-disposition=inline%3B+filename*%3DUTF-8%27%27Ornith-1.5-35B-Q6_K.gguf%3B+filename%3D%22Ornith-1.5-35B-Q6_K.gguf%22%3B&Expires=1787822978&Policy=eyJTdGF0ZW1lbnQiOlt7IlJlc291cmNlIjoiaHR0cHM6Ly91cy5hd3MuY2RuLmhmLmNvL3hldC1icmlkZ2UtdXMvNmE4M2ZkZjE5OTNmYmI1M2VmODNkYmIxL2M1ZTRiZDRlNWFlYWQ1NmMyOWFmNjJmYjQxODBmNjliNzdhMmY2NGNjZWQ0ZDExNzk4N2JmYmZiNjQ4NjBiZTRcXD9YLVhldC1DYXMtVWlkPXB1YmxpYyZ1c2VyX2lkPXB1YmxpYyZyZXNwb25zZS1jb250ZW50LWRpc3Bvc2l0aW9uPWlubGluZSUzQitmaWxlbmFtZSUyQSUzRFVURi04JTI3JTI3T3JuaXRoLTEuNS0zNUItUTZfSy5nZ3VmJTNCK2ZpbGVuYW1lJTNEJTIyT3JuaXRoLTEuNS0zNUItUTZfSy5nZ3VmJTIyJTNCIiwiQ29uZGl0aW9uIjp7IkRhdGVMZXNzVGhhbiI6eyJFcG9jaFRpbWUiOjE3ODc4MjI5Nzh9fX1dfQ__&Signature=MEYCIQCsOHDQc0-Elo3v54PgKj%7ENzufQ%7ETz7KLLSN3d7XO%7EA-wIhAOFw8lW7KOeYCbgeukQFnB12XTKhjSnHQSTzmmJa9t9k&Key-Pair-Id=01KXEF4KZ1B6FV465MAWR4M21F
[#8b2ec5 0B/0B CN:1 DL:0B]
[#8b2ec5 0B/0B CN:1 DL:0B]

08/27 16:29:40 [[1;32mNOTICE[0m] Removed the defunct control file /Users/wilsonxu/Models/ornith-256k/llamacpp/models/Ornith-1.5-35B-Q6_K.gguf.aria2 because the download file /Users/wilsonxu/Models/ornith-256k/llamacpp/models/Ornith-1.5-35B-Q6_K.gguf doesn't exist.

08/27 16:29:40 [[1;32mNOTICE[0m] Allocating disk space. Use --file-allocation=none to disable it. See --file-allocation option in man page for more details.
[#8b2ec5 0B/27GiB(0%) CN:1 DL:0B] [FileAlloc:#8b2ec5 1.1GiB/27GiB(4%)]
[#8b2ec5 0B/27GiB(0%) CN:1 DL:0B] [FileAlloc:#8b2ec5 2.3GiB/27GiB(8%)]
[#8b2ec5 0B/27GiB(0%) CN:1 DL:0B] [FileAlloc:#8b2ec5 3.5GiB/27GiB(12%)]
[#8b2ec5 0B/27GiB(0%) CN:1 DL:0B] [FileAlloc:#8b2ec5 4.2GiB/27GiB(15%)]
[#8b2ec5 0B/27GiB(0%) CN:1 DL:0B] [FileAlloc:#8b2ec5 4.9GiB/27GiB(18%)]
[#8b2ec5 0B/27GiB(0%) CN:1 DL:0B] [FileAlloc:#8b2ec5 5.8GiB/27GiB(21%)]
[#8b2ec5 0B/27GiB(0%) CN:1 DL:0B] [FileAlloc:#8b2ec5 6.6GiB/27GiB(24%)]
[#8b2ec5 0B/27GiB(0%) CN:1 DL:0B] [FileAlloc:#8b2ec5 7.3GiB/27GiB(27%)]
[#8b2ec5 0B/27GiB(0%) CN:1 DL:0B] [FileAlloc:#8b2ec5 8.1GiB/27GiB(30%)]
[#8b2ec5 0B/27GiB(0%) CN:1 DL:0B] [FileAlloc:#8b2ec5 8.7GiB/27GiB(32%)]
[#8b2ec5 0B/27GiB(0%) CN:1 DL:0B] [FileAlloc:#8b2ec5 8.8GiB/27GiB(32%)]
[#8b2ec5 0B/27GiB(0%) CN:1 DL:0B] [FileAlloc:#8b2ec5 8.9GiB/27GiB(32%)]
[#8b2ec5 0B/27GiB(0%) CN:1 DL:0B] [FileAlloc:#8b2ec5 8.9GiB/27GiB(33%)]
[#8b2ec5 0B/27GiB(0%) CN:1 DL:0B] [FileAlloc:#8b2ec5 9.0GiB/27GiB(33%)]
[#8b2ec5 0B/27GiB(0%) CN:1 DL:0B] [FileAlloc:#8b2ec5 9.1GiB/27GiB(33%)]
[#8b2ec5 0B/27GiB(0%) CN:1 DL:0B] [FileAlloc:#8b2ec5 9.1GiB/27GiB(33%)]
[#8b2ec5 0B/27GiB(0%) CN:1 DL:0B] [FileAlloc:#8b2ec5 9.2GiB/27GiB(33%)]
[#8b2ec5 0B/27GiB(0%) CN:1 DL:0B] [FileAlloc:#8b2ec5 9.8GiB/27GiB(36%)]
[#8b2ec5 0B/27GiB(0%) CN:1 DL:0B] [FileAlloc:#8b2ec5 10GiB/27GiB(38%)]
[#8b2ec5 0B/27GiB(0%) CN:1 DL:0B] [FileAlloc:#8b2ec5 11GiB/27GiB(41%)]
[#8b2ec5 0B/27GiB(0%) CN:1 DL:0B] [FileAlloc:#8b2ec5 12GiB/27GiB(44%)]
[#8b2ec5 0B/27GiB(0%) CN:1 DL:0B] [FileAlloc:#8b2ec5 12GiB/27GiB(46%)]
[#8b2ec5 0B/27GiB(0%) CN:1 DL:0B] [FileAlloc:#8b2ec5 13GiB/27GiB(49%)]
[#8b2ec5 0B/27GiB(0%) CN:1 DL:0B] [FileAlloc:#8b2ec5 14GiB/27GiB(52%)]
[#8b2ec5 0B/27GiB(0%) CN:1 DL:0B] [FileAlloc:#8b2ec5 15GiB/27GiB(55%)]
[#8b2ec5 0B/27GiB(0%) CN:1 DL:0B] [FileAlloc:#8b2ec5 15GiB/27GiB(58%)]
[#8b2ec5 0B/27GiB(0%) CN:1 DL:0B] [FileAlloc:#8b2ec5 16GiB/27GiB(60%)]
[#8b2ec5 0B/27GiB(0%) CN:1 DL:0B] [FileAlloc:#8b2ec5 17GiB/27GiB(63%)]
[#8b2ec5 0B/27GiB(0%) CN:1 DL:0B] [FileAlloc:#8b2ec5 18GiB/27GiB(66%)]
[#8b2ec5 0B/27GiB(0%) CN:1 DL:0B] [FileAlloc:#8b2ec5 19GiB/27GiB(69%)]
[#8b2ec5 0B/27GiB(0%) CN:1 DL:0B] [FileAlloc:#8b2ec5 19GiB/27GiB(73%)]
[#8b2ec5 0B/27GiB(0%) CN:1 DL:0B] [FileAlloc:#8b2ec5 20GiB/27GiB(75%)]
[#8b2ec5 0B/27GiB(0%) CN:1 DL:0B] [FileAlloc:#8b2ec5 21GiB/27GiB(78%)]
[#8b2ec5 0B/27GiB(0%) CN:1 DL:0B] [FileAlloc:#8b2ec5 22GiB/27GiB(81%)]
[#8b2ec5 0B/27GiB(0%) CN:1 DL:0B] [FileAlloc:#8b2ec5 23GiB/27GiB(87%)]
[#8b2ec5 0B/27GiB(0%) CN:1 DL:0B] [FileAlloc:#8b2ec5 24GiB/27GiB(90%)]
[#8b2ec5 0B/27GiB(0%) CN:1 DL:0B] [FileAlloc:#8b2ec5 25GiB/27GiB(92%)]
[#8b2ec5 0B/27GiB(0%) CN:1 DL:0B] [FileAlloc:#8b2ec5 25GiB/27GiB(95%)]
[#8b2ec5 0B/27GiB(0%) CN:1 DL:0B] [FileAlloc:#8b2ec5 26GiB/27GiB(97%)]
[#8b2ec5 0B/27GiB(0%) CN:1 DL:0B] [FileAlloc:#8b2ec5 27GiB/27GiB(99%)]
[#8b2ec5 1.6MiB/27GiB(0%) CN:16 DL:1.6MiB ETA:4h40m58s]

08/27 16:30:21 [[1;32mNOTICE[0m] CUID#10 - Redirecting to https://us.aws.cdn.hf.co/xet-bridge-us/6a83fdf1993fbb53ef83dbb1/c5e4bd4e5aead56c29af62fb4180f69b77a2f64cced4d117987bfbfb64860be4?user_id=public&response-content-disposition=inline%3B+filename*%3DUTF-8%27%27Ornith-1.5-35B-Q6_K.gguf%3B+filename%3D%22Ornith-1.5-35B-Q6_K.gguf%22%3B&X-Xet-Cas-Uid=public&Expires=1787823020&Policy=eyJTdGF0ZW1lbnQiOlt7IlJlc291cmNlIjoiaHR0cHM6Ly91cy5hd3MuY2RuLmhmLmNvL3hldC1icmlkZ2UtdXMvNmE4M2ZkZjE5OTNmYmI1M2VmODNkYmIxL2M1ZTRiZDRlNWFlYWQ1NmMyOWFmNjJmYjQxODBmNjliNzdhMmY2NGNjZWQ0ZDExNzk4N2JmYmZiNjQ4NjBiZTRcXD91c2VyX2lkPXB1YmxpYyZyZXNwb25zZS1jb250ZW50LWRpc3Bvc2l0aW9uPWlubGluZSUzQitmaWxlbmFtZSUyQSUzRFVURi04JTI3JTI3T3JuaXRoLTEuNS0zNUItUTZfSy5nZ3VmJTNCK2ZpbGVuYW1lJTNEJTIyT3JuaXRoLTEuNS0zNUItUTZfSy5nZ3VmJTIyJTNCJlgtWGV0LUNhcy1VaWQ9cHVibGljIiwiQ29uZGl0aW9uIjp7IkRhdGVMZXNzVGhhbiI6eyJFcG9jaFRpbWUiOjE3ODc4MjMwMjB9fX1dfQ__&Signature=MEUCIQCBBgdLWy4OruGfJwvuBI4vWH97n6N-qnrTSojJw519vAIgI-pWSY7Ru3KDISrt0NhZAZS2ahUhetOYIKdqX-P-fRQ_&Key-Pair-Id=01KXEF4KZ1B6FV465MAWR4M21F

08/27 16:30:21 [[1;32mNOTICE[0m] CUID#11 - Redirecting to https://us.aws.cdn.hf.co/xet-bridge-us/6a83fdf1993fbb53ef83dbb1/c5e4bd4e5aead56c29af62fb4180f69b77a2f64cced4d117987bfbfb64860be4?user_id=public&X-Xet-Cas-Uid=public&response-content-disposition=inline%3B+filename*%3DUTF-8%27%27Ornith-1.5-35B-Q6_K.gguf%3B+filename%3D%22Ornith-1.5-35B-Q6_K.gguf%22%3B&Expires=1787823020&Policy=eyJTdGF0ZW1lbnQiOlt7IlJlc291cmNlIjoiaHR0cHM6Ly91cy5hd3MuY2RuLmhmLmNvL3hldC1icmlkZ2UtdXMvNmE4M2ZkZjE5OTNmYmI1M2VmODNkYmIxL2M1ZTRiZDRlNWFlYWQ1NmMyOWFmNjJmYjQxODBmNjliNzdhMmY2NGNjZWQ0ZDExNzk4N2JmYmZiNjQ4NjBiZTRcXD91c2VyX2lkPXB1YmxpYyZYLVhldC1DYXMtVWlkPXB1YmxpYyZyZXNwb25zZS1jb250ZW50LWRpc3Bvc2l0aW9uPWlubGluZSUzQitmaWxlbmFtZSUyQSUzRFVURi04JTI3JTI3T3JuaXRoLTEuNS0zNUItUTZfSy5nZ3VmJTNCK2ZpbGVuYW1lJTNEJTIyT3JuaXRoLTEuNS0zNUItUTZfSy5nZ3VmJTIyJTNCIiwiQ29uZGl0aW9uIjp7IkRhdGVMZXNzVGhhbiI6eyJFcG9jaFRpbWUiOjE3ODc4MjMwMjB9fX1dfQ__&Signature=MEUCIEawhmVophT1GQcHIOFDXbAHEjJFPrMwCAnuDNtvI5QhAiEAkdTvUCmEPaJG4QyI2gRRIbF1nh8Hjw9q15-kQY07mKU_&Key-Pair-Id=01KXEF4KZ1B6FV465MAWR4M21F

08/27 16:30:21 [[1;32mNOTICE[0m] CUID#19 - Redirecting to https://us.aws.cdn.hf.co/xet-bridge-us/6a83fdf1993fbb53ef83dbb1/c5e4bd4e5aead56c29af62fb4180f69b77a2f64cced4d117987bfbfb64860be4?user_id=public&X-Xet-Cas-Uid=public&response-content-disposition=inline%3B+filename*%3DUTF-8%27%27Ornith-1.5-35B-Q6_K.gguf%3B+filename%3D%22Ornith-1.5-35B-Q6_K.gguf%22%3B&Expires=1787823020&Policy=eyJTdGF0ZW1lbnQiOlt7IlJlc291cmNlIjoiaHR0cHM6Ly91cy5hd3MuY2RuLmhmLmNvL3hldC1icmlkZ2UtdXMvNmE4M2ZkZjE5OTNmYmI1M2VmODNkYmIxL2M1ZTRiZDRlNWFlYWQ1NmMyOWFmNjJmYjQxODBmNjliNzdhMmY2NGNjZWQ0ZDExNzk4N2JmYmZiNjQ4NjBiZTRcXD91c2VyX2lkPXB1YmxpYyZYLVhldC1DYXMtVWlkPXB1YmxpYyZyZXNwb25zZS1jb250ZW50LWRpc3Bvc2l0aW9uPWlubGluZSUzQitmaWxlbmFtZSUyQSUzRFVURi04JTI3JTI3T3JuaXRoLTEuNS0zNUItUTZfSy5nZ3VmJTNCK2ZpbGVuYW1lJTNEJTIyT3JuaXRoLTEuNS0zNUItUTZfSy5nZ3VmJTIyJTNCIiwiQ29uZGl0aW9uIjp7IkRhdGVMZXNzVGhhbiI6eyJFcG9jaFRpbWUiOjE3ODc4MjMwMjB9fX1dfQ__&Signature=MEUCIEawhmVophT1GQcHIOFDXbAHEjJFPrMwCAnuDNtvI5QhAiEAkdTvUCmEPaJG4QyI2gRRIbF1nh8Hjw9q15-kQY07mKU_&Key-Pair-Id=01KXEF4KZ1B6FV465MAWR4M21F

08/27 16:30:21 [[1;32mNOTICE[0m] CUID#20 - Redirecting to https://us.aws.cdn.hf.co/xet-bridge-us/6a83fdf1993fbb53ef83dbb1/c5e4bd4e5aead56c29af62fb4180f69b77a2f64cced4d117987bfbfb64860be4?response-content-disposition=inline%3B+filename*%3DUTF-8%27%27Ornith-1.5-35B-Q6_K.gguf%3B+filename%3D%22Ornith-1.5-35B-Q6_K.gguf%22%3B&user_id=public&X-Xet-Cas-Uid=public&Expires=1787823020&Policy=eyJTdGF0ZW1lbnQiOlt7IlJlc291cmNlIjoiaHR0cHM6Ly91cy5hd3MuY2RuLmhmLmNvL3hldC1icmlkZ2UtdXMvNmE4M2ZkZjE5OTNmYmI1M2VmODNkYmIxL2M1ZTRiZDRlNWFlYWQ1NmMyOWFmNjJmYjQxODBmNjliNzdhMmY2NGNjZWQ0ZDExNzk4N2JmYmZiNjQ4NjBiZTRcXD9yZXNwb25zZS1jb250ZW50LWRpc3Bvc2l0aW9uPWlubGluZSUzQitmaWxlbmFtZSUyQSUzRFVURi04JTI3JTI3T3JuaXRoLTEuNS0zNUItUTZfSy5nZ3VmJTNCK2ZpbGVuYW1lJTNEJTIyT3JuaXRoLTEuNS0zNUItUTZfSy5nZ3VmJTIyJTNCJnVzZXJfaWQ9cHVibGljJlgtWGV0LUNhcy1VaWQ9cHVibGljIiwiQ29uZGl0aW9uIjp7IkRhdGVMZXNzVGhhbiI6eyJFcG9jaFRpbWUiOjE3ODc4MjMwMjB9fX1dfQ__&Signature=MEYCIQDUmNF-nazTtDvnKRE6fD7vISIFxjl3s60YYvgIjFvKMwIhAM4IlGTRlswgo-t-3E0PKiDBVUENylM06GfjlOhTt%7EI4&Key-Pair-Id=01KXEF4KZ1B6FV465MAWR4M21F

08/27 16:30:21 [[1;32mNOTICE[0m] CUID#21 - Redirecting to https://us.aws.cdn.hf.co/xet-bridge-us/6a83fdf1993fbb53ef83dbb1/c5e4bd4e5aead56c29af62fb4180f69b77a2f64cced4d117987bfbfb64860be4?user_id=public&X-Xet-Cas-Uid=public&response-content-disposition=inline%3B+filename*%3DUTF-8%27%27Ornith-1.5-35B-Q6_K.gguf%3B+filename%3D%22Ornith-1.5-35B-Q6_K.gguf%22%3B&Expires=1787823020&Policy=eyJTdGF0ZW1lbnQiOlt7IlJlc291cmNlIjoiaHR0cHM6Ly91cy5hd3MuY2RuLmhmLmNvL3hldC1icmlkZ2UtdXMvNmE4M2ZkZjE5OTNmYmI1M2VmODNkYmIxL2M1ZTRiZDRlNWFlYWQ1NmMyOWFmNjJmYjQxODBmNjliNzdhMmY2NGNjZWQ0ZDExNzk4N2JmYmZiNjQ4NjBiZTRcXD91c2VyX2lkPXB1YmxpYyZYLVhldC1DYXMtVWlkPXB1YmxpYyZyZXNwb25zZS1jb250ZW50LWRpc3Bvc2l0aW9uPWlubGluZSUzQitmaWxlbmFtZSUyQSUzRFVURi04JTI3JTI3T3JuaXRoLTEuNS0zNUItUTZfSy5nZ3VmJTNCK2ZpbGVuYW1lJTNEJTIyT3JuaXRoLTEuNS0zNUItUTZfSy5nZ3VmJTIyJTNCIiwiQ29uZGl0aW9uIjp7IkRhdGVMZXNzVGhhbiI6eyJFcG9jaFRpbWUiOjE3ODc4MjMwMjB9fX1dfQ__&Signature=MEUCIEawhmVophT1GQcHIOFDXbAHEjJFPrMwCAnuDNtvI5QhAiEAkdTvUCmEPaJG4QyI2gRRIbF1nh8Hjw9q15-kQY07mKU_&Key-Pair-Id=01KXEF4KZ1B6FV465MAWR4M21F

08/27 16:30:21 [[1;32mNOTICE[0m] CUID#21 - Redirecting to https://us.aws.cdn.hf.co/xet-bridge-us/6a83fdf1993fbb53ef83dbb1/c5e4bd4e5aead56c29af62fb4180f69b77a2f64cced4d117987bfbfb64860be4?response-content-disposition=inline%3B+filename*%3DUTF-8%27%27Ornith-1.5-35B-Q6_K.gguf%3B+filename%3D%22Ornith-1.5-35B-Q6_K.gguf%22%3B&X-Xet-Cas-Uid=public&user_id=public&Expires=1787823021&Policy=eyJTdGF0ZW1lbnQiOlt7IlJlc291cmNlIjoiaHR0cHM6Ly91cy5hd3MuY2RuLmhmLmNvL3hldC1icmlkZ2UtdXMvNmE4M2ZkZjE5OTNmYmI1M2VmODNkYmIxL2M1ZTRiZDRlNWFlYWQ1NmMyOWFmNjJmYjQxODBmNjliNzdhMmY2NGNjZWQ0ZDExNzk4N2JmYmZiNjQ4NjBiZTRcXD9yZXNwb25zZS1jb250ZW50LWRpc3Bvc2l0aW9uPWlubGluZSUzQitmaWxlbmFtZSUyQSUzRFVURi04JTI3JTI3T3JuaXRoLTEuNS0zNUItUTZfSy5nZ3VmJTNCK2ZpbGVuYW1lJTNEJTIyT3JuaXRoLTEuNS0zNUItUTZfSy5nZ3VmJTIyJTNCJlgtWGV0LUNhcy1VaWQ9cHVibGljJnVzZXJfaWQ9cHVibGljIiwiQ29uZGl0aW9uIjp7IkRhdGVMZXNzVGhhbiI6eyJFcG9jaFRpbWUiOjE3ODc4MjMwMjF9fX1dfQ__&Signature=MEYCIQDepZOajEwmxARU5Zna9JRri5Aq84SPtTeU-SeVTCHtyQIhAKKeWI3tUKEKGQq8u1l-0sTU8eXj2dFUpPELoiYH62H7&Key-Pair-Id=01KXEF4KZ1B6FV465MAWR4M21F

08/27 16:30:21 [[1;32mNOTICE[0m] CUID#17 - Redirecting to https://us.aws.cdn.hf.co/xet-bridge-us/6a83fdf1993fbb53ef83dbb1/c5e4bd4e5aead56c29af62fb4180f69b77a2f64cced4d117987bfbfb64860be4?user_id=public&X-Xet-Cas-Uid=public&response-content-disposition=inline%3B+filename*%3DUTF-8%27%27Ornith-1.5-35B-Q6_K.gguf%3B+filename%3D%22Ornith-1.5-35B-Q6_K.gguf%22%3B&Expires=1787823020&Policy=eyJTdGF0ZW1lbnQiOlt7IlJlc291cmNlIjoiaHR0cHM6Ly91cy5hd3MuY2RuLmhmLmNvL3hldC1icmlkZ2UtdXMvNmE4M2ZkZjE5OTNmYmI1M2VmODNkYmIxL2M1ZTRiZDRlNWFlYWQ1NmMyOWFmNjJmYjQxODBmNjliNzdhMmY2NGNjZWQ0ZDExNzk4N2JmYmZiNjQ4NjBiZTRcXD91c2VyX2lkPXB1YmxpYyZYLVhldC1DYXMtVWlkPXB1YmxpYyZyZXNwb25zZS1jb250ZW50LWRpc3Bvc2l0aW9uPWlubGluZSUzQitmaWxlbmFtZSUyQSUzRFVURi04JTI3JTI3T3JuaXRoLTEuNS0zNUItUTZfSy5nZ3VmJTNCK2ZpbGVuYW1lJTNEJTIyT3JuaXRoLTEuNS0zNUItUTZfSy5nZ3VmJTIyJTNCIiwiQ29uZGl0aW9uIjp7IkRhdGVMZXNzVGhhbiI6eyJFcG9jaFRpbWUiOjE3ODc4MjMwMjB9fX1dfQ__&Signature=MEUCIEawhmVophT1GQcHIOFDXbAHEjJFPrMwCAnuDNtvI5QhAiEAkdTvUCmEPaJG4QyI2gRRIbF1nh8Hjw9q15-kQY07mKU_&Key-Pair-Id=01KXEF4KZ1B6FV465MAWR4M21F

08/27 16:30:21 [[1;32mNOTICE[0m] CUID#16 - Redirecting to https://us.aws.cdn.hf.co/xet-bridge-us/6a83fdf1993fbb53ef83dbb1/c5e4bd4e5aead56c29af62fb4180f69b77a2f64cced4d117987bfbfb64860be4?response-content-disposition=inline%3B+filename*%3DUTF-8%27%27Ornith-1.5-35B-Q6_K.gguf%3B+filename%3D%22Ornith-1.5-35B-Q6_K.gguf%22%3B&X-Xet-Cas-Uid=public&user_id=public&Expires=1787823020&Policy=eyJTdGF0ZW1lbnQiOlt7IlJlc291cmNlIjoiaHR0cHM6Ly91cy5hd3MuY2RuLmhmLmNvL3hldC1icmlkZ2UtdXMvNmE4M2ZkZjE5OTNmYmI1M2VmODNkYmIxL2M1ZTRiZDRlNWFlYWQ1NmMyOWFmNjJmYjQxODBmNjliNzdhMmY2NGNjZWQ0ZDExNzk4N2JmYmZiNjQ4NjBiZTRcXD9yZXNwb25zZS1jb250ZW50LWRpc3Bvc2l0aW9uPWlubGluZSUzQitmaWxlbmFtZSUyQSUzRFVURi04JTI3JTI3T3JuaXRoLTEuNS0zNUItUTZfSy5nZ3VmJTNCK2ZpbGVuYW1lJTNEJTIyT3JuaXRoLTEuNS0zNUItUTZfSy5nZ3VmJTIyJTNCJlgtWGV0LUNhcy1VaWQ9cHVibGljJnVzZXJfaWQ9cHVibGljIiwiQ29uZGl0aW9uIjp7IkRhdGVMZXNzVGhhbiI6eyJFcG9jaFRpbWUiOjE3ODc4MjMwMjB9fX1dfQ__&Signature=MEQCIEsl9eOPLZ3LA8w4yyHe3WtYPKuq7OpKhv9-V26MozlqAiAOfqZx6q3eyzYnMLBH8nHproSHBensSg5lngXWwcTh4g__&Key-Pair-Id=01KXEF4KZ1B6FV465MAWR4M21F

08/27 16:30:21 [[1;32mNOTICE[0m] CUID#22 - Redirecting to https://us.aws.cdn.hf.co/xet-bridge-us/6a83fdf1993fbb53ef83dbb1/c5e4bd4e5aead56c29af62fb4180f69b77a2f64cced4d117987bfbfb64860be4?X-Xet-Cas-Uid=public&response-content-disposition=inline%3B+filename*%3DUTF-8%27%27Ornith-1.5-35B-Q6_K.gguf%3B+filename%3D%22Ornith-1.5-35B-Q6_K.gguf%22%3B&user_id=public&Expires=1787823020&Policy=eyJTdGF0ZW1lbnQiOlt7IlJlc291cmNlIjoiaHR0cHM6Ly91cy5hd3MuY2RuLmhmLmNvL3hldC1icmlkZ2UtdXMvNmE4M2ZkZjE5OTNmYmI1M2VmODNkYmIxL2M1ZTRiZDRlNWFlYWQ1NmMyOWFmNjJmYjQxODBmNjliNzdhMmY2NGNjZWQ0ZDExNzk4N2JmYmZiNjQ4NjBiZTRcXD9YLVhldC1DYXMtVWlkPXB1YmxpYyZyZXNwb25zZS1jb250ZW50LWRpc3Bvc2l0aW9uPWlubGluZSUzQitmaWxlbmFtZSUyQSUzRFVURi04JTI3JTI3T3JuaXRoLTEuNS0zNUItUTZfSy5nZ3VmJTNCK2ZpbGVuYW1lJTNEJTIyT3JuaXRoLTEuNS0zNUItUTZfSy5nZ3VmJTIyJTNCJnVzZXJfaWQ9cHVibGljIiwiQ29uZGl0aW9uIjp7IkRhdGVMZXNzVGhhbiI6eyJFcG9jaFRpbWUiOjE3ODc4MjMwMjB9fX1dfQ__&Signature=MEQCIC%7EnuLtWLOPDwS74L5BrXe%7EWNwciMAV1KJkOFNOPKn7HAiBxG05xP%7El6PRJ5sQspL5XrpIq0R%7E6Wf-72WbtJDAhsLw__&Key-Pair-Id=01KXEF4KZ1B6FV465MAWR4M21F

08/27 16:30:21 [[1;32mNOTICE[0m] CUID#23 - Redirecting to https://us.aws.cdn.hf.co/xet-bridge-us/6a83fdf1993fbb53ef83dbb1/c5e4bd4e5aead56c29af62fb4180f69b77a2f64cced4d117987bfbfb64860be4?X-Xet-Cas-Uid=public&response-content-disposition=inline%3B+filename*%3DUTF-8%27%27Ornith-1.5-35B-Q6_K.gguf%3B+filename%3D%22Ornith-1.5-35B-Q6_K.gguf%22%3B&user_id=public&Expires=1787823021&Policy=eyJTdGF0ZW1lbnQiOlt7IlJlc291cmNlIjoiaHR0cHM6Ly91cy5hd3MuY2RuLmhmLmNvL3hldC1icmlkZ2UtdXMvNmE4M2ZkZjE5OTNmYmI1M2VmODNkYmIxL2M1ZTRiZDRlNWFlYWQ1NmMyOWFmNjJmYjQxODBmNjliNzdhMmY2NGNjZWQ0ZDExNzk4N2JmYmZiNjQ4NjBiZTRcXD9YLVhldC1DYXMtVWlkPXB1YmxpYyZyZXNwb25zZS1jb250ZW50LWRpc3Bvc2l0aW9uPWlubGluZSUzQitmaWxlbmFtZSUyQSUzRFVURi04JTI3JTI3T3JuaXRoLTEuNS0zNUItUTZfSy5nZ3VmJTNCK2ZpbGVuYW1lJTNEJTIyT3JuaXRoLTEuNS0zNUItUTZfSy5nZ3VmJTIyJTNCJnVzZXJfaWQ9cHVibGljIiwiQ29uZGl0aW9uIjp7IkRhdGVMZXNzVGhhbiI6eyJFcG9jaFRpbWUiOjE3ODc4MjMwMjF9fX1dfQ__&Signature=MEYCIQC29DyCX7tMCK9HdINuTyBmHS30EgUtQB6un5Ezkj7ywgIhAPtqWe80s0C9FFEtusxqIl%7EdNI%7Ec2nMVWllgzVdohxZj&Key-Pair-Id=01KXEF4KZ1B6FV465MAWR4M21F

08/27 16:30:21 [[1;32mNOTICE[0m] CUID#18 - Redirecting to https://us.aws.cdn.hf.co/xet-bridge-us/6a83fdf1993fbb53ef83dbb1/c5e4bd4e5aead56c29af62fb4180f69b77a2f64cced4d117987bfbfb64860be4?response-content-disposition=inline%3B+filename*%3DUTF-8%27%27Ornith-1.5-35B-Q6_K.gguf%3B+filename%3D%22Ornith-1.5-35B-Q6_K.gguf%22%3B&X-Xet-Cas-Uid=public&user_id=public&Expires=1787823020&Policy=eyJTdGF0ZW1lbnQiOlt7IlJlc291cmNlIjoiaHR0cHM6Ly91cy5hd3MuY2RuLmhmLmNvL3hldC1icmlkZ2UtdXMvNmE4M2ZkZjE5OTNmYmI1M2VmODNkYmIxL2M1ZTRiZDRlNWFlYWQ1NmMyOWFmNjJmYjQxODBmNjliNzdhMmY2NGNjZWQ0ZDExNzk4N2JmYmZiNjQ4NjBiZTRcXD9yZXNwb25zZS1jb250ZW50LWRpc3Bvc2l0aW9uPWlubGluZSUzQitmaWxlbmFtZSUyQSUzRFVURi04JTI3JTI3T3JuaXRoLTEuNS0zNUItUTZfSy5nZ3VmJTNCK2ZpbGVuYW1lJTNEJTIyT3JuaXRoLTEuNS0zNUItUTZfSy5nZ3VmJTIyJTNCJlgtWGV0LUNhcy1VaWQ9cHVibGljJnVzZXJfaWQ9cHVibGljIiwiQ29uZGl0aW9uIjp7IkRhdGVMZXNzVGhhbiI6eyJFcG9jaFRpbWUiOjE3ODc4MjMwMjB9fX1dfQ__&Signature=MEQCIEsl9eOPLZ3LA8w4yyHe3WtYPKuq7OpKhv9-V26MozlqAiAOfqZx6q3eyzYnMLBH8nHproSHBensSg5lngXWwcTh4g__&Key-Pair-Id=01KXEF4KZ1B6FV465MAWR4M21F

08/27 16:30:22 [[1;32mNOTICE[0m] CUID#12 - Redirecting to https://us.aws.cdn.hf.co/xet-bridge-us/6a83fdf1993fbb53ef83dbb1/c5e4bd4e5aead56c29af62fb4180f69b77a2f64cced4d117987bfbfb64860be4?user_id=public&X-Xet-Cas-Uid=public&response-content-disposition=inline%3B+filename*%3DUTF-8%27%27Ornith-1.5-35B-Q6_K.gguf%3B+filename%3D%22Ornith-1.5-35B-Q6_K.gguf%22%3B&Expires=1787823020&Policy=eyJTdGF0ZW1lbnQiOlt7IlJlc291cmNlIjoiaHR0cHM6Ly91cy5hd3MuY2RuLmhmLmNvL3hldC1icmlkZ2UtdXMvNmE4M2ZkZjE5OTNmYmI1M2VmODNkYmIxL2M1ZTRiZDRlNWFlYWQ1NmMyOWFmNjJmYjQxODBmNjliNzdhMmY2NGNjZWQ0ZDExNzk4N2JmYmZiNjQ4NjBiZTRcXD91c2VyX2lkPXB1YmxpYyZYLVhldC1DYXMtVWlkPXB1YmxpYyZyZXNwb25zZS1jb250ZW50LWRpc3Bvc2l0aW9uPWlubGluZSUzQitmaWxlbmFtZSUyQSUzRFVURi04JTI3JTI3T3JuaXRoLTEuNS0zNUItUTZfSy5nZ3VmJTNCK2ZpbGVuYW1lJTNEJTIyT3JuaXRoLTEuNS0zNUItUTZfSy5nZ3VmJTIyJTNCIiwiQ29uZGl0aW9uIjp7IkRhdGVMZXNzVGhhbiI6eyJFcG9jaFRpbWUiOjE3ODc4MjMwMjB9fX1dfQ__&Signature=MEUCIEawhmVophT1GQcHIOFDXbAHEjJFPrMwCAnuDNtvI5QhAiEAkdTvUCmEPaJG4QyI2gRRIbF1nh8Hjw9q15-kQY07mKU_&Key-Pair-Id=01KXEF4KZ1B6FV465MAWR4M21F

08/27 16:30:22 [[1;32mNOTICE[0m] CUID#13 - Redirecting to https://us.aws.cdn.hf.co/xet-bridge-us/6a83fdf1993fbb53ef83dbb1/c5e4bd4e5aead56c29af62fb4180f69b77a2f64cced4d117987bfbfb64860be4?X-Xet-Cas-Uid=public&response-content-disposition=inline%3B+filename*%3DUTF-8%27%27Ornith-1.5-35B-Q6_K.gguf%3B+filename%3D%22Ornith-1.5-35B-Q6_K.gguf%22%3B&user_id=public&Expires=1787823020&Policy=eyJTdGF0ZW1lbnQiOlt7IlJlc291cmNlIjoiaHR0cHM6Ly91cy5hd3MuY2RuLmhmLmNvL3hldC1icmlkZ2UtdXMvNmE4M2ZkZjE5OTNmYmI1M2VmODNkYmIxL2M1ZTRiZDRlNWFlYWQ1NmMyOWFmNjJmYjQxODBmNjliNzdhMmY2NGNjZWQ0ZDExNzk4N2JmYmZiNjQ4NjBiZTRcXD9YLVhldC1DYXMtVWlkPXB1YmxpYyZyZXNwb25zZS1jb250ZW50LWRpc3Bvc2l0aW9uPWlubGluZSUzQitmaWxlbmFtZSUyQSUzRFVURi04JTI3JTI3T3JuaXRoLTEuNS0zNUItUTZfSy5nZ3VmJTNCK2ZpbGVuYW1lJTNEJTIyT3JuaXRoLTEuNS0zNUItUTZfSy5nZ3VmJTIyJTNCJnVzZXJfaWQ9cHVibGljIiwiQ29uZGl0aW9uIjp7IkRhdGVMZXNzVGhhbiI6eyJFcG9jaFRpbWUiOjE3ODc4MjMwMjB9fX1dfQ__&Signature=MEQCIC%7EnuLtWLOPDwS74L5BrXe%7EWNwciMAV1KJkOFNOPKn7HAiBxG05xP%7El6PRJ5sQspL5XrpIq0R%7E6Wf-72WbtJDAhsLw__&Key-Pair-Id=01KXEF4KZ1B6FV465MAWR4M21F
[#8b2ec5 2.0MiB/27GiB(0%) CN:16 DL:1.0MiB ETA:7h20m46s]

08/27 16:30:22 [[1;32mNOTICE[0m] CUID#15 - Redirecting to https://us.aws.cdn.hf.co/xet-bridge-us/6a83fdf1993fbb53ef83dbb1/c5e4bd4e5aead56c29af62fb4180f69b77a2f64cced4d117987bfbfb64860be4?response-content-disposition=inline%3B+filename*%3DUTF-8%27%27Ornith-1.5-35B-Q6_K.gguf%3B+filename%3D%22Ornith-1.5-35B-Q6_K.gguf%22%3B&user_id=public&X-Xet-Cas-Uid=public&Expires=1787823021&Policy=eyJTdGF0ZW1lbnQiOlt7IlJlc291cmNlIjoiaHR0cHM6Ly91cy5hd3MuY2RuLmhmLmNvL3hldC1icmlkZ2UtdXMvNmE4M2ZkZjE5OTNmYmI1M2VmODNkYmIxL2M1ZTRiZDRlNWFlYWQ1NmMyOWFmNjJmYjQxODBmNjliNzdhMmY2NGNjZWQ0ZDExNzk4N2JmYmZiNjQ4NjBiZTRcXD9yZXNwb25zZS1jb250ZW50LWRpc3Bvc2l0aW9uPWlubGluZSUzQitmaWxlbmFtZSUyQSUzRFVURi04JTI3JTI3T3JuaXRoLTEuNS0zNUItUTZfSy5nZ3VmJTNCK2ZpbGVuYW1lJTNEJTIyT3JuaXRoLTEuNS0zNUItUTZfSy5nZ3VmJTIyJTNCJnVzZXJfaWQ9cHVibGljJlgtWGV0LUNhcy1VaWQ9cHVibGljIiwiQ29uZGl0aW9uIjp7IkRhdGVMZXNzVGhhbiI6eyJFcG9jaFRpbWUiOjE3ODc4MjMwMjF9fX1dfQ__&Signature=MEQCIC1P-WzFfkWBCLQtx1shuvy4qpv%7ERN2-AiTnWIB4z4NhAiA0tU4r6XFKsA8uAhocmhfZUpT4bJeEwjuj979%7EzWEIzw__&Key-Pair-Id=01KXEF4KZ1B6FV465MAWR4M21F
[#8b2ec5 2.6MiB/27GiB(0%) CN:16 DL:900KiB ETA:8h47m51s]

08/27 16:30:23 [[1;32mNOTICE[0m] CUID#14 - Redirecting to https://us.aws.cdn.hf.co/xet-bridge-us/6a83fdf1993fbb53ef83dbb1/c5e4bd4e5aead56c29af62fb4180f69b77a2f64cced4d117987bfbfb64860be4?response-content-disposition=inline%3B+filename*%3DUTF-8%27%27Ornith-1.5-35B-Q6_K.gguf%3B+filename%3D%22Ornith-1.5-35B-Q6_K.gguf%22%3B&user_id=public&X-Xet-Cas-Uid=public&Expires=1787823022&Policy=eyJTdGF0ZW1lbnQiOlt7IlJlc291cmNlIjoiaHR0cHM6Ly91cy5hd3MuY2RuLmhmLmNvL3hldC1icmlkZ2UtdXMvNmE4M2ZkZjE5OTNmYmI1M2VmODNkYmIxL2M1ZTRiZDRlNWFlYWQ1NmMyOWFmNjJmYjQxODBmNjliNzdhMmY2NGNjZWQ0ZDExNzk4N2JmYmZiNjQ4NjBiZTRcXD9yZXNwb25zZS1jb250ZW50LWRpc3Bvc2l0aW9uPWlubGluZSUzQitmaWxlbmFtZSUyQSUzRFVURi04JTI3JTI3T3JuaXRoLTEuNS0zNUItUTZfSy5nZ3VmJTNCK2ZpbGVuYW1lJTNEJTIyT3JuaXRoLTEuNS0zNUItUTZfSy5nZ3VmJTIyJTNCJnVzZXJfaWQ9cHVibGljJlgtWGV0LUNhcy1VaWQ9cHVibGljIiwiQ29uZGl0aW9uIjp7IkRhdGVMZXNzVGhhbiI6eyJFcG9jaFRpbWUiOjE3ODc4MjMwMjJ9fX1dfQ__&Signature=MEUCIQCvvQITpL4P6YEu-3Qrc03YjH%7En9gAsyYzQOApRe0cOgQIgOrpODhZW4O4uxPFv59l0YapOEolS%7EXOjHhfEnGfGmi0_&Key-Pair-Id=01KXEF4KZ1B6FV465MAWR4M21F
[#8b2ec5 3.4MiB/27GiB(0%) CN:16 DL:885KiB ETA:8h56m35s]

08/27 16:30:24 [[1;32mNOTICE[0m] CUID#9 - Redirecting to https://us.aws.cdn.hf.co/xet-bridge-us/6a83fdf1993fbb53ef83dbb1/c5e4bd4e5aead56c29af62fb4180f69b77a2f64cced4d117987bfbfb64860be4?response-content-disposition=inline%3B+filename*%3DUTF-8%27%27Ornith-1.5-35B-Q6_K.gguf%3B+filename%3D%22Ornith-1.5-35B-Q6_K.gguf%22%3B&user_id=public&X-Xet-Cas-Uid=public&Expires=1787823020&Policy=eyJTdGF0ZW1lbnQiOlt7IlJlc291cmNlIjoiaHR0cHM6Ly91cy5hd3MuY2RuLmhmLmNvL3hldC1icmlkZ2UtdXMvNmE4M2ZkZjE5OTNmYmI1M2VmODNkYmIxL2M1ZTRiZDRlNWFlYWQ1NmMyOWFmNjJmYjQxODBmNjliNzdhMmY2NGNjZWQ0ZDExNzk4N2JmYmZiNjQ4NjBiZTRcXD9yZXNwb25zZS1jb250ZW50LWRpc3Bvc2l0aW9uPWlubGluZSUzQitmaWxlbmFtZSUyQSUzRFVURi04JTI3JTI3T3JuaXRoLTEuNS0zNUItUTZfSy5nZ3VmJTNCK2ZpbGVuYW1lJTNEJTIyT3JuaXRoLTEuNS0zNUItUTZfSy5nZ3VmJTIyJTNCJnVzZXJfaWQ9cHVibGljJlgtWGV0LUNhcy1VaWQ9cHVibGljIiwiQ29uZGl0aW9uIjp7IkRhdGVMZXNzVGhhbiI6eyJFcG9jaFRpbWUiOjE3ODc4MjMwMjB9fX1dfQ__&Signature=MEYCIQDUmNF-nazTtDvnKRE6fD7vISIFxjl3s60YYvgIjFvKMwIhAM4IlGTRlswgo-t-3E0PKiDBVUENylM06GfjlOhTt%7EI4&Key-Pair-Id=01KXEF4KZ1B6FV465MAWR4M21F
[#8b2ec5 5.2MiB/27GiB(0%) CN:16 DL:1.0MiB ETA:7h20m56s]
[#8b2ec5 11MiB/27GiB(0%) CN:16 DL:1.8MiB ETA:4h7m56s]
[#8b2ec5 17MiB/27GiB(0%) CN:16 DL:2.4MiB ETA:3h7m17s]
[#8b2ec5 33MiB/27GiB(0%) CN:16 DL:4.1MiB ETA:1h51m44s]
[#8b2ec5 49MiB/27GiB(0%) CN:16 DL:5.3MiB ETA:1h25m54s]
[#8b2ec5 75MiB/27GiB(0%) CN:16 DL:8.1MiB ETA:56m43s]
[#8b2ec5 93MiB/27GiB(0%) CN:16 DL:10MiB ETA:44m54s]
[#8b2ec5 109MiB/27GiB(0%) CN:16 DL:10MiB ETA:42m50s]
[#8b2ec5 127MiB/27GiB(0%) CN:16 DL:12MiB ETA:36m59s]
[#8b2ec5 145MiB/27GiB(0%) CN:16 DL:14MiB ETA:32m27s]
[#8b2ec5 168MiB/27GiB(0%) CN:16 DL:16MiB ETA:28m30s]
[#8b2ec5 185MiB/27GiB(0%) CN:16 DL:17MiB ETA:27m]
 *** Download Progress Summary as of Thu Aug 27 16:30:37 2026 *** 
===============================================================================
[#8b2ec5 201MiB/27GiB(0%) CN:16 DL:18MiB ETA:25m32s]
FILE: /Users/wilsonxu/Models/ornith-256k/llamacpp/models/Ornith-1.5-35B-Q6_K.gguf
-------------------------------------------------------------------------------

[#8b2ec5 201MiB/27GiB(0%) CN:16 DL:18MiB ETA:25m32s]
[#8b2ec5 216MiB/27GiB(0%) CN:16 DL:17MiB ETA:25m48s]
[#8b2ec5 231MiB/27GiB(0%) CN:16 DL:17MiB ETA:26m13s]
[#8b2ec5 248MiB/27GiB(0%) CN:16 DL:17MiB ETA:26m53s]
[#8b2ec5 262MiB/27GiB(0%) CN:16 DL:16MiB ETA:27m55s]
[#8b2ec5 279MiB/27GiB(1%) CN:16 DL:16MiB ETA:27m44s]
[#8b2ec5 290MiB/27GiB(1%) CN:16 DL:15MiB ETA:29m39s]
[#8b2ec5 307MiB/27GiB(1%) CN:16 DL:15MiB ETA:29m26s]
[#8b2ec5 322MiB/27GiB(1%) CN:16 DL:14MiB ETA:30m40s]
[#8b2ec5 340MiB/27GiB(1%) CN:16 DL:14MiB ETA:30m50s]
[#8b2ec5 353MiB/27GiB(1%) CN:16 DL:14MiB ETA:31m12s]
[#8b2ec5 365MiB/27GiB(1%) CN:16 DL:13MiB ETA:32m51s]
[#8b2ec5 385MiB/27GiB(1%) CN:16 DL:14MiB ETA:32m7s]
[#8b2ec5 398MiB/27GiB(1%) CN:16 DL:14MiB ETA:32m12s]
[#8b2ec5 411MiB/27GiB(1%) CN:16 DL:14MiB ETA:32m34s]
[#8b2ec5 425MiB/27GiB(1%) CN:16 DL:14MiB ETA:32m4s]
[#8b2ec5 437MiB/27GiB(1%) CN:16 DL:13MiB ETA:33m9s]
[#8b2ec5 453MiB/27GiB(1%) CN:16 DL:13MiB ETA:33m16s]
[#8b2ec5 465MiB/27GiB(1%) CN:16 DL:13MiB ETA:34m31s]
[#8b2ec5 478MiB/27GiB(1%) CN:16 DL:13MiB ETA:34m34s]
[#8b2ec5 489MiB/27GiB(1%) CN:16 DL:12MiB ETA:35m25s]

08/27 16:30:58 [[1;31mERROR[0m] CUID#16 - Download aborted. URI=https://huggingface.co/ornith-ai/Ornith-1.5-35B-A3B-GGUF/resolve/main/Ornith-1.5-35B-Q6_K.gguf
Exception: [AbstractCommand.cc:351] errorCode=1 URI=https://huggingface.co/ornith-ai/Ornith-1.5-35B-A3B-GGUF/resolve/main/Ornith-1.5-35B-Q6_K.gguf
  -> [SocketCore.cc:1022] errorCode=1 SSL/TLS handshake failure: Connection aborted

08/27 16:30:58 [[1;31mERROR[0m] CUID#10 - Download aborted. URI=https://huggingface.co/ornith-ai/Ornith-1.5-35B-A3B-GGUF/resolve/main/Ornith-1.5-35B-Q6_K.gguf
Exception: [AbstractCommand.cc:351] errorCode=1 URI=https://huggingface.co/ornith-ai/Ornith-1.5-35B-A3B-GGUF/resolve/main/Ornith-1.5-35B-Q6_K.gguf
  -> [SocketCore.cc:1022] errorCode=1 SSL/TLS handshake failure: Connection aborted

08/27 16:30:58 [[1;31mERROR[0m] CUID#11 - Download aborted. URI=https://huggingface.co/ornith-ai/Ornith-1.5-35B-A3B-GGUF/resolve/main/Ornith-1.5-35B-Q6_K.gguf
Exception: [AbstractCommand.cc:351] errorCode=1 URI=https://huggingface.co/ornith-ai/Ornith-1.5-35B-A3B-GGUF/resolve/main/Ornith-1.5-35B-Q6_K.gguf
  -> [SocketCore.cc:1022] errorCode=1 SSL/TLS handshake failure: Connection aborted
[#8b2ec5 492MiB/27GiB(1%) CN:13 DL:11MiB ETA:39m17s]

08/27 16:31:00 [[1;32mNOTICE[0m] CUID#23 - Redirecting to https://us.aws.cdn.hf.co/xet-bridge-us/6a83fdf1993fbb53ef83dbb1/c5e4bd4e5aead56c29af62fb4180f69b77a2f64cced4d117987bfbfb64860be4?response-content-disposition=inline%3B+filename*%3DUTF-8%27%27Ornith-1.5-35B-Q6_K.gguf%3B+filename%3D%22Ornith-1.5-35B-Q6_K.gguf%22%3B&X-Xet-Cas-Uid=public&user_id=public&Expires=1787823060&Policy=eyJTdGF0ZW1lbnQiOlt7IlJlc291cmNlIjoiaHR0cHM6Ly91cy5hd3MuY2RuLmhmLmNvL3hldC1icmlkZ2UtdXMvNmE4M2ZkZjE5OTNmYmI1M2VmODNkYmIxL2M1ZTRiZDRlNWFlYWQ1NmMyOWFmNjJmYjQxODBmNjliNzdhMmY2NGNjZWQ0ZDExNzk4N2JmYmZiNjQ4NjBiZTRcXD9yZXNwb25zZS1jb250ZW50LWRpc3Bvc2l0aW9uPWlubGluZSUzQitmaWxlbmFtZSUyQSUzRFVURi04JTI3JTI3T3JuaXRoLTEuNS0zNUItUTZfSy5nZ3VmJTNCK2ZpbGVuYW1lJTNEJTIyT3JuaXRoLTEuNS0zNUItUTZfSy5nZ3VmJTIyJTNCJlgtWGV0LUNhcy1VaWQ9cHVibGljJnVzZXJfaWQ9cHVibGljIiwiQ29uZGl0aW9uIjp7IkRhdGVMZXNzVGhhbiI6eyJFcG9jaFRpbWUiOjE3ODc4MjMwNjB9fX1dfQ__&Signature=MEYCIQCITzjYtyNoYahRFtDsbEGabe9jcji2dPpTPR3YxznusAIhALciGnAg6Kwdjr3tGeghqMzNzma7mRWzRRha60dlXASw&Key-Pair-Id=01KXEF4KZ1B6FV465MAWR4M21F
[#8b2ec5 494MiB/27GiB(1%) CN:13 DL:10MiB ETA:44m24s]

08/27 16:31:01 [[1;32mNOTICE[0m] CUID#20 - Redirecting to https://us.aws.cdn.hf.co/xet-bridge-us/6a83fdf1993fbb53ef83dbb1/c5e4bd4e5aead56c29af62fb4180f69b77a2f64cced4d117987bfbfb64860be4?X-Xet-Cas-Uid=public&user_id=public&response-content-disposition=inline%3B+filename*%3DUTF-8%27%27Ornith-1.5-35B-Q6_K.gguf%3B+filename%3D%22Ornith-1.5-35B-Q6_K.gguf%22%3B&Expires=1787823060&Policy=eyJTdGF0ZW1lbnQiOlt7IlJlc291cmNlIjoiaHR0cHM6Ly91cy5hd3MuY2RuLmhmLmNvL3hldC1icmlkZ2UtdXMvNmE4M2ZkZjE5OTNmYmI1M2VmODNkYmIxL2M1ZTRiZDRlNWFlYWQ1NmMyOWFmNjJmYjQxODBmNjliNzdhMmY2NGNjZWQ0ZDExNzk4N2JmYmZiNjQ4NjBiZTRcXD9YLVhldC1DYXMtVWlkPXB1YmxpYyZ1c2VyX2lkPXB1YmxpYyZyZXNwb25zZS1jb250ZW50LWRpc3Bvc2l0aW9uPWlubGluZSUzQitmaWxlbmFtZSUyQSUzRFVURi04JTI3JTI3T3JuaXRoLTEuNS0zNUItUTZfSy5nZ3VmJTNCK2ZpbGVuYW1lJTNEJTIyT3JuaXRoLTEuNS0zNUItUTZfSy5nZ3VmJTIyJTNCIiwiQ29uZGl0aW9uIjp7IkRhdGVMZXNzVGhhbiI6eyJFcG9jaFRpbWUiOjE3ODc4MjMwNjB9fX1dfQ__&Signature=MEUCIA7RQ3SRxQy%7EeC%7Edk3evzqOiypRfpMdNDhmR1ZkOEG9-AiEAmarTPqpEnO9HuUhYLqcBnSbaE61k2JJ80973iAjqjTM_&Key-Pair-Id=01KXEF4KZ1B6FV465MAWR4M21F
[#8b2ec5 495MiB/27GiB(1%) CN:13 DL:8.8MiB ETA:51m42s]

08/27 16:31:01 [[1;32mNOTICE[0m] CUID#19 - Redirecting to https://us.aws.cdn.hf.co/xet-bridge-us/6a83fdf1993fbb53ef83dbb1/c5e4bd4e5aead56c29af62fb4180f69b77a2f64cced4d117987bfbfb64860be4?X-Xet-Cas-Uid=public&response-content-disposition=inline%3B+filename*%3DUTF-8%27%27Ornith-1.5-35B-Q6_K.gguf%3B+filename%3D%22Ornith-1.5-35B-Q6_K.gguf%22%3B&user_id=public&Expires=1787823061&Policy=eyJTdGF0ZW1lbnQiOlt7IlJlc291cmNlIjoiaHR0cHM6Ly91cy5hd3MuY2RuLmhmLmNvL3hldC1icmlkZ2UtdXMvNmE4M2ZkZjE5OTNmYmI1M2VmODNkYmIxL2M1ZTRiZDRlNWFlYWQ1NmMyOWFmNjJmYjQxODBmNjliNzdhMmY2NGNjZWQ0ZDExNzk4N2JmYmZiNjQ4NjBiZTRcXD9YLVhldC1DYXMtVWlkPXB1YmxpYyZyZXNwb25zZS1jb250ZW50LWRpc3Bvc2l0aW9uPWlubGluZSUzQitmaWxlbmFtZSUyQSUzRFVURi04JTI3JTI3T3JuaXRoLTEuNS0zNUItUTZfSy5nZ3VmJTNCK2ZpbGVuYW1lJTNEJTIyT3JuaXRoLTEuNS0zNUItUTZfSy5nZ3VmJTIyJTNCJnVzZXJfaWQ9cHVibGljIiwiQ29uZGl0aW9uIjp7IkRhdGVMZXNzVGhhbiI6eyJFcG9jaFRpbWUiOjE3ODc4MjMwNjF9fX1dfQ__&Signature=MEUCIGp5FbCcSMtSVpa%7EzEXBAZpoCHQ%7EELZyc%7EacwWZLOSgpAiEAsPiQgGp2I7sv1SHyFmivrrE6uEW0L2uRC%7EY-xn%7EQD%7EA_&Key-Pair-Id=01KXEF4KZ1B6FV465MAWR4M21F

08/27 16:31:02 [[1;32mNOTICE[0m] CUID#14 - Redirecting to https://us.aws.cdn.hf.co/xet-bridge-us/6a83fdf1993fbb53ef83dbb1/c5e4bd4e5aead56c29af62fb4180f69b77a2f64cced4d117987bfbfb64860be4?user_id=public&X-Xet-Cas-Uid=public&response-content-disposition=inline%3B+filename*%3DUTF-8%27%27Ornith-1.5-35B-Q6_K.gguf%3B+filename%3D%22Ornith-1.5-35B-Q6_K.gguf%22%3B&Expires=1787823061&Policy=eyJTdGF0ZW1lbnQiOlt7IlJlc291cmNlIjoiaHR0cHM6Ly91cy5hd3MuY2RuLmhmLmNvL3hldC1icmlkZ2UtdXMvNmE4M2ZkZjE5OTNmYmI1M2VmODNkYmIxL2M1ZTRiZDRlNWFlYWQ1NmMyOWFmNjJmYjQxODBmNjliNzdhMmY2NGNjZWQ0ZDExNzk4N2JmYmZiNjQ4NjBiZTRcXD91c2VyX2lkPXB1YmxpYyZYLVhldC1DYXMtVWlkPXB1YmxpYyZyZXNwb25zZS1jb250ZW50LWRpc3Bvc2l0aW9uPWlubGluZSUzQitmaWxlbmFtZSUyQSUzRFVURi04JTI3JTI3T3JuaXRoLTEuNS0zNUItUTZfSy5nZ3VmJTNCK2ZpbGVuYW1lJTNEJTIyT3JuaXRoLTEuNS0zNUItUTZfSy5nZ3VmJTIyJTNCIiwiQ29uZGl0aW9uIjp7IkRhdGVMZXNzVGhhbiI6eyJFcG9jaFRpbWUiOjE3ODc4MjMwNjF9fX1dfQ__&Signature=MEQCIAP1KX03OdnGJ5W-xSpDbw3Mid1-dB6o8-Z%7Ej8TyQpLGAiBZJze9m9S0wg0M9qF14NUdrIaxH8OPx0YpITIRYfnHMA__&Key-Pair-Id=01KXEF4KZ1B6FV465MAWR4M21F
[#8b2ec5 496MiB/27GiB(1%) CN:13 DL:7.6MiB ETA:59m17s]
[#8b2ec5 498MiB/27GiB(1%) CN:13 DL:6.5MiB ETA:1h9m54s]
[#8b2ec5 500MiB/27GiB(1%) CN:13 DL:5.4MiB ETA:1h23m2s]
[#8b2ec5 502MiB/27GiB(1%) CN:13 DL:4.0MiB ETA:1h52m53s]

08/27 16:31:05 [[1;32mNOTICE[0m] CUID#22 - Redirecting to https://us.aws.cdn.hf.co/xet-bridge-us/6a83fdf1993fbb53ef83dbb1/c5e4bd4e5aead56c29af62fb4180f69b77a2f64cced4d117987bfbfb64860be4?X-Xet-Cas-Uid=public&response-content-disposition=inline%3B+filename*%3DUTF-8%27%27Ornith-1.5-35B-Q6_K.gguf%3B+filename%3D%22Ornith-1.5-35B-Q6_K.gguf%22%3B&user_id=public&Expires=1787823065&Policy=eyJTdGF0ZW1lbnQiOlt7IlJlc291cmNlIjoiaHR0cHM6Ly91cy5hd3MuY2RuLmhmLmNvL3hldC1icmlkZ2UtdXMvNmE4M2ZkZjE5OTNmYmI1M2VmODNkYmIxL2M1ZTRiZDRlNWFlYWQ1NmMyOWFmNjJmYjQxODBmNjliNzdhMmY2NGNjZWQ0ZDExNzk4N2JmYmZiNjQ4NjBiZTRcXD9YLVhldC1DYXMtVWlkPXB1YmxpYyZyZXNwb25zZS1jb250ZW50LWRpc3Bvc2l0aW9uPWlubGluZSUzQitmaWxlbmFtZSUyQSUzRFVURi04JTI3JTI3T3JuaXRoLTEuNS0zNUItUTZfSy5nZ3VmJTNCK2ZpbGVuYW1lJTNEJTIyT3JuaXRoLTEuNS0zNUItUTZfSy5nZ3VmJTIyJTNCJnVzZXJfaWQ9cHVibGljIiwiQ29uZGl0aW9uIjp7IkRhdGVMZXNzVGhhbiI6eyJFcG9jaFRpbWUiOjE3ODc4MjMwNjV9fX1dfQ__&Signature=MEMCHworxf3nph0REG%7Ezr%7E4V6Yzue%7E1%7E29P9W4Qrmp1BMj0CIAJScH6bzhP9Lz0sZ-OGcnplNSxD86DOUdkYvUFXD3eW&Key-Pair-Id=01KXEF4KZ1B6FV465MAWR4M21F
[#8b2ec5 505MiB/27GiB(1%) CN:13 DL:3.2MiB ETA:2h21m12s]
[#8b2ec5 510MiB/27GiB(1%) CN:13 DL:2.3MiB ETA:3h12m19s]

08/27 16:31:08 [[1;32mNOTICE[0m] CUID#7 - Redirecting to https://us.aws.cdn.hf.co/xet-bridge-us/6a83fdf1993fbb53ef83dbb1/c5e4bd4e5aead56c29af62fb4180f69b77a2f64cced4d117987bfbfb64860be4?X-Xet-Cas-Uid=public&response-content-disposition=inline%3B+filename*%3DUTF-8%27%27Ornith-1.5-35B-Q6_K.gguf%3B+filename%3D%22Ornith-1.5-35B-Q6_K.gguf%22%3B&user_id=public&Expires=1787823068&Policy=eyJTdGF0ZW1lbnQiOlt7IlJlc291cmNlIjoiaHR0cHM6Ly91cy5hd3MuY2RuLmhmLmNvL3hldC1icmlkZ2UtdXMvNmE4M2ZkZjE5OTNmYmI1M2VmODNkYmIxL2M1ZTRiZDRlNWFlYWQ1NmMyOWFmNjJmYjQxODBmNjliNzdhMmY2NGNjZWQ0ZDExNzk4N2JmYmZiNjQ4NjBiZTRcXD9YLVhldC1DYXMtVWlkPXB1YmxpYyZyZXNwb25zZS1jb250ZW50LWRpc3Bvc2l0aW9uPWlubGluZSUzQitmaWxlbmFtZSUyQSUzRFVURi04JTI3JTI3T3JuaXRoLTEuNS0zNUItUTZfSy5nZ3VmJTNCK2ZpbGVuYW1lJTNEJTIyT3JuaXRoLTEuNS0zNUItUTZfSy5nZ3VmJTIyJTNCJnVzZXJfaWQ9cHVibGljIiwiQ29uZGl0aW9uIjp7IkRhdGVMZXNzVGhhbiI6eyJFcG9jaFRpbWUiOjE3ODc4MjMwNjh9fX1dfQ__&Signature=MEQCIBeML8X9ObOWvJPJS4zRTgYXIUv70o0102fcaNY4s3cAAiB7nzocf5fuhoARRdTJeWqIwuz-cTyWVm3h7vtavBAXUA__&Key-Pair-Id=01KXEF4KZ1B6FV465MAWR4M21F
[#8b2ec5 517MiB/27GiB(1%) CN:13 DL:2.5MiB ETA:2h59m1s]
[#8b2ec5 521MiB/27GiB(1%) CN:13 DL:2.8MiB ETA:2h38m35s]
[#8b2ec5 529MiB/27GiB(1%) CN:13 DL:3.5MiB ETA:2h9m58s]
[#8b2ec5 536MiB/27GiB(1%) CN:13 DL:4.0MiB ETA:1h52m45s]
[#8b2ec5 544MiB/27GiB(1%) CN:13 DL:4.7MiB ETA:1h35m17s]
[#8b2ec5 555MiB/27GiB(1%) CN:13 DL:5.7MiB ETA:1h19m20s]
[#8b2ec5 564MiB/27GiB(2%) CN:13 DL:6.4MiB ETA:1h10m43s]

08/27 16:31:15 [[1;32mNOTICE[0m] CUID#9 - Redirecting to https://us.aws.cdn.hf.co/xet-bridge-us/6a83fdf1993fbb53ef83dbb1/c5e4bd4e5aead56c29af62fb4180f69b77a2f64cced4d117987bfbfb64860be4?response-content-disposition=inline%3B+filename*%3DUTF-8%27%27Ornith-1.5-35B-Q6_K.gguf%3B+filename%3D%22Ornith-1.5-35B-Q6_K.gguf%22%3B&user_id=public&X-Xet-Cas-Uid=public&Expires=1787823075&Policy=eyJTdGF0ZW1lbnQiOlt7IlJlc291cmNlIjoiaHR0cHM6Ly91cy5hd3MuY2RuLmhmLmNvL3hldC1icmlkZ2UtdXMvNmE4M2ZkZjE5OTNmYmI1M2VmODNkYmIxL2M1ZTRiZDRlNWFlYWQ1NmMyOWFmNjJmYjQxODBmNjliNzdhMmY2NGNjZWQ0ZDExNzk4N2JmYmZiNjQ4NjBiZTRcXD9yZXNwb25zZS1jb250ZW50LWRpc3Bvc2l0aW9uPWlubGluZSUzQitmaWxlbmFtZSUyQSUzRFVURi04JTI3JTI3T3JuaXRoLTEuNS0zNUItUTZfSy5nZ3VmJTNCK2ZpbGVuYW1lJTNEJTIyT3JuaXRoLTEuNS0zNUItUTZfSy5nZ3VmJTIyJTNCJnVzZXJfaWQ9cHVibGljJlgtWGV0LUNhcy1VaWQ9cHVibGljIiwiQ29uZGl0aW9uIjp7IkRhdGVMZXNzVGhhbiI6eyJFcG9jaFRpbWUiOjE3ODc4MjMwNzV9fX1dfQ__&Signature=MEQCICSrmmeeC58biWU99f8GlhLuY0Gu3ojYmjly6YkSfMtBAiB6A68Vgd5QfiQKpWw5-hTi3usjPKPZTCMQ6HtDcsc%7E3g__&Key-Pair-Id=01KXEF4KZ1B6FV465MAWR4M21F
[#8b2ec5 572MiB/27GiB(2%) CN:13 DL:7.0MiB ETA:1h4m15s]
[#8b2ec5 581MiB/27GiB(2%) CN:13 DL:7.4MiB ETA:1h43s]
[#8b2ec5 590MiB/27GiB(2%) CN:13 DL:7.5MiB ETA:1h20s]
[#8b2ec5 597MiB/27GiB(2%) CN:13 DL:7.9MiB ETA:57m17s]

08/27 16:31:20 [[1;32mNOTICE[0m] CUID#17 - Redirecting to https://us.aws.cdn.hf.co/xet-bridge-us/6a83fdf1993fbb53ef83dbb1/c5e4bd4e5aead56c29af62fb4180f69b77a2f64cced4d117987bfbfb64860be4?response-content-disposition=inline%3B+filename*%3DUTF-8%27%27Ornith-1.5-35B-Q6_K.gguf%3B+filename%3D%22Ornith-1.5-35B-Q6_K.gguf%22%3B&user_id=public&X-Xet-Cas-Uid=public&Expires=1787823079&Policy=eyJTdGF0ZW1lbnQiOlt7IlJlc291cmNlIjoiaHR0cHM6Ly91cy5hd3MuY2RuLmhmLmNvL3hldC1icmlkZ2UtdXMvNmE4M2ZkZjE5OTNmYmI1M2VmODNkYmIxL2M1ZTRiZDRlNWFlYWQ1NmMyOWFmNjJmYjQxODBmNjliNzdhMmY2NGNjZWQ0ZDExNzk4N2JmYmZiNjQ4NjBiZTRcXD9yZXNwb25zZS1jb250ZW50LWRpc3Bvc2l0aW9uPWlubGluZSUzQitmaWxlbmFtZSUyQSUzRFVURi04JTI3JTI3T3JuaXRoLTEuNS0zNUItUTZfSy5nZ3VmJTNCK2ZpbGVuYW1lJTNEJTIyT3JuaXRoLTEuNS0zNUItUTZfSy5nZ3VmJTIyJTNCJnVzZXJfaWQ9cHVibGljJlgtWGV0LUNhcy1VaWQ9cHVibGljIiwiQ29uZGl0aW9uIjp7IkRhdGVMZXNzVGhhbiI6eyJFcG9jaFRpbWUiOjE3ODc4MjMwNzl9fX1dfQ__&Signature=MEQCICdOovnYGedA6Qeu3Axo8qW5nklCc31VL5XWp%7EBviV4gAiBA4YaLmV6S9Wez3fH9v%7EItR4KhY06caMYtMu5y-ML9Tg__&Key-Pair-Id=01KXEF4KZ1B6FV465MAWR4M21F
[#8b2ec5 605MiB/27GiB(2%) CN:13 DL:8.0MiB ETA:56m23s]
[#8b2ec5 616MiB/27GiB(2%) CN:13 DL:8.4MiB ETA:53m47s]

08/27 16:31:22 [[1;32mNOTICE[0m] CUID#15 - Redirecting to https://us.aws.cdn.hf.co/xet-bridge-us/6a83fdf1993fbb53ef83dbb1/c5e4bd4e5aead56c29af62fb4180f69b77a2f64cced4d117987bfbfb64860be4?user_id=public&response-content-disposition=inline%3B+filename*%3DUTF-8%27%27Ornith-1.5-35B-Q6_K.gguf%3B+filename%3D%22Ornith-1.5-35B-Q6_K.gguf%22%3B&X-Xet-Cas-Uid=public&Expires=1787823082&Policy=eyJTdGF0ZW1lbnQiOlt7IlJlc291cmNlIjoiaHR0cHM6Ly91cy5hd3MuY2RuLmhmLmNvL3hldC1icmlkZ2UtdXMvNmE4M2ZkZjE5OTNmYmI1M2VmODNkYmIxL2M1ZTRiZDRlNWFlYWQ1NmMyOWFmNjJmYjQxODBmNjliNzdhMmY2NGNjZWQ0ZDExNzk4N2JmYmZiNjQ4NjBiZTRcXD91c2VyX2lkPXB1YmxpYyZyZXNwb25zZS1jb250ZW50LWRpc3Bvc2l0aW9uPWlubGluZSUzQitmaWxlbmFtZSUyQSUzRFVURi04JTI3JTI3T3JuaXRoLTEuNS0zNUItUTZfSy5nZ3VmJTNCK2ZpbGVuYW1lJTNEJTIyT3JuaXRoLTEuNS0zNUItUTZfSy5nZ3VmJTIyJTNCJlgtWGV0LUNhcy1VaWQ9cHVibGljIiwiQ29uZGl0aW9uIjp7IkRhdGVMZXNzVGhhbiI6eyJFcG9jaFRpbWUiOjE3ODc4MjMwODJ9fX1dfQ__&Signature=MEYCIQDb23YlJeRMckVD-BtySQ2eeMj-b6Ms2PpHn4FLIqhDrgIhAI2J8VHQQhDgPvFk-3LGD1yaBX7iyR7Gqxr5l0mW39S7&Key-Pair-Id=01KXEF4KZ1B6FV465MAWR4M21F
[#8b2ec5 625MiB/27GiB(2%) CN:13 DL:8.3MiB ETA:54m12s]
[#8b2ec5 636MiB/27GiB(2%) CN:13 DL:8.3MiB ETA:54m18s]
[#8b2ec5 645MiB/27GiB(2%) CN:13 DL:8.7MiB ETA:52m4s]
[#8b2ec5 656MiB/27GiB(2%) CN:13 DL:8.7MiB ETA:51m54s]
[#8b2ec5 665MiB/27GiB(2%) CN:13 DL:8.7MiB ETA:51m38s]
[#8b2ec5 677MiB/27GiB(2%) CN:13 DL:9.1MiB ETA:49m32s]
[#8b2ec5 688MiB/27GiB(2%) CN:13 DL:9.5MiB ETA:47m21s]
[#8b2ec5 696MiB/27GiB(2%) CN:13 DL:9.3MiB ETA:48m15s]
[#8b2ec5 707MiB/27GiB(2%) CN:13 DL:9.7MiB ETA:46m15s]
[#8b2ec5 717MiB/27GiB(2%) CN:13 DL:9.5MiB ETA:47m25s]
[#8b2ec5 728MiB/27GiB(2%) CN:13 DL:9.6MiB ETA:46m53s]

08/27 16:31:33 [[1;32mNOTICE[0m] CUID#18 - Redirecting to https://us.aws.cdn.hf.co/xet-bridge-us/6a83fdf1993fbb53ef83dbb1/c5e4bd4e5aead56c29af62fb4180f69b77a2f64cced4d117987bfbfb64860be4?X-Xet-Cas-Uid=public&response-content-disposition=inline%3B+filename*%3DUTF-8%27%27Ornith-1.5-35B-Q6_K.gguf%3B+filename%3D%22Ornith-1.5-35B-Q6_K.gguf%22%3B&user_id=public&Expires=1787823092&Policy=eyJTdGF0ZW1lbnQiOlt7IlJlc291cmNlIjoiaHR0cHM6Ly91cy5hd3MuY2RuLmhmLmNvL3hldC1icmlkZ2UtdXMvNmE4M2ZkZjE5OTNmYmI1M2VmODNkYmIxL2M1ZTRiZDRlNWFlYWQ1NmMyOWFmNjJmYjQxODBmNjliNzdhMmY2NGNjZWQ0ZDExNzk4N2JmYmZiNjQ4NjBiZTRcXD9YLVhldC1DYXMtVWlkPXB1YmxpYyZyZXNwb25zZS1jb250ZW50LWRpc3Bvc2l0aW9uPWlubGluZSUzQitmaWxlbmFtZSUyQSUzRFVURi04JTI3JTI3T3JuaXRoLTEuNS0zNUItUTZfSy5nZ3VmJTNCK2ZpbGVuYW1lJTNEJTIyT3JuaXRoLTEuNS0zNUItUTZfSy5nZ3VmJTIyJTNCJnVzZXJfaWQ9cHVibGljIiwiQ29uZGl0aW9uIjp7IkRhdGVMZXNzVGhhbiI6eyJFcG9jaFRpbWUiOjE3ODc4MjMwOTJ9fX1dfQ__&Signature=MEUCIQD9UYlRXaR%7EFKq0xxJxDpnxrjmL3angBBbz7hmPPUfMiwIgbtct0LMBLuKDSKp8iDDBM4LwaizLJMvFpH18UaQNOS8_&Key-Pair-Id=01KXEF4KZ1B6FV465MAWR4M21F
[#8b2ec5 736MiB/27GiB(2%) CN:13 DL:9.6MiB ETA:47m1s]
[#8b2ec5 745MiB/27GiB(2%) CN:13 DL:9.5MiB ETA:47m4s]
[#8b2ec5 752MiB/27GiB(2%) CN:13 DL:9.2MiB ETA:48m59s]
[#8b2ec5 761MiB/27GiB(2%) CN:13 DL:9.0MiB ETA:49m37s]
 *** Download Progress Summary as of Thu Aug 27 16:31:38 2026 *** 
===============================================================================
[#8b2ec5 772MiB/27GiB(2%) CN:13 DL:9.0MiB ETA:50m5s]
FILE: /Users/wilsonxu/Models/ornith-256k/llamacpp/models/Ornith-1.5-35B-Q6_K.gguf
-------------------------------------------------------------------------------

[#8b2ec5 772MiB/27GiB(2%) CN:13 DL:9.0MiB ETA:50m5s]

08/27 16:31:38 [[1;32mNOTICE[0m] CUID#21 - Redirecting to https://us.aws.cdn.hf.co/xet-bridge-us/6a83fdf1993fbb53ef83dbb1/c5e4bd4e5aead56c29af62fb4180f69b77a2f64cced4d117987bfbfb64860be4?X-Xet-Cas-Uid=public&user_id=public&response-content-disposition=inline%3B+filename*%3DUTF-8%27%27Ornith-1.5-35B-Q6_K.gguf%3B+filename%3D%22Ornith-1.5-35B-Q6_K.gguf%22%3B&Expires=1787823098&Policy=eyJTdGF0ZW1lbnQiOlt7IlJlc291cmNlIjoiaHR0cHM6Ly91cy5hd3MuY2RuLmhmLmNvL3hldC1icmlkZ2UtdXMvNmE4M2ZkZjE5OTNmYmI1M2VmODNkYmIxL2M1ZTRiZDRlNWFlYWQ1NmMyOWFmNjJmYjQxODBmNjliNzdhMmY2NGNjZWQ0ZDExNzk4N2JmYmZiNjQ4NjBiZTRcXD9YLVhldC1DYXMtVWlkPXB1YmxpYyZ1c2VyX2lkPXB1YmxpYyZyZXNwb25zZS1jb250ZW50LWRpc3Bvc2l0aW9uPWlubGluZSUzQitmaWxlbmFtZSUyQSUzRFVURi04JTI3JTI3T3JuaXRoLTEuNS0zNUItUTZfSy5nZ3VmJTNCK2ZpbGVuYW1lJTNEJTIyT3JuaXRoLTEuNS0zNUItUTZfSy5nZ3VmJTIyJTNCIiwiQ29uZGl0aW9uIjp7IkRhdGVMZXNzVGhhbiI6eyJFcG9jaFRpbWUiOjE3ODc4MjMwOTh9fX1dfQ__&Signature=MEUCIQCpgLDONJBTw2%7EWrzAaWxkGzV7Rhh%7E6jd72maphn0JcrAIgTXPbc1DbUoy8pSxHSF%7EOMYAbPo3SgLak4E%7E9hY1SvWw_&Key-Pair-Id=01KXEF4KZ1B6FV465MAWR4M21F
[#8b2ec5 782MiB/27GiB(2%) CN:13 DL:8.9MiB ETA:50m19s]
[#8b2ec5 791MiB/27GiB(2%) CN:13 DL:9.0MiB ETA:50m]

08/27 16:31:40 [[1;32mNOTICE[0m] CUID#12 - Redirecting to https://us.aws.cdn.hf.co/xet-bridge-us/6a83fdf1993fbb53ef83dbb1/c5e4bd4e5aead56c29af62fb4180f69b77a2f64cced4d117987bfbfb64860be4?X-Xet-Cas-Uid=public&response-content-disposition=inline%3B+filename*%3DUTF-8%27%27Ornith-1.5-35B-Q6_K.gguf%3B+filename%3D%22Ornith-1.5-35B-Q6_K.gguf%22%3B&user_id=public&Expires=1787823100&Policy=eyJTdGF0ZW1lbnQiOlt7IlJlc291cmNlIjoiaHR0cHM6Ly91cy5hd3MuY2RuLmhmLmNvL3hldC1icmlkZ2UtdXMvNmE4M2ZkZjE5OTNmYmI1M2VmODNkYmIxL2M1ZTRiZDRlNWFlYWQ1NmMyOWFmNjJmYjQxODBmNjliNzdhMmY2NGNjZWQ0ZDExNzk4N2JmYmZiNjQ4NjBiZTRcXD9YLVhldC1DYXMtVWlkPXB1YmxpYyZyZXNwb25zZS1jb250ZW50LWRpc3Bvc2l0aW9uPWlubGluZSUzQitmaWxlbmFtZSUyQSUzRFVURi04JTI3JTI3T3JuaXRoLTEuNS0zNUItUTZfSy5nZ3VmJTNCK2ZpbGVuYW1lJTNEJTIyT3JuaXRoLTEuNS0zNUItUTZfSy5nZ3VmJTIyJTNCJnVzZXJfaWQ9cHVibGljIiwiQ29uZGl0aW9uIjp7IkRhdGVMZXNzVGhhbiI6eyJFcG9jaFRpbWUiOjE3ODc4MjMxMDB9fX1dfQ__&Signature=MEYCIQDb2bUl1jDROwj5D8d8HzPKyuV7do8nJu3UhTjf8Nr%7E4AIhAIrHVs5lZLbaIayvnJrV4nz6gfoJ6zk9FAQPlKyX-cRA&Key-Pair-Id=01KXEF4KZ1B6FV465MAWR4M21F
[#8b2ec5 801MiB/27GiB(2%) CN:13 DL:9.0MiB ETA:49m40s]
[#8b2ec5 812MiB/27GiB(2%) CN:13 DL:8.9MiB ETA:50m5s]
[#8b2ec5 823MiB/27GiB(2%) CN:13 DL:9.0MiB ETA:49m51s]
[#8b2ec5 834MiB/27GiB(2%) CN:13 DL:9.3MiB ETA:48m3s]
[#8b2ec5 843MiB/27GiB(3%) CN:13 DL:9.5MiB ETA:46m56s]
[#8b2ec5 852MiB/27GiB(3%) CN:13 DL:9.6MiB ETA:46m51s]
[#8b2ec5 866MiB/27GiB(3%) CN:13 DL:10MiB ETA:44m50s]
[#8b2ec5 879MiB/27GiB(3%) CN:13 DL:10MiB ETA:43m19s]
[#8b2ec5 892MiB/27GiB(3%) CN:13 DL:10MiB ETA:42m51s]
[#8b2ec5 907MiB/27GiB(3%) CN:13 DL:11MiB ETA:39m51s]
[#8b2ec5 919MiB/27GiB(3%) CN:13 DL:11MiB ETA:40m3s]
[#8b2ec5 0.9GiB/27GiB(3%) CN:13 DL:11MiB ETA:40m21s]
[#8b2ec5 0.9GiB/27GiB(3%) CN:13 DL:11MiB ETA:40m5s]
[#8b2ec5 0.9GiB/27GiB(3%) CN:13 DL:11MiB ETA:39m40s]
[#8b2ec5 0.9GiB/27GiB(3%) CN:13 DL:11MiB ETA:38m42s]
[#8b2ec5 0.9GiB/27GiB(3%) CN:13 DL:10MiB ETA:41m47s]
[#8b2ec5 0.9GiB/27GiB(3%) CN:13 DL:10MiB ETA:41m31s]
[#8b2ec5 0.9GiB/27GiB(3%) CN:13 DL:10MiB ETA:43m34s]
[#8b2ec5 0.9GiB/27GiB(3%) CN:13 DL:10MiB ETA:43m49s]
[#8b2ec5 0.9GiB/27GiB(3%) CN:13 DL:10MiB ETA:43m54s]
[#8b2ec5 0.9GiB/27GiB(3%) CN:13 DL:10MiB ETA:44m27s]
[#8b2ec5 1.0GiB/27GiB(3%) CN:13 DL:9.5MiB ETA:46m38s]
[#8b2ec5 1.0GiB/27GiB(3%) CN:13 DL:9.5MiB ETA:46m55s]
[#8b2ec5 1.0GiB/27GiB(3%) CN:13 DL:9.4MiB ETA:47m4s]
[#8b2ec5 1.0GiB/27GiB(3%) CN:13 DL:9.3MiB ETA:47m55s]
[#8b2ec5 1.0GiB/27GiB(3%) CN:13 DL:9.1MiB ETA:48m47s]
[#8b2ec5 1.0GiB/27GiB(3%) CN:13 DL:8.8MiB ETA:50m26s]
[#8b2ec5 1.0GiB/27GiB(3%) CN:13 DL:8.7MiB ETA:50m52s]
[#8b2ec5 1.0GiB/27GiB(3%) CN:13 DL:8.5MiB ETA:51m58s]
[#8b2ec5 1.0GiB/27GiB(3%) CN:13 DL:8.7MiB ETA:50m54s]
[#8b2ec5 1.0GiB/27GiB(3%) CN:13 DL:8.7MiB ETA:51m12s]
[#8b2ec5 1.0GiB/27GiB(4%) CN:13 DL:8.4MiB ETA:52m33s]
[#8b2ec5 1.1GiB/27GiB(4%) CN:13 DL:8.4MiB ETA:53m]
[#8b2ec5 1.1GiB/27GiB(4%) CN:13 DL:8.8MiB ETA:50m23s]
[#8b2ec5 1.1GiB/27GiB(4%) CN:13 DL:8.7MiB ETA:50m36s]
[#8b2ec5 1.1GiB/27GiB(4%) CN:13 DL:8.4MiB ETA:52m28s]
[#8b2ec5 1.1GiB/27GiB(4%) CN:13 DL:8.3MiB ETA:53m2s]
[#8b2ec5 1.1GiB/27GiB(4%) CN:13 DL:8.1MiB ETA:54m24s]

08/27 16:32:21 [[1;32mNOTICE[0m] CUID#13 - Redirecting to https://us.aws.cdn.hf.co/xet-bridge-us/6a83fdf1993fbb53ef83dbb1/c5e4bd4e5aead56c29af62fb4180f69b77a2f64cced4d117987bfbfb64860be4?X-Xet-Cas-Uid=public&user_id=public&response-content-disposition=inline%3B+filename*%3DUTF-8%27%27Ornith-1.5-35B-Q6_K.gguf%3B+filename%3D%22Ornith-1.5-35B-Q6_K.gguf%22%3B&Expires=1787823139&Policy=eyJTdGF0ZW1lbnQiOlt7IlJlc291cmNlIjoiaHR0cHM6Ly91cy5hd3MuY2RuLmhmLmNvL3hldC1icmlkZ2UtdXMvNmE4M2ZkZjE5OTNmYmI1M2VmODNkYmIxL2M1ZTRiZDRlNWFlYWQ1NmMyOWFmNjJmYjQxODBmNjliNzdhMmY2NGNjZWQ0ZDExNzk4N2JmYmZiNjQ4NjBiZTRcXD9YLVhldC1DYXMtVWlkPXB1YmxpYyZ1c2VyX2lkPXB1YmxpYyZyZXNwb25zZS1jb250ZW50LWRpc3Bvc2l0aW9uPWlubGluZSUzQitmaWxlbmFtZSUyQSUzRFVURi04JTI3JTI3T3JuaXRoLTEuNS0zNUItUTZfSy5nZ3VmJTNCK2ZpbGVuYW1lJTNEJTIyT3JuaXRoLTEuNS0zNUItUTZfSy5nZ3VmJTIyJTNCIiwiQ29uZGl0aW9uIjp7IkRhdGVMZXNzVGhhbiI6eyJFcG9jaFRpbWUiOjE3ODc4MjMxMzl9fX1dfQ__&Signature=MEYCIQDy4sxd5-XZYcJpcFWEPnfOE1uF%7EUa3PWuhi0Si2crwkAIhAMljhzWo4x4dLhmao7AVK1-w5YZjHRM8XkYeiaYEtwxs&Key-Pair-Id=01KXEF4KZ1B6FV465MAWR4M21F
[#8b2ec5 1.1GiB/27GiB(4%) CN:13 DL:8.3MiB ETA:53m3s]
[#8b2ec5 1.1GiB/27GiB(4%) CN:13 DL:8.4MiB ETA:52m31s]
[#8b2ec5 1.1GiB/27GiB(4%) CN:13 DL:8.1MiB ETA:54m23s]
[#8b2ec5 1.1GiB/27GiB(4%) CN:13 DL:8.5MiB ETA:52m2s]
[#8b2ec5 1.1GiB/27GiB(4%) CN:13 DL:7.9MiB ETA:55m30s]
[#8b2ec5 1.1GiB/27GiB(4%) CN:13 DL:8.1MiB ETA:54m19s]
[#8b2ec5 1.2GiB/27GiB(4%) CN:13 DL:8.4MiB ETA:52m41s]
[#8b2ec5 1.2GiB/27GiB(4%) CN:13 DL:8.2MiB ETA:53m47s]
[#8b2ec5 1.2GiB/27GiB(4%) CN:13 DL:8.3MiB ETA:53m23s]
[#8b2ec5 1.2GiB/27GiB(4%) CN:13 DL:8.3MiB ETA:53m10s]
[#8b2ec5 1.2GiB/27GiB(4%) CN:13 DL:8.0MiB ETA:54m51s]
[#8b2ec5 1.2GiB/27GiB(4%) CN:13 DL:8.2MiB ETA:53m25s]
[#8b2ec5 1.2GiB/27GiB(4%) CN:13 DL:8.0MiB ETA:54m43s]
[#8b2ec5 1.2GiB/27GiB(4%) CN:13 DL:8.5MiB ETA:51m47s]
[#8b2ec5 1.2GiB/27GiB(4%) CN:13 DL:8.4MiB ETA:52m14s]
[#8b2ec5 1.2GiB/27GiB(4%) CN:13 DL:8.6MiB ETA:51m4s]
[#8b2ec5 1.2GiB/27GiB(4%) CN:13 DL:8.6MiB ETA:51m12s]
 *** Download Progress Summary as of Thu Aug 27 16:32:39 2026 *** 
===============================================================================
[#8b2ec5 1.2GiB/27GiB(4%) CN:13 DL:8.5MiB ETA:51m39s]
FILE: /Users/wilsonxu/Models/ornith-256k/llamacpp/models/Ornith-1.5-35B-Q6_K.gguf
-------------------------------------------------------------------------------

[#8b2ec5 1.2GiB/27GiB(4%) CN:13 DL:8.5MiB ETA:51m39s]
[#8b2ec5 1.3GiB/27GiB(4%) CN:13 DL:8.4MiB ETA:52m2s]
[#8b2ec5 1.3GiB/27GiB(4%) CN:13 DL:8.4MiB ETA:52m33s]
[#8b2ec5 1.3GiB/27GiB(4%) CN:13 DL:8.3MiB ETA:52m53s]
[#8b2ec5 1.3GiB/27GiB(4%) CN:13 DL:8.4MiB ETA:52m3s]
[#8b2ec5 1.3GiB/27GiB(4%) CN:13 DL:8.3MiB ETA:52m47s]
[#8b2ec5 1.3GiB/27GiB(4%) CN:13 DL:8.0MiB ETA:54m40s]
[#8b2ec5 1.3GiB/27GiB(5%) CN:13 DL:8.4MiB ETA:52m9s]
[#8b2ec5 1.3GiB/27GiB(5%) CN:13 DL:8.4MiB ETA:52m16s]
[#8b2ec5 1.3GiB/27GiB(5%) CN:13 DL:8.5MiB ETA:51m51s]
[#8b2ec5 1.3GiB/27GiB(5%) CN:13 DL:8.3MiB ETA:52m59s]
[#8b2ec5 1.3GiB/27GiB(5%) CN:13 DL:8.1MiB ETA:54m]
[#8b2ec5 1.3GiB/27GiB(5%) CN:13 DL:8.1MiB ETA:53m57s]
[#8b2ec5 1.4GiB/27GiB(5%) CN:13 DL:8.0MiB ETA:54m26s]
[#8b2ec5 1.4GiB/27GiB(5%) CN:13 DL:8.0MiB ETA:54m51s]
[#8b2ec5 1.4GiB/27GiB(5%) CN:13 DL:8.2MiB ETA:53m38s]
[#8b2ec5 1.4GiB/27GiB(5%) CN:13 DL:8.1MiB ETA:54m8s]
[#8b2ec5 1.4GiB/27GiB(5%) CN:13 DL:8.1MiB ETA:54m1s]
[#8b2ec5 1.4GiB/27GiB(5%) CN:13 DL:8.2MiB ETA:53m]

08/27 16:32:58 [[1;31mERROR[0m] CUID#12 - Download aborted. URI=https://huggingface.co/ornith-ai/Ornith-1.5-35B-A3B-GGUF/resolve/main/Ornith-1.5-35B-Q6_K.gguf
Exception: [AbstractCommand.cc:351] errorCode=1 URI=https://huggingface.co/ornith-ai/Ornith-1.5-35B-A3B-GGUF/resolve/main/Ornith-1.5-35B-Q6_K.gguf
  -> [SocketCore.cc:1022] errorCode=1 SSL/TLS handshake failure: Connection aborted
[#8b2ec5 1.4GiB/27GiB(5%) CN:12 DL:8.0MiB ETA:54m40s]
[#8b2ec5 1.4GiB/27GiB(5%) CN:12 DL:7.6MiB ETA:57m43s]

08/27 16:33:00 [[1;32mNOTICE[0m] CUID#9 - Redirecting to https://us.aws.cdn.hf.co/xet-bridge-us/6a83fdf1993fbb53ef83dbb1/c5e4bd4e5aead56c29af62fb4180f69b77a2f64cced4d117987bfbfb64860be4?X-Xet-Cas-Uid=public&response-content-disposition=inline%3B+filename*%3DUTF-8%27%27Ornith-1.5-35B-Q6_K.gguf%3B+filename%3D%22Ornith-1.5-35B-Q6_K.gguf%22%3B&user_id=public&Expires=1787823180&Policy=eyJTdGF0ZW1lbnQiOlt7IlJlc291cmNlIjoiaHR0cHM6Ly91cy5hd3MuY2RuLmhmLmNvL3hldC1icmlkZ2UtdXMvNmE4M2ZkZjE5OTNmYmI1M2VmODNkYmIxL2M1ZTRiZDRlNWFlYWQ1NmMyOWFmNjJmYjQxODBmNjliNzdhMmY2NGNjZWQ0ZDExNzk4N2JmYmZiNjQ4NjBiZTRcXD9YLVhldC1DYXMtVWlkPXB1YmxpYyZyZXNwb25zZS1jb250ZW50LWRpc3Bvc2l0aW9uPWlubGluZSUzQitmaWxlbmFtZSUyQSUzRFVURi04JTI3JTI3T3JuaXRoLTEuNS0zNUItUTZfSy5nZ3VmJTNCK2ZpbGVuYW1lJTNEJTIyT3JuaXRoLTEuNS0zNUItUTZfSy5nZ3VmJTIyJTNCJnVzZXJfaWQ9cHVibGljIiwiQ29uZGl0aW9uIjp7IkRhdGVMZXNzVGhhbiI6eyJFcG9jaFRpbWUiOjE3ODc4MjMxODB9fX1dfQ__&Signature=MEYCIQD0dNI6vGhb3ikkHcbAw5Zg1M6qqmEYh2LlAuQRyg8BggIhANNQFGPzjWRhIwF2PrDl1I86D4%7E%7E1hZ-WbmA9t7wBsWg&Key-Pair-Id=01KXEF4KZ1B6FV465MAWR4M21F
[#8b2ec5 1.4GiB/27GiB(5%) CN:12 DL:7.0MiB ETA:1h1m56s]

08/27 16:33:01 [[1;32mNOTICE[0m] CUID#20 - Redirecting to https://us.aws.cdn.hf.co/xet-bridge-us/6a83fdf1993fbb53ef83dbb1/c5e4bd4e5aead56c29af62fb4180f69b77a2f64cced4d117987bfbfb64860be4?X-Xet-Cas-Uid=public&user_id=public&response-content-disposition=inline%3B+filename*%3DUTF-8%27%27Ornith-1.5-35B-Q6_K.gguf%3B+filename%3D%22Ornith-1.5-35B-Q6_K.gguf%22%3B&Expires=1787823180&Policy=eyJTdGF0ZW1lbnQiOlt7IlJlc291cmNlIjoiaHR0cHM6Ly91cy5hd3MuY2RuLmhmLmNvL3hldC1icmlkZ2UtdXMvNmE4M2ZkZjE5OTNmYmI1M2VmODNkYmIxL2M1ZTRiZDRlNWFlYWQ1NmMyOWFmNjJmYjQxODBmNjliNzdhMmY2NGNjZWQ0ZDExNzk4N2JmYmZiNjQ4NjBiZTRcXD9YLVhldC1DYXMtVWlkPXB1YmxpYyZ1c2VyX2lkPXB1YmxpYyZyZXNwb25zZS1jb250ZW50LWRpc3Bvc2l0aW9uPWlubGluZSUzQitmaWxlbmFtZSUyQSUzRFVURi04JTI3JTI3T3JuaXRoLTEuNS0zNUItUTZfSy5nZ3VmJTNCK2ZpbGVuYW1lJTNEJTIyT3JuaXRoLTEuNS0zNUItUTZfSy5nZ3VmJTIyJTNCIiwiQ29uZGl0aW9uIjp7IkRhdGVMZXNzVGhhbiI6eyJFcG9jaFRpbWUiOjE3ODc4MjMxODB9fX1dfQ__&Signature=MEUCIDqy4IYiL58Xr%7EPWGDja5XSgt41L6XrIk3Bpu5duhKQCAiEAjUqq-W1KTpus7r2%7EDD5HAWP7jj7MMVaJKYHF%7EigLQt0_&Key-Pair-Id=01KXEF4KZ1B6FV465MAWR4M21F

08/27 16:33:01 [[1;32mNOTICE[0m] CUID#22 - Redirecting to https://us.aws.cdn.hf.co/xet-bridge-us/6a83fdf1993fbb53ef83dbb1/c5e4bd4e5aead56c29af62fb4180f69b77a2f64cced4d117987bfbfb64860be4?X-Xet-Cas-Uid=public&response-content-disposition=inline%3B+filename*%3DUTF-8%27%27Ornith-1.5-35B-Q6_K.gguf%3B+filename%3D%22Ornith-1.5-35B-Q6_K.gguf%22%3B&user_id=public&Expires=1787823181&Policy=eyJTdGF0ZW1lbnQiOlt7IlJlc291cmNlIjoiaHR0cHM6Ly91cy5hd3MuY2RuLmhmLmNvL3hldC1icmlkZ2UtdXMvNmE4M2ZkZjE5OTNmYmI1M2VmODNkYmIxL2M1ZTRiZDRlNWFlYWQ1NmMyOWFmNjJmYjQxODBmNjliNzdhMmY2NGNjZWQ0ZDExNzk4N2JmYmZiNjQ4NjBiZTRcXD9YLVhldC1DYXMtVWlkPXB1YmxpYyZyZXNwb25zZS1jb250ZW50LWRpc3Bvc2l0aW9uPWlubGluZSUzQitmaWxlbmFtZSUyQSUzRFVURi04JTI3JTI3T3JuaXRoLTEuNS0zNUItUTZfSy5nZ3VmJTNCK2ZpbGVuYW1lJTNEJTIyT3JuaXRoLTEuNS0zNUItUTZfSy5nZ3VmJTIyJTNCJnVzZXJfaWQ9cHVibGljIiwiQ29uZGl0aW9uIjp7IkRhdGVMZXNzVGhhbiI6eyJFcG9jaFRpbWUiOjE3ODc4MjMxODF9fX1dfQ__&Signature=MEQCIBQLBBV6eh3QoI0gVLo9Juz0YzHwDJwe8uDNr%7E8VV2m0AiBvQ0vUfu4ik-PxnnAvsSRshiw0VUQ%7E11VtQQBlnyYlSg__&Key-Pair-Id=01KXEF4KZ1B6FV465MAWR4M21F
[#8b2ec5 1.4GiB/27GiB(5%) CN:12 DL:6.5MiB ETA:1h7m24s]

08/27 16:33:02 [[1;32mNOTICE[0m] CUID#19 - Redirecting to https://us.aws.cdn.hf.co/xet-bridge-us/6a83fdf1993fbb53ef83dbb1/c5e4bd4e5aead56c29af62fb4180f69b77a2f64cced4d117987bfbfb64860be4?X-Xet-Cas-Uid=public&response-content-disposition=inline%3B+filename*%3DUTF-8%27%27Ornith-1.5-35B-Q6_K.gguf%3B+filename%3D%22Ornith-1.5-35B-Q6_K.gguf%22%3B&user_id=public&Expires=1787823182&Policy=eyJTdGF0ZW1lbnQiOlt7IlJlc291cmNlIjoiaHR0cHM6Ly91cy5hd3MuY2RuLmhmLmNvL3hldC1icmlkZ2UtdXMvNmE4M2ZkZjE5OTNmYmI1M2VmODNkYmIxL2M1ZTRiZDRlNWFlYWQ1NmMyOWFmNjJmYjQxODBmNjliNzdhMmY2NGNjZWQ0ZDExNzk4N2JmYmZiNjQ4NjBiZTRcXD9YLVhldC1DYXMtVWlkPXB1YmxpYyZyZXNwb25zZS1jb250ZW50LWRpc3Bvc2l0aW9uPWlubGluZSUzQitmaWxlbmFtZSUyQSUzRFVURi04JTI3JTI3T3JuaXRoLTEuNS0zNUItUTZfSy5nZ3VmJTNCK2ZpbGVuYW1lJTNEJTIyT3JuaXRoLTEuNS0zNUItUTZfSy5nZ3VmJTIyJTNCJnVzZXJfaWQ9cHVibGljIiwiQ29uZGl0aW9uIjp7IkRhdGVMZXNzVGhhbiI6eyJFcG9jaFRpbWUiOjE3ODc4MjMxODJ9fX1dfQ__&Signature=MEQCIDAspYqyeC-Oi4JlwWA-D7IFDSzYOsT9HwQ5g2HwT0PFAiAML9ScEia-95ZPPR00TbflVoxZqNdijw7dHromcsWmHA__&Key-Pair-Id=01KXEF4KZ1B6FV465MAWR4M21F

08/27 16:33:02 [[1;32mNOTICE[0m] CUID#13 - Redirecting to https://us.aws.cdn.hf.co/xet-bridge-us/6a83fdf1993fbb53ef83dbb1/c5e4bd4e5aead56c29af62fb4180f69b77a2f64cced4d117987bfbfb64860be4?user_id=public&response-content-disposition=inline%3B+filename*%3DUTF-8%27%27Ornith-1.5-35B-Q6_K.gguf%3B+filename%3D%22Ornith-1.5-35B-Q6_K.gguf%22%3B&X-Xet-Cas-Uid=public&Expires=1787823180&Policy=eyJTdGF0ZW1lbnQiOlt7IlJlc291cmNlIjoiaHR0cHM6Ly91cy5hd3MuY2RuLmhmLmNvL3hldC1icmlkZ2UtdXMvNmE4M2ZkZjE5OTNmYmI1M2VmODNkYmIxL2M1ZTRiZDRlNWFlYWQ1NmMyOWFmNjJmYjQxODBmNjliNzdhMmY2NGNjZWQ0ZDExNzk4N2JmYmZiNjQ4NjBiZTRcXD91c2VyX2lkPXB1YmxpYyZyZXNwb25zZS1jb250ZW50LWRpc3Bvc2l0aW9uPWlubGluZSUzQitmaWxlbmFtZSUyQSUzRFVURi04JTI3JTI3T3JuaXRoLTEuNS0zNUItUTZfSy5nZ3VmJTNCK2ZpbGVuYW1lJTNEJTIyT3JuaXRoLTEuNS0zNUItUTZfSy5nZ3VmJTIyJTNCJlgtWGV0LUNhcy1VaWQ9cHVibGljIiwiQ29uZGl0aW9uIjp7IkRhdGVMZXNzVGhhbiI6eyJFcG9jaFRpbWUiOjE3ODc4MjMxODB9fX1dfQ__&Signature=MEQCIEVKP92JDPiqnIn37QzXCkzHULNFl32lUF5H40XwpB3vAiBbdgVNaWzCOjsh8x6s4yYL7f1v3G7xChaErvuRk4H%7E3A__&Key-Pair-Id=01KXEF4KZ1B6FV465MAWR4M21F
[#8b2ec5 1.4GiB/27GiB(5%) CN:12 DL:5.6MiB ETA:1h17m39s]
[#8b2ec5 1.4GiB/27GiB(5%) CN:12 DL:4.8MiB ETA:1h30m7s]

08/27 16:33:04 [[1;32mNOTICE[0m] CUID#18 - Redirecting to https://us.aws.cdn.hf.co/xet-bridge-us/6a83fdf1993fbb53ef83dbb1/c5e4bd4e5aead56c29af62fb4180f69b77a2f64cced4d117987bfbfb64860be4?user_id=public&response-content-disposition=inline%3B+filename*%3DUTF-8%27%27Ornith-1.5-35B-Q6_K.gguf%3B+filename%3D%22Ornith-1.5-35B-Q6_K.gguf%22%3B&X-Xet-Cas-Uid=public&Expires=1787823183&Policy=eyJTdGF0ZW1lbnQiOlt7IlJlc291cmNlIjoiaHR0cHM6Ly91cy5hd3MuY2RuLmhmLmNvL3hldC1icmlkZ2UtdXMvNmE4M2ZkZjE5OTNmYmI1M2VmODNkYmIxL2M1ZTRiZDRlNWFlYWQ1NmMyOWFmNjJmYjQxODBmNjliNzdhMmY2NGNjZWQ0ZDExNzk4N2JmYmZiNjQ4NjBiZTRcXD91c2VyX2lkPXB1YmxpYyZyZXNwb25zZS1jb250ZW50LWRpc3Bvc2l0aW9uPWlubGluZSUzQitmaWxlbmFtZSUyQSUzRFVURi04JTI3JTI3T3JuaXRoLTEuNS0zNUItUTZfSy5nZ3VmJTNCK2ZpbGVuYW1lJTNEJTIyT3JuaXRoLTEuNS0zNUItUTZfSy5nZ3VmJTIyJTNCJlgtWGV0LUNhcy1VaWQ9cHVibGljIiwiQ29uZGl0aW9uIjp7IkRhdGVMZXNzVGhhbiI6eyJFcG9jaFRpbWUiOjE3ODc4MjMxODN9fX1dfQ__&Signature=MEUCIQCaLE8Q0l9uczQ8AN7jEzvosLN1SCj2MbNdnjVxQuc98gIgeqqYqDZXMD-IOFOkFn3No9NuqF3vSRQthCgmuvoRozw_&Key-Pair-Id=01KXEF4KZ1B6FV465MAWR4M21F
[#8b2ec5 1.4GiB/27GiB(5%) CN:12 DL:4.1MiB ETA:1h45m4s]
[#8b2ec5 1.4GiB/27GiB(5%) CN:12 DL:3.6MiB ETA:2h1m14s]
[#8b2ec5 1.4GiB/27GiB(5%) CN:12 DL:3.1MiB ETA:2h20m29s]

08/27 16:33:07 [[1;32mNOTICE[0m] CUID#7 - Redirecting to https://us.aws.cdn.hf.co/xet-bridge-us/6a83fdf1993fbb53ef83dbb1/c5e4bd4e5aead56c29af62fb4180f69b77a2f64cced4d117987bfbfb64860be4?user_id=public&X-Xet-Cas-Uid=public&response-content-disposition=inline%3B+filename*%3DUTF-8%27%27Ornith-1.5-35B-Q6_K.gguf%3B+filename%3D%22Ornith-1.5-35B-Q6_K.gguf%22%3B&Expires=1787823187&Policy=eyJTdGF0ZW1lbnQiOlt7IlJlc291cmNlIjoiaHR0cHM6Ly91cy5hd3MuY2RuLmhmLmNvL3hldC1icmlkZ2UtdXMvNmE4M2ZkZjE5OTNmYmI1M2VmODNkYmIxL2M1ZTRiZDRlNWFlYWQ1NmMyOWFmNjJmYjQxODBmNjliNzdhMmY2NGNjZWQ0ZDExNzk4N2JmYmZiNjQ4NjBiZTRcXD91c2VyX2lkPXB1YmxpYyZYLVhldC1DYXMtVWlkPXB1YmxpYyZyZXNwb25zZS1jb250ZW50LWRpc3Bvc2l0aW9uPWlubGluZSUzQitmaWxlbmFtZSUyQSUzRFVURi04JTI3JTI3T3JuaXRoLTEuNS0zNUItUTZfSy5nZ3VmJTNCK2ZpbGVuYW1lJTNEJTIyT3JuaXRoLTEuNS0zNUItUTZfSy5nZ3VmJTIyJTNCIiwiQ29uZGl0aW9uIjp7IkRhdGVMZXNzVGhhbiI6eyJFcG9jaFRpbWUiOjE3ODc4MjMxODd9fX1dfQ__&Signature=MEUCIQDKrr2sJpaZIud%7EIk0Po4jAeqHlpVrtbIDa-ctAZuazfgIgWCwVAPhHpJ8R1Yrq3lMiegfcwkuoRMMPNY-uvecN3qw_&Key-Pair-Id=01KXEF4KZ1B6FV465MAWR4M21F
[#8b2ec5 1.4GiB/27GiB(5%) CN:12 DL:3.2MiB ETA:2h15m44s]
[#8b2ec5 1.4GiB/27GiB(5%) CN:12 DL:4.1MiB ETA:1h45m21s]
[#8b2ec5 1.5GiB/27GiB(5%) CN:12 DL:4.6MiB ETA:1h34m37s]

08/27 16:33:10 [[1;32mNOTICE[0m] CUID#17 - Redirecting to https://us.aws.cdn.hf.co/xet-bridge-us/6a83fdf1993fbb53ef83dbb1/c5e4bd4e5aead56c29af62fb4180f69b77a2f64cced4d117987bfbfb64860be4?response-content-disposition=inline%3B+filename*%3DUTF-8%27%27Ornith-1.5-35B-Q6_K.gguf%3B+filename%3D%22Ornith-1.5-35B-Q6_K.gguf%22%3B&X-Xet-Cas-Uid=public&user_id=public&Expires=1787823189&Policy=eyJTdGF0ZW1lbnQiOlt7IlJlc291cmNlIjoiaHR0cHM6Ly91cy5hd3MuY2RuLmhmLmNvL3hldC1icmlkZ2UtdXMvNmE4M2ZkZjE5OTNmYmI1M2VmODNkYmIxL2M1ZTRiZDRlNWFlYWQ1NmMyOWFmNjJmYjQxODBmNjliNzdhMmY2NGNjZWQ0ZDExNzk4N2JmYmZiNjQ4NjBiZTRcXD9yZXNwb25zZS1jb250ZW50LWRpc3Bvc2l0aW9uPWlubGluZSUzQitmaWxlbmFtZSUyQSUzRFVURi04JTI3JTI3T3JuaXRoLTEuNS0zNUItUTZfSy5nZ3VmJTNCK2ZpbGVuYW1lJTNEJTIyT3JuaXRoLTEuNS0zNUItUTZfSy5nZ3VmJTIyJTNCJlgtWGV0LUNhcy1VaWQ9cHVibGljJnVzZXJfaWQ9cHVibGljIiwiQ29uZGl0aW9uIjp7IkRhdGVMZXNzVGhhbiI6eyJFcG9jaFRpbWUiOjE3ODc4MjMxODl9fX1dfQ__&Signature=MEYCIQCKx6FYd3ZnxOALiYtE3UDY0NUJ73U5l4CDB0NuRMkxbgIhAIt5jJ7PQ%7EAh1Fdm8Kt1qf94TJRP8DiIGW-9K3mjzvsN&Key-Pair-Id=01KXEF4KZ1B6FV465MAWR4M21F
[#8b2ec5 1.5GiB/27GiB(5%) CN:12 DL:5.4MiB ETA:1h20m1s]
[#8b2ec5 1.5GiB/27GiB(5%) CN:12 DL:6.5MiB ETA:1h6m28s]
[#8b2ec5 1.5GiB/27GiB(5%) CN:12 DL:7.6MiB ETA:57m27s]
[#8b2ec5 1.5GiB/27GiB(5%) CN:12 DL:8.7MiB ETA:50m12s]
[#8b2ec5 1.5GiB/27GiB(5%) CN:12 DL:9.5MiB ETA:45m35s]
[#8b2ec5 1.5GiB/27GiB(5%) CN:12 DL:10MiB ETA:40m44s]
[#8b2ec5 1.5GiB/27GiB(5%) CN:12 DL:11MiB ETA:38m20s]

08/27 16:33:18 [[1;32mNOTICE[0m] CUID#23 - Redirecting to https://us.aws.cdn.hf.co/xet-bridge-us/6a83fdf1993fbb53ef83dbb1/c5e4bd4e5aead56c29af62fb4180f69b77a2f64cced4d117987bfbfb64860be4?user_id=public&X-Xet-Cas-Uid=public&response-content-disposition=inline%3B+filename*%3DUTF-8%27%27Ornith-1.5-35B-Q6_K.gguf%3B+filename%3D%22Ornith-1.5-35B-Q6_K.gguf%22%3B&Expires=1787823198&Policy=eyJTdGF0ZW1lbnQiOlt7IlJlc291cmNlIjoiaHR0cHM6Ly91cy5hd3MuY2RuLmhmLmNvL3hldC1icmlkZ2UtdXMvNmE4M2ZkZjE5OTNmYmI1M2VmODNkYmIxL2M1ZTRiZDRlNWFlYWQ1NmMyOWFmNjJmYjQxODBmNjliNzdhMmY2NGNjZWQ0ZDExNzk4N2JmYmZiNjQ4NjBiZTRcXD91c2VyX2lkPXB1YmxpYyZYLVhldC1DYXMtVWlkPXB1YmxpYyZyZXNwb25zZS1jb250ZW50LWRpc3Bvc2l0aW9uPWlubGluZSUzQitmaWxlbmFtZSUyQSUzRFVURi04JTI3JTI3T3JuaXRoLTEuNS0zNUItUTZfSy5nZ3VmJTNCK2ZpbGVuYW1lJTNEJTIyT3JuaXRoLTEuNS0zNUItUTZfSy5nZ3VmJTIyJTNCIiwiQ29uZGl0aW9uIjp7IkRhdGVMZXNzVGhhbiI6eyJFcG9jaFRpbWUiOjE3ODc4MjMxOTh9fX1dfQ__&Signature=MEUCIEIhsKZBqb1AtRLH7KttdSytzTs2VnlhzAr6TZAjX2XTAiEA34SpGNJZBuCK8HTYtfRKrSZWtFaTlFJStEF1JCPKJ4I_&Key-Pair-Id=01KXEF4KZ1B6FV465MAWR4M21F
[#8b2ec5 1.6GiB/27GiB(5%) CN:12 DL:11MiB ETA:37m10s]
[#8b2ec5 1.6GiB/27GiB(5%) CN:12 DL:12MiB ETA:35m59s]
[#8b2ec5 1.6GiB/27GiB(5%) CN:12 DL:12MiB ETA:36m3s]
[#8b2ec5 1.6GiB/27GiB(6%) CN:12 DL:12MiB ETA:35m1s]
[#8b2ec5 1.6GiB/27GiB(6%) CN:12 DL:12MiB ETA:34m56s]
[#8b2ec5 1.6GiB/27GiB(6%) CN:12 DL:12MiB ETA:34m32s]
[#8b2ec5 1.6GiB/27GiB(6%) CN:12 DL:13MiB ETA:32m58s]
[#8b2ec5 1.7GiB/27GiB(6%) CN:12 DL:13MiB ETA:32m11s]
[#8b2ec5 1.7GiB/27GiB(6%) CN:12 DL:14MiB ETA:30m55s]
[#8b2ec5 1.7GiB/27GiB(6%) CN:12 DL:14MiB ETA:31m]

08/27 16:33:28 [[1;32mNOTICE[0m] CUID#14 - Redirecting to https://us.aws.cdn.hf.co/xet-bridge-us/6a83fdf1993fbb53ef83dbb1/c5e4bd4e5aead56c29af62fb4180f69b77a2f64cced4d117987bfbfb64860be4?X-Xet-Cas-Uid=public&user_id=public&response-content-disposition=inline%3B+filename*%3DUTF-8%27%27Ornith-1.5-35B-Q6_K.gguf%3B+filename%3D%22Ornith-1.5-35B-Q6_K.gguf%22%3B&Expires=1787823208&Policy=eyJTdGF0ZW1lbnQiOlt7IlJlc291cmNlIjoiaHR0cHM6Ly91cy5hd3MuY2RuLmhmLmNvL3hldC1icmlkZ2UtdXMvNmE4M2ZkZjE5OTNmYmI1M2VmODNkYmIxL2M1ZTRiZDRlNWFlYWQ1NmMyOWFmNjJmYjQxODBmNjliNzdhMmY2NGNjZWQ0ZDExNzk4N2JmYmZiNjQ4NjBiZTRcXD9YLVhldC1DYXMtVWlkPXB1YmxpYyZ1c2VyX2lkPXB1YmxpYyZyZXNwb25zZS1jb250ZW50LWRpc3Bvc2l0aW9uPWlubGluZSUzQitmaWxlbmFtZSUyQSUzRFVURi04JTI3JTI3T3JuaXRoLTEuNS0zNUItUTZfSy5nZ3VmJTNCK2ZpbGVuYW1lJTNEJTIyT3JuaXRoLTEuNS0zNUItUTZfSy5nZ3VmJTIyJTNCIiwiQ29uZGl0aW9uIjp7IkRhdGVMZXNzVGhhbiI6eyJFcG9jaFRpbWUiOjE3ODc4MjMyMDh9fX1dfQ__&Signature=MEUCIQDRMrbu-8nAsBr%7EhA7M34fWd7sU8aryu0L4RnGdnfU6CwIgCSAnc2dO2XSdiSz74s1bz8JR197YGC51%7EgmYWXz6csM_&Key-Pair-Id=01KXEF4KZ1B6FV465MAWR4M21F
[#8b2ec5 1.7GiB/27GiB(6%) CN:12 DL:14MiB ETA:30m26s]
[#8b2ec5 1.7GiB/27GiB(6%) CN:12 DL:14MiB ETA:29m15s]

08/27 16:33:31 [[1;32mNOTICE[0m] CUID#21 - Redirecting to https://us.aws.cdn.hf.co/xet-bridge-us/6a83fdf1993fbb53ef83dbb1/c5e4bd4e5aead56c29af62fb4180f69b77a2f64cced4d117987bfbfb64860be4?response-content-disposition=inline%3B+filename*%3DUTF-8%27%27Ornith-1.5-35B-Q6_K.gguf%3B+filename%3D%22Ornith-1.5-35B-Q6_K.gguf%22%3B&X-Xet-Cas-Uid=public&user_id=public&Expires=1787823210&Policy=eyJTdGF0ZW1lbnQiOlt7IlJlc291cmNlIjoiaHR0cHM6Ly91cy5hd3MuY2RuLmhmLmNvL3hldC1icmlkZ2UtdXMvNmE4M2ZkZjE5OTNmYmI1M2VmODNkYmIxL2M1ZTRiZDRlNWFlYWQ1NmMyOWFmNjJmYjQxODBmNjliNzdhMmY2NGNjZWQ0ZDExNzk4N2JmYmZiNjQ4NjBiZTRcXD9yZXNwb25zZS1jb250ZW50LWRpc3Bvc2l0aW9uPWlubGluZSUzQitmaWxlbmFtZSUyQSUzRFVURi04JTI3JTI3T3JuaXRoLTEuNS0zNUItUTZfSy5nZ3VmJTNCK2ZpbGVuYW1lJTNEJTIyT3JuaXRoLTEuNS0zNUItUTZfSy5nZ3VmJTIyJTNCJlgtWGV0LUNhcy1VaWQ9cHVibGljJnVzZXJfaWQ9cHVibGljIiwiQ29uZGl0aW9uIjp7IkRhdGVMZXNzVGhhbiI6eyJFcG9jaFRpbWUiOjE3ODc4MjMyMTB9fX1dfQ__&Signature=MEQCIDKgxRic5zGFRj0-19gJ8lXxsZoS9%7Ebvml%7EOXSxIbIr9AiB5ePQfwNLA6DxjfFWmrJDigKIa1tFI92Xd3yoMhvxqlg__&Key-Pair-Id=01KXEF4KZ1B6FV465MAWR4M21F
[#8b2ec5 1.7GiB/27GiB(6%) CN:12 DL:14MiB ETA:29m51s]
[#8b2ec5 1.7GiB/27GiB(6%) CN:12 DL:14MiB ETA:29m8s]
[#8b2ec5 1.8GiB/27GiB(6%) CN:12 DL:14MiB ETA:30m20s]
[#8b2ec5 1.8GiB/27GiB(6%) CN:12 DL:14MiB ETA:29m57s]
[#8b2ec5 1.8GiB/27GiB(6%) CN:12 DL:14MiB ETA:29m44s]
[#8b2ec5 1.8GiB/27GiB(6%) CN:12 DL:15MiB ETA:28m40s]
[#8b2ec5 1.8GiB/27GiB(6%) CN:12 DL:14MiB ETA:29m25s]
[#8b2ec5 1.8GiB/27GiB(6%) CN:12 DL:15MiB ETA:28m39s]
 *** Download Progress Summary as of Thu Aug 27 16:33:39 2026 *** 
===============================================================================
[#8b2ec5 1.9GiB/27GiB(7%) CN:12 DL:14MiB ETA:28m58s]
FILE: /Users/wilsonxu/Models/ornith-256k/llamacpp/models/Ornith-1.5-35B-Q6_K.gguf
-------------------------------------------------------------------------------

[#8b2ec5 1.9GiB/27GiB(7%) CN:12 DL:14MiB ETA:28m58s]
[#8b2ec5 1.9GiB/27GiB(7%) CN:12 DL:14MiB ETA:28m47s]
[#8b2ec5 1.9GiB/27GiB(7%) CN:12 DL:14MiB ETA:29m8s]
[#8b2ec5 1.9GiB/27GiB(7%) CN:12 DL:14MiB ETA:29m23s]
[#8b2ec5 1.9GiB/27GiB(7%) CN:12 DL:14MiB ETA:29m55s]
[#8b2ec5 1.9GiB/27GiB(7%) CN:12 DL:14MiB ETA:30m1s]
[#8b2ec5 1.9GiB/27GiB(7%) CN:12 DL:14MiB ETA:30m11s]
[#8b2ec5 1.9GiB/27GiB(7%) CN:12 DL:14MiB ETA:30m35s]
[#8b2ec5 2.0GiB/27GiB(7%) CN:12 DL:13MiB ETA:32m1s]
[#8b2ec5 2.0GiB/27GiB(7%) CN:12 DL:13MiB ETA:31m55s]
[#8b2ec5 2.0GiB/27GiB(7%) CN:12 DL:13MiB ETA:32m33s]

08/27 16:33:50 [[1;32mNOTICE[0m] CUID#15 - Redirecting to https://us.aws.cdn.hf.co/xet-bridge-us/6a83fdf1993fbb53ef83dbb1/c5e4bd4e5aead56c29af62fb4180f69b77a2f64cced4d117987bfbfb64860be4?X-Xet-Cas-Uid=public&response-content-disposition=inline%3B+filename*%3DUTF-8%27%27Ornith-1.5-35B-Q6_K.gguf%3B+filename%3D%22Ornith-1.5-35B-Q6_K.gguf%22%3B&user_id=public&Expires=1787823230&Policy=eyJTdGF0ZW1lbnQiOlt7IlJlc291cmNlIjoiaHR0cHM6Ly91cy5hd3MuY2RuLmhmLmNvL3hldC1icmlkZ2UtdXMvNmE4M2ZkZjE5OTNmYmI1M2VmODNkYmIxL2M1ZTRiZDRlNWFlYWQ1NmMyOWFmNjJmYjQxODBmNjliNzdhMmY2NGNjZWQ0ZDExNzk4N2JmYmZiNjQ4NjBiZTRcXD9YLVhldC1DYXMtVWlkPXB1YmxpYyZyZXNwb25zZS1jb250ZW50LWRpc3Bvc2l0aW9uPWlubGluZSUzQitmaWxlbmFtZSUyQSUzRFVURi04JTI3JTI3T3JuaXRoLTEuNS0zNUItUTZfSy5nZ3VmJTNCK2ZpbGVuYW1lJTNEJTIyT3JuaXRoLTEuNS0zNUItUTZfSy5nZ3VmJTIyJTNCJnVzZXJfaWQ9cHVibGljIiwiQ29uZGl0aW9uIjp7IkRhdGVMZXNzVGhhbiI6eyJFcG9jaFRpbWUiOjE3ODc4MjMyMzB9fX1dfQ__&Signature=MEYCIQClJl0JduPD5%7EOwiNW4Rv9WWqU6rosOwP7pGVzdCM-n1AIhALswaV5yESjp1ETcU2ZIqWo5AqdC1Nl81DatblxaCaRD&Key-Pair-Id=01KXEF4KZ1B6FV465MAWR4M21F
[#8b2ec5 2.0GiB/27GiB(7%) CN:12 DL:13MiB ETA:32m20s]
[#8b2ec5 2.0GiB/27GiB(7%) CN:12 DL:13MiB ETA:32m26s]
[#8b2ec5 2.0GiB/27GiB(7%) CN:12 DL:12MiB ETA:33m]
[#8b2ec5 2.0GiB/27GiB(7%) CN:12 DL:12MiB ETA:33m54s]
[#8b2ec5 2.1GiB/27GiB(7%) CN:12 DL:12MiB ETA:35m6s]
[#8b2ec5 2.1GiB/27GiB(7%) CN:12 DL:12MiB ETA:34m58s]
[#8b2ec5 2.1GiB/27GiB(7%) CN:12 DL:12MiB ETA:34m48s]
[#8b2ec5 2.1GiB/27GiB(7%) CN:12 DL:12MiB ETA:34m15s]
[#8b2ec5 2.1GiB/27GiB(7%) CN:12 DL:12MiB ETA:34m25s]
[#8b2ec5 2.1GiB/27GiB(7%) CN:12 DL:12MiB ETA:34m50s]
[#8b2ec5 2.1GiB/27GiB(8%) CN:12 DL:12MiB ETA:33m9s]
[#8b2ec5 2.1GiB/27GiB(8%) CN:12 DL:12MiB ETA:33m30s]
[#8b2ec5 2.2GiB/27GiB(8%) CN:12 DL:12MiB ETA:33m20s]
[#8b2ec5 2.2GiB/27GiB(8%) CN:12 DL:13MiB ETA:31m57s]
[#8b2ec5 2.2GiB/27GiB(8%) CN:12 DL:13MiB ETA:32m5s]
[#8b2ec5 2.2GiB/27GiB(8%) CN:12 DL:13MiB ETA:32m22s]
[#8b2ec5 2.2GiB/27GiB(8%) CN:12 DL:13MiB ETA:31m43s]
[#8b2ec5 2.2GiB/27GiB(8%) CN:12 DL:12MiB ETA:32m56s]
[#8b2ec5 2.2GiB/27GiB(8%) CN:12 DL:12MiB ETA:33m31s]
[#8b2ec5 2.2GiB/27GiB(8%) CN:12 DL:12MiB ETA:33m47s]
[#8b2ec5 2.3GiB/27GiB(8%) CN:12 DL:12MiB ETA:35m2s]
[#8b2ec5 2.3GiB/27GiB(8%) CN:12 DL:11MiB ETA:35m26s]
[#8b2ec5 2.3GiB/27GiB(8%) CN:12 DL:11MiB ETA:36m5s]
[#8b2ec5 2.3GiB/27GiB(8%) CN:12 DL:11MiB ETA:36m42s]
[#8b2ec5 2.3GiB/27GiB(8%) CN:12 DL:11MiB ETA:37m8s]
[#8b2ec5 2.3GiB/27GiB(8%) CN:12 DL:11MiB ETA:38m17s]
[#8b2ec5 2.3GiB/27GiB(8%) CN:12 DL:11MiB ETA:37m26s]
[#8b2ec5 2.3GiB/27GiB(8%) CN:12 DL:11MiB ETA:37m27s]
[#8b2ec5 2.3GiB/27GiB(8%) CN:12 DL:11MiB ETA:37m57s]
[#8b2ec5 2.4GiB/27GiB(8%) CN:12 DL:11MiB ETA:38m3s]
[#8b2ec5 2.4GiB/27GiB(8%) CN:12 DL:10MiB ETA:38m27s]
[#8b2ec5 2.4GiB/27GiB(8%) CN:12 DL:10MiB ETA:38m43s]
[#8b2ec5 2.4GiB/27GiB(8%) CN:12 DL:10MiB ETA:39m19s]
[#8b2ec5 2.4GiB/27GiB(9%) CN:12 DL:10MiB ETA:41m]
[#8b2ec5 2.4GiB/27GiB(9%) CN:12 DL:10MiB ETA:39m31s]
[#8b2ec5 2.4GiB/27GiB(9%) CN:12 DL:10MiB ETA:41m46s]
[#8b2ec5 2.4GiB/27GiB(9%) CN:12 DL:10MiB ETA:40m23s]
[#8b2ec5 2.4GiB/27GiB(9%) CN:12 DL:10MiB ETA:41m42s]
[#8b2ec5 2.5GiB/27GiB(9%) CN:12 DL:10MiB ETA:41m20s]
[#8b2ec5 2.5GiB/27GiB(9%) CN:12 DL:9.6MiB ETA:43m42s]
[#8b2ec5 2.5GiB/27GiB(9%) CN:12 DL:10MiB ETA:41m32s]
[#8b2ec5 2.5GiB/27GiB(9%) CN:12 DL:10MiB ETA:39m42s]
[#8b2ec5 2.5GiB/27GiB(9%) CN:12 DL:10MiB ETA:40m37s]
[#8b2ec5 2.5GiB/27GiB(9%) CN:12 DL:10MiB ETA:41m48s]
[#8b2ec5 2.5GiB/27GiB(9%) CN:12 DL:10MiB ETA:41m30s]
[#8b2ec5 2.5GiB/27GiB(9%) CN:12 DL:9.9MiB ETA:42m22s]
[#8b2ec5 2.5GiB/27GiB(9%) CN:12 DL:10MiB ETA:40m45s]
 *** Download Progress Summary as of Thu Aug 27 16:34:40 2026 *** 
===============================================================================
[#8b2ec5 2.5GiB/27GiB(9%) CN:12 DL:10MiB ETA:41m23s]
FILE: /Users/wilsonxu/Models/ornith-256k/llamacpp/models/Ornith-1.5-35B-Q6_K.gguf
-------------------------------------------------------------------------------

[#8b2ec5 2.5GiB/27GiB(9%) CN:12 DL:10MiB ETA:41m23s]
[#8b2ec5 2.6GiB/27GiB(9%) CN:12 DL:10MiB ETA:40m19s]
[#8b2ec5 2.6GiB/27GiB(9%) CN:12 DL:10MiB ETA:41m20s]
[#8b2ec5 2.6GiB/27GiB(9%) CN:12 DL:9.6MiB ETA:43m39s]
[#8b2ec5 2.6GiB/27GiB(9%) CN:12 DL:10MiB ETA:41m33s]
[#8b2ec5 2.6GiB/27GiB(9%) CN:12 DL:9.4MiB ETA:44m13s]
[#8b2ec5 2.6GiB/27GiB(9%) CN:12 DL:9.4MiB ETA:44m27s]
[#8b2ec5 2.6GiB/27GiB(9%) CN:12 DL:9.0MiB ETA:46m8s]
[#8b2ec5 2.6GiB/27GiB(9%) CN:12 DL:9.1MiB ETA:45m57s]
[#8b2ec5 2.6GiB/27GiB(9%) CN:12 DL:8.7MiB ETA:48m3s]
[#8b2ec5 2.6GiB/27GiB(9%) CN:12 DL:9.0MiB ETA:46m20s]
[#8b2ec5 2.6GiB/27GiB(9%) CN:12 DL:8.8MiB ETA:47m20s]
[#8b2ec5 2.7GiB/27GiB(9%) CN:12 DL:9.0MiB ETA:46m23s]
[#8b2ec5 2.7GiB/27GiB(9%) CN:12 DL:8.9MiB ETA:46m40s]
[#8b2ec5 2.7GiB/27GiB(10%) CN:12 DL:9.4MiB ETA:44m20s]
[#8b2ec5 2.7GiB/27GiB(10%) CN:12 DL:9.2MiB ETA:45m8s]
[#8b2ec5 2.7GiB/27GiB(10%) CN:12 DL:9.1MiB ETA:45m26s]
[#8b2ec5 2.7GiB/27GiB(10%) CN:12 DL:9.1MiB ETA:45m40s]
[#8b2ec5 2.7GiB/27GiB(10%) CN:12 DL:9.1MiB ETA:45m42s]

08/27 16:34:59 [[1;32mNOTICE[0m] CUID#20 - Redirecting to https://us.aws.cdn.hf.co/xet-bridge-us/6a83fdf1993fbb53ef83dbb1/c5e4bd4e5aead56c29af62fb4180f69b77a2f64cced4d117987bfbfb64860be4?X-Xet-Cas-Uid=public&response-content-disposition=inline%3B+filename*%3DUTF-8%27%27Ornith-1.5-35B-Q6_K.gguf%3B+filename%3D%22Ornith-1.5-35B-Q6_K.gguf%22%3B&user_id=public&Expires=1787823299&Policy=eyJTdGF0ZW1lbnQiOlt7IlJlc291cmNlIjoiaHR0cHM6Ly91cy5hd3MuY2RuLmhmLmNvL3hldC1icmlkZ2UtdXMvNmE4M2ZkZjE5OTNmYmI1M2VmODNkYmIxL2M1ZTRiZDRlNWFlYWQ1NmMyOWFmNjJmYjQxODBmNjliNzdhMmY2NGNjZWQ0ZDExNzk4N2JmYmZiNjQ4NjBiZTRcXD9YLVhldC1DYXMtVWlkPXB1YmxpYyZyZXNwb25zZS1jb250ZW50LWRpc3Bvc2l0aW9uPWlubGluZSUzQitmaWxlbmFtZSUyQSUzRFVURi04JTI3JTI3T3JuaXRoLTEuNS0zNUItUTZfSy5nZ3VmJTNCK2ZpbGVuYW1lJTNEJTIyT3JuaXRoLTEuNS0zNUItUTZfSy5nZ3VmJTIyJTNCJnVzZXJfaWQ9cHVibGljIiwiQ29uZGl0aW9uIjp7IkRhdGVMZXNzVGhhbiI6eyJFcG9jaFRpbWUiOjE3ODc4MjMyOTl9fX1dfQ__&Signature=MEUCIA5i7OsWpduwhz9Jf9gz-Re1OkfGz2-COoJYKv430cvpAiEAvwj6D-x6BpxQ%7EClWFqPH6VN0aMfBwlwHTjK4DJ%7ExEY0_&Key-Pair-Id=01KXEF4KZ1B6FV465MAWR4M21F

08/27 16:35:00 [[1;32mNOTICE[0m] CUID#15 - Redirecting to https://us.aws.cdn.hf.co/xet-bridge-us/6a83fdf1993fbb53ef83dbb1/c5e4bd4e5aead56c29af62fb4180f69b77a2f64cced4d117987bfbfb64860be4?X-Xet-Cas-Uid=public&response-content-disposition=inline%3B+filename*%3DUTF-8%27%27Ornith-1.5-35B-Q6_K.gguf%3B+filename%3D%22Ornith-1.5-35B-Q6_K.gguf%22%3B&user_id=public&Expires=1787823299&Policy=eyJTdGF0ZW1lbnQiOlt7IlJlc291cmNlIjoiaHR0cHM6Ly91cy5hd3MuY2RuLmhmLmNvL3hldC1icmlkZ2UtdXMvNmE4M2ZkZjE5OTNmYmI1M2VmODNkYmIxL2M1ZTRiZDRlNWFlYWQ1NmMyOWFmNjJmYjQxODBmNjliNzdhMmY2NGNjZWQ0ZDExNzk4N2JmYmZiNjQ4NjBiZTRcXD9YLVhldC1DYXMtVWlkPXB1YmxpYyZyZXNwb25zZS1jb250ZW50LWRpc3Bvc2l0aW9uPWlubGluZSUzQitmaWxlbmFtZSUyQSUzRFVURi04JTI3JTI3T3JuaXRoLTEuNS0zNUItUTZfSy5nZ3VmJTNCK2ZpbGVuYW1lJTNEJTIyT3JuaXRoLTEuNS0zNUItUTZfSy5nZ3VmJTIyJTNCJnVzZXJfaWQ9cHVibGljIiwiQ29uZGl0aW9uIjp7IkRhdGVMZXNzVGhhbiI6eyJFcG9jaFRpbWUiOjE3ODc4MjMyOTl9fX1dfQ__&Signature=MEUCIA5i7OsWpduwhz9Jf9gz-Re1OkfGz2-COoJYKv430cvpAiEAvwj6D-x6BpxQ%7EClWFqPH6VN0aMfBwlwHTjK4DJ%7ExEY0_&Key-Pair-Id=01KXEF4KZ1B6FV465MAWR4M21F
[#8b2ec5 2.7GiB/27GiB(10%) CN:12 DL:8.1MiB ETA:50m58s]

08/27 16:35:00 [[1;32mNOTICE[0m] CUID#18 - Redirecting to https://us.aws.cdn.hf.co/xet-bridge-us/6a83fdf1993fbb53ef83dbb1/c5e4bd4e5aead56c29af62fb4180f69b77a2f64cced4d117987bfbfb64860be4?response-content-disposition=inline%3B+filename*%3DUTF-8%27%27Ornith-1.5-35B-Q6_K.gguf%3B+filename%3D%22Ornith-1.5-35B-Q6_K.gguf%22%3B&X-Xet-Cas-Uid=public&user_id=public&Expires=1787823300&Policy=eyJTdGF0ZW1lbnQiOlt7IlJlc291cmNlIjoiaHR0cHM6Ly91cy5hd3MuY2RuLmhmLmNvL3hldC1icmlkZ2UtdXMvNmE4M2ZkZjE5OTNmYmI1M2VmODNkYmIxL2M1ZTRiZDRlNWFlYWQ1NmMyOWFmNjJmYjQxODBmNjliNzdhMmY2NGNjZWQ0ZDExNzk4N2JmYmZiNjQ4NjBiZTRcXD9yZXNwb25zZS1jb250ZW50LWRpc3Bvc2l0aW9uPWlubGluZSUzQitmaWxlbmFtZSUyQSUzRFVURi04JTI3JTI3T3JuaXRoLTEuNS0zNUItUTZfSy5nZ3VmJTNCK2ZpbGVuYW1lJTNEJTIyT3JuaXRoLTEuNS0zNUItUTZfSy5nZ3VmJTIyJTNCJlgtWGV0LUNhcy1VaWQ9cHVibGljJnVzZXJfaWQ9cHVibGljIiwiQ29uZGl0aW9uIjp7IkRhdGVMZXNzVGhhbiI6eyJFcG9jaFRpbWUiOjE3ODc4MjMzMDB9fX1dfQ__&Signature=MEUCIQDJzDkK0LyqlvNEW2F1eDjaHopfYlxLNJavtZEPZg0jDgIgVa0asSFqeTnU4cabIdOEaFI5nMQAgJjVii2Pv1PAf3Y_&Key-Pair-Id=01KXEF4KZ1B6FV465MAWR4M21F

08/27 16:35:00 [[1;32mNOTICE[0m] CUID#9 - Redirecting to https://us.aws.cdn.hf.co/xet-bridge-us/6a83fdf1993fbb53ef83dbb1/c5e4bd4e5aead56c29af62fb4180f69b77a2f64cced4d117987bfbfb64860be4?response-content-disposition=inline%3B+filename*%3DUTF-8%27%27Ornith-1.5-35B-Q6_K.gguf%3B+filename%3D%22Ornith-1.5-35B-Q6_K.gguf%22%3B&X-Xet-Cas-Uid=public&user_id=public&Expires=1787823300&Policy=eyJTdGF0ZW1lbnQiOlt7IlJlc291cmNlIjoiaHR0cHM6Ly91cy5hd3MuY2RuLmhmLmNvL3hldC1icmlkZ2UtdXMvNmE4M2ZkZjE5OTNmYmI1M2VmODNkYmIxL2M1ZTRiZDRlNWFlYWQ1NmMyOWFmNjJmYjQxODBmNjliNzdhMmY2NGNjZWQ0ZDExNzk4N2JmYmZiNjQ4NjBiZTRcXD9yZXNwb25zZS1jb250ZW50LWRpc3Bvc2l0aW9uPWlubGluZSUzQitmaWxlbmFtZSUyQSUzRFVURi04JTI3JTI3T3JuaXRoLTEuNS0zNUItUTZfSy5nZ3VmJTNCK2ZpbGVuYW1lJTNEJTIyT3JuaXRoLTEuNS0zNUItUTZfSy5nZ3VmJTIyJTNCJlgtWGV0LUNhcy1VaWQ9cHVibGljJnVzZXJfaWQ9cHVibGljIiwiQ29uZGl0aW9uIjp7IkRhdGVMZXNzVGhhbiI6eyJFcG9jaFRpbWUiOjE3ODc4MjMzMDB9fX1dfQ__&Signature=MEUCIQDJzDkK0LyqlvNEW2F1eDjaHopfYlxLNJavtZEPZg0jDgIgVa0asSFqeTnU4cabIdOEaFI5nMQAgJjVii2Pv1PAf3Y_&Key-Pair-Id=01KXEF4KZ1B6FV465MAWR4M21F

08/27 16:35:00 [[1;32mNOTICE[0m] CUID#13 - Redirecting to https://us.aws.cdn.hf.co/xet-bridge-us/6a83fdf1993fbb53ef83dbb1/c5e4bd4e5aead56c29af62fb4180f69b77a2f64cced4d117987bfbfb64860be4?response-content-disposition=inline%3B+filename*%3DUTF-8%27%27Ornith-1.5-35B-Q6_K.gguf%3B+filename%3D%22Ornith-1.5-35B-Q6_K.gguf%22%3B&X-Xet-Cas-Uid=public&user_id=public&Expires=1787823300&Policy=eyJTdGF0ZW1lbnQiOlt7IlJlc291cmNlIjoiaHR0cHM6Ly91cy5hd3MuY2RuLmhmLmNvL3hldC1icmlkZ2UtdXMvNmE4M2ZkZjE5OTNmYmI1M2VmODNkYmIxL2M1ZTRiZDRlNWFlYWQ1NmMyOWFmNjJmYjQxODBmNjliNzdhMmY2NGNjZWQ0ZDExNzk4N2JmYmZiNjQ4NjBiZTRcXD9yZXNwb25zZS1jb250ZW50LWRpc3Bvc2l0aW9uPWlubGluZSUzQitmaWxlbmFtZSUyQSUzRFVURi04JTI3JTI3T3JuaXRoLTEuNS0zNUItUTZfSy5nZ3VmJTNCK2ZpbGVuYW1lJTNEJTIyT3JuaXRoLTEuNS0zNUItUTZfSy5nZ3VmJTIyJTNCJlgtWGV0LUNhcy1VaWQ9cHVibGljJnVzZXJfaWQ9cHVibGljIiwiQ29uZGl0aW9uIjp7IkRhdGVMZXNzVGhhbiI6eyJFcG9jaFRpbWUiOjE3ODc4MjMzMDB9fX1dfQ__&Signature=MEUCIQDJzDkK0LyqlvNEW2F1eDjaHopfYlxLNJavtZEPZg0jDgIgVa0asSFqeTnU4cabIdOEaFI5nMQAgJjVii2Pv1PAf3Y_&Key-Pair-Id=01KXEF4KZ1B6FV465MAWR4M21F

08/27 16:35:00 [[1;32mNOTICE[0m] CUID#7 - Redirecting to https://us.aws.cdn.hf.co/xet-bridge-us/6a83fdf1993fbb53ef83dbb1/c5e4bd4e5aead56c29af62fb4180f69b77a2f64cced4d117987bfbfb64860be4?user_id=public&response-content-disposition=inline%3B+filename*%3DUTF-8%27%27Ornith-1.5-35B-Q6_K.gguf%3B+filename%3D%22Ornith-1.5-35B-Q6_K.gguf%22%3B&X-Xet-Cas-Uid=public&Expires=1787823300&Policy=eyJTdGF0ZW1lbnQiOlt7IlJlc291cmNlIjoiaHR0cHM6Ly91cy5hd3MuY2RuLmhmLmNvL3hldC1icmlkZ2UtdXMvNmE4M2ZkZjE5OTNmYmI1M2VmODNkYmIxL2M1ZTRiZDRlNWFlYWQ1NmMyOWFmNjJmYjQxODBmNjliNzdhMmY2NGNjZWQ0ZDExNzk4N2JmYmZiNjQ4NjBiZTRcXD91c2VyX2lkPXB1YmxpYyZyZXNwb25zZS1jb250ZW50LWRpc3Bvc2l0aW9uPWlubGluZSUzQitmaWxlbmFtZSUyQSUzRFVURi04JTI3JTI3T3JuaXRoLTEuNS0zNUItUTZfSy5nZ3VmJTNCK2ZpbGVuYW1lJTNEJTIyT3JuaXRoLTEuNS0zNUItUTZfSy5nZ3VmJTIyJTNCJlgtWGV0LUNhcy1VaWQ9cHVibGljIiwiQ29uZGl0aW9uIjp7IkRhdGVMZXNzVGhhbiI6eyJFcG9jaFRpbWUiOjE3ODc4MjMzMDB9fX1dfQ__&Signature=MEYCIQCL-Qk5lzHRL962DGfkKABzxPjt0wWtbSbyGtOOGMP6DQIhAK2dcHQOtej7vGgGGosjuSCZR8kT8ZMI4YJ-cU%7E3pqRI&Key-Pair-Id=01KXEF4KZ1B6FV465MAWR4M21F
[#8b2ec5 2.7GiB/27GiB(10%) CN:12 DL:7.3MiB ETA:56m41s]

08/27 16:35:01 [[1;32mNOTICE[0m] CUID#17 - Redirecting to https://us.aws.cdn.hf.co/xet-bridge-us/6a83fdf1993fbb53ef83dbb1/c5e4bd4e5aead56c29af62fb4180f69b77a2f64cced4d117987bfbfb64860be4?user_id=public&X-Xet-Cas-Uid=public&response-content-disposition=inline%3B+filename*%3DUTF-8%27%27Ornith-1.5-35B-Q6_K.gguf%3B+filename%3D%22Ornith-1.5-35B-Q6_K.gguf%22%3B&Expires=1787823301&Policy=eyJTdGF0ZW1lbnQiOlt7IlJlc291cmNlIjoiaHR0cHM6Ly91cy5hd3MuY2RuLmhmLmNvL3hldC1icmlkZ2UtdXMvNmE4M2ZkZjE5OTNmYmI1M2VmODNkYmIxL2M1ZTRiZDRlNWFlYWQ1NmMyOWFmNjJmYjQxODBmNjliNzdhMmY2NGNjZWQ0ZDExNzk4N2JmYmZiNjQ4NjBiZTRcXD91c2VyX2lkPXB1YmxpYyZYLVhldC1DYXMtVWlkPXB1YmxpYyZyZXNwb25zZS1jb250ZW50LWRpc3Bvc2l0aW9uPWlubGluZSUzQitmaWxlbmFtZSUyQSUzRFVURi04JTI3JTI3T3JuaXRoLTEuNS0zNUItUTZfSy5nZ3VmJTNCK2ZpbGVuYW1lJTNEJTIyT3JuaXRoLTEuNS0zNUItUTZfSy5nZ3VmJTIyJTNCIiwiQ29uZGl0aW9uIjp7IkRhdGVMZXNzVGhhbiI6eyJFcG9jaFRpbWUiOjE3ODc4MjMzMDF9fX1dfQ__&Signature=MEUCIQCOR3n33MdvtsMqnGuEtWf-kQGEVhIcmvnp3JZqCgwcPAIge18BKgfmtZg4gkz2nsEWf5MoqcXs-qC8AvCYyBbUpmE_&Key-Pair-Id=01KXEF4KZ1B6FV465MAWR4M21F
[#8b2ec5 2.7GiB/27GiB(10%) CN:12 DL:6.3MiB ETA:1h5m18s]
[#8b2ec5 2.7GiB/27GiB(10%) CN:12 DL:5.3MiB ETA:1h17m28s]

08/27 16:35:03 [[1;32mNOTICE[0m] CUID#23 - Redirecting to https://us.aws.cdn.hf.co/xet-bridge-us/6a83fdf1993fbb53ef83dbb1/c5e4bd4e5aead56c29af62fb4180f69b77a2f64cced4d117987bfbfb64860be4?X-Xet-Cas-Uid=public&response-content-disposition=inline%3B+filename*%3DUTF-8%27%27Ornith-1.5-35B-Q6_K.gguf%3B+filename%3D%22Ornith-1.5-35B-Q6_K.gguf%22%3B&user_id=public&Expires=1787823303&Policy=eyJTdGF0ZW1lbnQiOlt7IlJlc291cmNlIjoiaHR0cHM6Ly91cy5hd3MuY2RuLmhmLmNvL3hldC1icmlkZ2UtdXMvNmE4M2ZkZjE5OTNmYmI1M2VmODNkYmIxL2M1ZTRiZDRlNWFlYWQ1NmMyOWFmNjJmYjQxODBmNjliNzdhMmY2NGNjZWQ0ZDExNzk4N2JmYmZiNjQ4NjBiZTRcXD9YLVhldC1DYXMtVWlkPXB1YmxpYyZyZXNwb25zZS1jb250ZW50LWRpc3Bvc2l0aW9uPWlubGluZSUzQitmaWxlbmFtZSUyQSUzRFVURi04JTI3JTI3T3JuaXRoLTEuNS0zNUItUTZfSy5nZ3VmJTNCK2ZpbGVuYW1lJTNEJTIyT3JuaXRoLTEuNS0zNUItUTZfSy5nZ3VmJTIyJTNCJnVzZXJfaWQ9cHVibGljIiwiQ29uZGl0aW9uIjp7IkRhdGVMZXNzVGhhbiI6eyJFcG9jaFRpbWUiOjE3ODc4MjMzMDN9fX1dfQ__&Signature=MEQCIC8bV4ObDOZj4loWmMWJi3XkEDyLW%7E3E5suea1G5AobFAiBbp9WaD63FUT%7EjeMhu0klupixH2xU0iA7bblxvR7OtPg__&Key-Pair-Id=01KXEF4KZ1B6FV465MAWR4M21F
[#8b2ec5 2.7GiB/27GiB(10%) CN:12 DL:4.4MiB ETA:1h34m4s]

08/27 16:35:04 [[1;32mNOTICE[0m] CUID#19 - Redirecting to https://us.aws.cdn.hf.co/xet-bridge-us/6a83fdf1993fbb53ef83dbb1/c5e4bd4e5aead56c29af62fb4180f69b77a2f64cced4d117987bfbfb64860be4?X-Xet-Cas-Uid=public&response-content-disposition=inline%3B+filename*%3DUTF-8%27%27Ornith-1.5-35B-Q6_K.gguf%3B+filename%3D%22Ornith-1.5-35B-Q6_K.gguf%22%3B&user_id=public&Expires=1787823304&Policy=eyJTdGF0ZW1lbnQiOlt7IlJlc291cmNlIjoiaHR0cHM6Ly91cy5hd3MuY2RuLmhmLmNvL3hldC1icmlkZ2UtdXMvNmE4M2ZkZjE5OTNmYmI1M2VmODNkYmIxL2M1ZTRiZDRlNWFlYWQ1NmMyOWFmNjJmYjQxODBmNjliNzdhMmY2NGNjZWQ0ZDExNzk4N2JmYmZiNjQ4NjBiZTRcXD9YLVhldC1DYXMtVWlkPXB1YmxpYyZyZXNwb25zZS1jb250ZW50LWRpc3Bvc2l0aW9uPWlubGluZSUzQitmaWxlbmFtZSUyQSUzRFVURi04JTI3JTI3T3JuaXRoLTEuNS0zNUItUTZfSy5nZ3VmJTNCK2ZpbGVuYW1lJTNEJTIyT3JuaXRoLTEuNS0zNUItUTZfSy5nZ3VmJTIyJTNCJnVzZXJfaWQ9cHVibGljIiwiQ29uZGl0aW9uIjp7IkRhdGVMZXNzVGhhbiI6eyJFcG9jaFRpbWUiOjE3ODc4MjMzMDR9fX1dfQ__&Signature=MEUCIQDZcdM2tUEUAqgi3zHmslKgdb2ZTxo2deMCZmsjSAvpXgIgLvqVxQauVvxaMPnUnd90%7EswUGbBxYp8eHKnCZdZC1Zg_&Key-Pair-Id=01KXEF4KZ1B6FV465MAWR4M21F
[#8b2ec5 2.7GiB/27GiB(10%) CN:12 DL:3.9MiB ETA:1h45m42s]
[#8b2ec5 2.7GiB/27GiB(10%) CN:12 DL:3.2MiB ETA:2h8m43s]
[#8b2ec5 2.7GiB/27GiB(10%) CN:12 DL:2.7MiB ETA:2h33m19s]
[#8b2ec5 2.7GiB/27GiB(10%) CN:12 DL:2.7MiB ETA:2h31m7s]
[#8b2ec5 2.7GiB/27GiB(10%) CN:12 DL:2.8MiB ETA:2h28m24s]
[#8b2ec5 2.7GiB/27GiB(10%) CN:12 DL:3.8MiB ETA:1h49m33s]

08/27 16:35:10 [[1;32mNOTICE[0m] CUID#21 - Redirecting to https://us.aws.cdn.hf.co/xet-bridge-us/6a83fdf1993fbb53ef83dbb1/c5e4bd4e5aead56c29af62fb4180f69b77a2f64cced4d117987bfbfb64860be4?response-content-disposition=inline%3B+filename*%3DUTF-8%27%27Ornith-1.5-35B-Q6_K.gguf%3B+filename%3D%22Ornith-1.5-35B-Q6_K.gguf%22%3B&user_id=public&X-Xet-Cas-Uid=public&Expires=1787823310&Policy=eyJTdGF0ZW1lbnQiOlt7IlJlc291cmNlIjoiaHR0cHM6Ly91cy5hd3MuY2RuLmhmLmNvL3hldC1icmlkZ2UtdXMvNmE4M2ZkZjE5OTNmYmI1M2VmODNkYmIxL2M1ZTRiZDRlNWFlYWQ1NmMyOWFmNjJmYjQxODBmNjliNzdhMmY2NGNjZWQ0ZDExNzk4N2JmYmZiNjQ4NjBiZTRcXD9yZXNwb25zZS1jb250ZW50LWRpc3Bvc2l0aW9uPWlubGluZSUzQitmaWxlbmFtZSUyQSUzRFVURi04JTI3JTI3T3JuaXRoLTEuNS0zNUItUTZfSy5nZ3VmJTNCK2ZpbGVuYW1lJTNEJTIyT3JuaXRoLTEuNS0zNUItUTZfSy5nZ3VmJTIyJTNCJnVzZXJfaWQ9cHVibGljJlgtWGV0LUNhcy1VaWQ9cHVibGljIiwiQ29uZGl0aW9uIjp7IkRhdGVMZXNzVGhhbiI6eyJFcG9jaFRpbWUiOjE3ODc4MjMzMTB9fX1dfQ__&Signature=MEQCIF%7EA8P5I6kOSfwIzKYmR7ZlC1aTK4dPPCVXEoChO-UsnAiA-9kZns3XVzNV8-MrMtFmghhANex6-j%7EJAm6%7EBJSNPKw__&Key-Pair-Id=01KXEF4KZ1B6FV465MAWR4M21F
[#8b2ec5 2.8GiB/27GiB(10%) CN:12 DL:4.8MiB ETA:1h25m56s]
[#8b2ec5 2.8GiB/27GiB(10%) CN:12 DL:5.3MiB ETA:1h18m13s]
[#8b2ec5 2.8GiB/27GiB(10%) CN:12 DL:6.2MiB ETA:1h7m3s]
[#8b2ec5 2.8GiB/27GiB(10%) CN:12 DL:7.1MiB ETA:58m32s]
[#8b2ec5 2.8GiB/27GiB(10%) CN:12 DL:7.8MiB ETA:52m59s]

08/27 16:35:16 [[1;32mNOTICE[0m] CUID#22 - Redirecting to https://us.aws.cdn.hf.co/xet-bridge-us/6a83fdf1993fbb53ef83dbb1/c5e4bd4e5aead56c29af62fb4180f69b77a2f64cced4d117987bfbfb64860be4?X-Xet-Cas-Uid=public&user_id=public&response-content-disposition=inline%3B+filename*%3DUTF-8%27%27Ornith-1.5-35B-Q6_K.gguf%3B+filename%3D%22Ornith-1.5-35B-Q6_K.gguf%22%3B&Expires=1787823316&Policy=eyJTdGF0ZW1lbnQiOlt7IlJlc291cmNlIjoiaHR0cHM6Ly91cy5hd3MuY2RuLmhmLmNvL3hldC1icmlkZ2UtdXMvNmE4M2ZkZjE5OTNmYmI1M2VmODNkYmIxL2M1ZTRiZDRlNWFlYWQ1NmMyOWFmNjJmYjQxODBmNjliNzdhMmY2NGNjZWQ0ZDExNzk4N2JmYmZiNjQ4NjBiZTRcXD9YLVhldC1DYXMtVWlkPXB1YmxpYyZ1c2VyX2lkPXB1YmxpYyZyZXNwb25zZS1jb250ZW50LWRpc3Bvc2l0aW9uPWlubGluZSUzQitmaWxlbmFtZSUyQSUzRFVURi04JTI3JTI3T3JuaXRoLTEuNS0zNUItUTZfSy5nZ3VmJTNCK2ZpbGVuYW1lJTNEJTIyT3JuaXRoLTEuNS0zNUItUTZfSy5nZ3VmJTIyJTNCIiwiQ29uZGl0aW9uIjp7IkRhdGVMZXNzVGhhbiI6eyJFcG9jaFRpbWUiOjE3ODc4MjMzMTZ9fX1dfQ__&Signature=MEUCIQCmuhk1p0mQEew6XR4IfN-a9J0cayI9TyyL4-P6lHdh1gIgI5s453pUUgWAIoWp2pDdfw%7EdqtsIVtNfccpmuIRBr8w_&Key-Pair-Id=01KXEF4KZ1B6FV465MAWR4M21F
[#8b2ec5 2.8GiB/27GiB(10%) CN:12 DL:7.8MiB ETA:53m1s]
[#8b2ec5 2.8GiB/27GiB(10%) CN:12 DL:8.1MiB ETA:51m1s]
[#8b2ec5 2.8GiB/27GiB(10%) CN:12 DL:8.6MiB ETA:47m53s]
[#8b2ec5 2.8GiB/27GiB(10%) CN:12 DL:8.2MiB ETA:50m16s]
[#8b2ec5 2.8GiB/27GiB(10%) CN:12 DL:7.9MiB ETA:51m57s]
[#8b2ec5 2.8GiB/27GiB(10%) CN:12 DL:8.0MiB ETA:51m36s]
[#8b2ec5 2.8GiB/27GiB(10%) CN:12 DL:7.6MiB ETA:54m24s]
[#8b2ec5 2.9GiB/27GiB(10%) CN:12 DL:7.4MiB ETA:55m53s]
[#8b2ec5 2.9GiB/27GiB(10%) CN:12 DL:7.2MiB ETA:57m24s]
[#8b2ec5 2.9GiB/27GiB(10%) CN:12 DL:7.6MiB ETA:54m7s]
[#8b2ec5 2.9GiB/27GiB(10%) CN:12 DL:7.1MiB ETA:57m44s]
[#8b2ec5 2.9GiB/27GiB(10%) CN:12 DL:6.6MiB ETA:1h2m34s]
[#8b2ec5 2.9GiB/27GiB(10%) CN:12 DL:6.6MiB ETA:1h2m4s]
[#8b2ec5 2.9GiB/27GiB(10%) CN:12 DL:6.5MiB ETA:1h3m25s]
[#8b2ec5 2.9GiB/27GiB(10%) CN:12 DL:6.5MiB ETA:1h3m18s]
[#8b2ec5 2.9GiB/27GiB(10%) CN:12 DL:6.4MiB ETA:1h4m3s]
[#8b2ec5 2.9GiB/27GiB(10%) CN:12 DL:6.2MiB ETA:1h6m22s]
[#8b2ec5 2.9GiB/27GiB(10%) CN:12 DL:6.2MiB ETA:1h5m59s]
[#8b2ec5 2.9GiB/27GiB(10%) CN:12 DL:5.7MiB ETA:1h12m12s]
[#8b2ec5 2.9GiB/27GiB(10%) CN:12 DL:6.1MiB ETA:1h7m17s]
[#8b2ec5 2.9GiB/27GiB(10%) CN:12 DL:6.0MiB ETA:1h8m49s]

08/27 16:35:38 [[1;32mNOTICE[0m] CUID#14 - Redirecting to https://us.aws.cdn.hf.co/xet-bridge-us/6a83fdf1993fbb53ef83dbb1/c5e4bd4e5aead56c29af62fb4180f69b77a2f64cced4d117987bfbfb64860be4?X-Xet-Cas-Uid=public&response-content-disposition=inline%3B+filename*%3DUTF-8%27%27Ornith-1.5-35B-Q6_K.gguf%3B+filename%3D%22Ornith-1.5-35B-Q6_K.gguf%22%3B&user_id=public&Expires=1787823338&Policy=eyJTdGF0ZW1lbnQiOlt7IlJlc291cmNlIjoiaHR0cHM6Ly91cy5hd3MuY2RuLmhmLmNvL3hldC1icmlkZ2UtdXMvNmE4M2ZkZjE5OTNmYmI1M2VmODNkYmIxL2M1ZTRiZDRlNWFlYWQ1NmMyOWFmNjJmYjQxODBmNjliNzdhMmY2NGNjZWQ0ZDExNzk4N2JmYmZiNjQ4NjBiZTRcXD9YLVhldC1DYXMtVWlkPXB1YmxpYyZyZXNwb25zZS1jb250ZW50LWRpc3Bvc2l0aW9uPWlubGluZSUzQitmaWxlbmFtZSUyQSUzRFVURi04JTI3JTI3T3JuaXRoLTEuNS0zNUItUTZfSy5nZ3VmJTNCK2ZpbGVuYW1lJTNEJTIyT3JuaXRoLTEuNS0zNUItUTZfSy5nZ3VmJTIyJTNCJnVzZXJfaWQ9cHVibGljIiwiQ29uZGl0aW9uIjp7IkRhdGVMZXNzVGhhbiI6eyJFcG9jaFRpbWUiOjE3ODc4MjMzMzh9fX1dfQ__&Signature=MEUCIGLxF4q8Lp9F7di1CxDTFLn8ro16mJ3M4EtkC5FDPRURAiEAnfPaR3jUheaC23syLoRD-ftGx%7EUC8Rc8gFE8H8BoYyk_&Key-Pair-Id=01KXEF4KZ1B6FV465MAWR4M21F
[#8b2ec5 2.9GiB/27GiB(11%) CN:12 DL:6.0MiB ETA:1h8m3s]
[#8b2ec5 2.9GiB/27GiB(11%) CN:12 DL:5.8MiB ETA:1h10m39s]
 *** Download Progress Summary as of Thu Aug 27 16:35:41 2026 *** 
===============================================================================
[#8b2ec5 3.0GiB/27GiB(11%) CN:12 DL:6.0MiB ETA:1h8m35s]
FILE: /Users/wilsonxu/Models/ornith-256k/llamacpp/models/Ornith-1.5-35B-Q6_K.gguf
-------------------------------------------------------------------------------

[#8b2ec5 3.0GiB/27GiB(11%) CN:12 DL:6.0MiB ETA:1h8m35s]
[#8b2ec5 3.0GiB/27GiB(11%) CN:12 DL:5.8MiB ETA:1h11m2s]
[#8b2ec5 3.0GiB/27GiB(11%) CN:12 DL:6.1MiB ETA:1h7m23s]
[#8b2ec5 3.0GiB/27GiB(11%) CN:12 DL:5.7MiB ETA:1h12m14s]
[#8b2ec5 3.0GiB/27GiB(11%) CN:12 DL:5.8MiB ETA:1h10m45s]
[#8b2ec5 3.0GiB/27GiB(11%) CN:12 DL:5.7MiB ETA:1h11m12s]
[#8b2ec5 3.0GiB/27GiB(11%) CN:12 DL:6.0MiB ETA:1h7m59s]
[#8b2ec5 3.0GiB/27GiB(11%) CN:12 DL:5.7MiB ETA:1h12m9s]
[#8b2ec5 3.0GiB/27GiB(11%) CN:12 DL:5.8MiB ETA:1h10m18s]
[#8b2ec5 3.0GiB/27GiB(11%) CN:12 DL:5.6MiB ETA:1h13m11s]
[#8b2ec5 3.0GiB/27GiB(11%) CN:12 DL:6.2MiB ETA:1h6m3s]
[#8b2ec5 3.0GiB/27GiB(11%) CN:12 DL:5.9MiB ETA:1h9m14s]
[#8b2ec5 3.0GiB/27GiB(11%) CN:12 DL:6.1MiB ETA:1h7m26s]
[#8b2ec5 3.0GiB/27GiB(11%) CN:12 DL:6.0MiB ETA:1h7m57s]
[#8b2ec5 3.0GiB/27GiB(11%) CN:12 DL:5.8MiB ETA:1h10m35s]
[#8b2ec5 3.0GiB/27GiB(11%) CN:12 DL:6.0MiB ETA:1h8m14s]
[#8b2ec5 3.1GiB/27GiB(11%) CN:12 DL:6.0MiB ETA:1h7m28s]
[#8b2ec5 3.1GiB/27GiB(11%) CN:12 DL:5.9MiB ETA:1h9m13s]
[#8b2ec5 3.1GiB/27GiB(11%) CN:12 DL:6.1MiB ETA:1h7m22s]
[#8b2ec5 3.1GiB/27GiB(11%) CN:12 DL:5.8MiB ETA:1h10m41s]
[#8b2ec5 3.1GiB/27GiB(11%) CN:12 DL:5.6MiB ETA:1h12m31s]
[#8b2ec5 3.1GiB/27GiB(11%) CN:12 DL:6.0MiB ETA:1h8m12s]
[#8b2ec5 3.1GiB/27GiB(11%) CN:12 DL:6.0MiB ETA:1h7m54s]
[#8b2ec5 3.1GiB/27GiB(11%) CN:12 DL:5.8MiB ETA:1h10m7s]
[#8b2ec5 3.1GiB/27GiB(11%) CN:12 DL:5.7MiB ETA:1h11m58s]
[#8b2ec5 3.1GiB/27GiB(11%) CN:12 DL:5.7MiB ETA:1h10m49s]
[#8b2ec5 3.1GiB/27GiB(11%) CN:12 DL:5.7MiB ETA:1h11m47s]
[#8b2ec5 3.1GiB/27GiB(11%) CN:12 DL:5.5MiB ETA:1h13m32s]
[#8b2ec5 3.1GiB/27GiB(11%) CN:12 DL:5.5MiB ETA:1h13m53s]
[#8b2ec5 3.1GiB/27GiB(11%) CN:12 DL:5.5MiB ETA:1h13m23s]
[#8b2ec5 3.1GiB/27GiB(11%) CN:12 DL:5.3MiB ETA:1h17m18s]
[#8b2ec5 3.1GiB/27GiB(11%) CN:12 DL:5.3MiB ETA:1h17m14s]
[#8b2ec5 3.1GiB/27GiB(11%) CN:12 DL:5.5MiB ETA:1h14m20s]
[#8b2ec5 3.1GiB/27GiB(11%) CN:12 DL:5.1MiB ETA:1h19m34s]
[#8b2ec5 3.2GiB/27GiB(11%) CN:12 DL:4.9MiB ETA:1h22m16s]
[#8b2ec5 3.2GiB/27GiB(11%) CN:12 DL:5.1MiB ETA:1h19m12s]
[#8b2ec5 3.2GiB/27GiB(11%) CN:12 DL:5.1MiB ETA:1h20m]
[#8b2ec5 3.2GiB/27GiB(11%) CN:12 DL:4.9MiB ETA:1h22m14s]
[#8b2ec5 3.2GiB/27GiB(11%) CN:12 DL:4.9MiB ETA:1h22m8s]
[#8b2ec5 3.2GiB/27GiB(11%) CN:12 DL:4.8MiB ETA:1h24m43s]
[#8b2ec5 3.2GiB/27GiB(11%) CN:12 DL:4.8MiB ETA:1h24m42s]
[#8b2ec5 3.2GiB/27GiB(11%) CN:12 DL:4.6MiB ETA:1h27m11s]
[#8b2ec5 3.2GiB/27GiB(11%) CN:12 DL:4.8MiB ETA:1h24m24s]
[#8b2ec5 3.2GiB/27GiB(11%) CN:12 DL:4.6MiB ETA:1h28m6s]
[#8b2ec5 3.2GiB/27GiB(11%) CN:12 DL:4.4MiB ETA:1h31m1s]
[#8b2ec5 3.2GiB/27GiB(11%) CN:12 DL:4.2MiB ETA:1h35m20s]
[#8b2ec5 3.2GiB/27GiB(11%) CN:12 DL:4.2MiB ETA:1h36m13s]
[#8b2ec5 3.2GiB/27GiB(11%) CN:12 DL:4.2MiB ETA:1h36m40s]
[#8b2ec5 3.2GiB/27GiB(12%) CN:12 DL:4.2MiB ETA:1h36m46s]
[#8b2ec5 3.2GiB/27GiB(12%) CN:12 DL:4.1MiB ETA:1h38m56s]
[#8b2ec5 3.2GiB/27GiB(12%) CN:12 DL:4.1MiB ETA:1h38m22s]
[#8b2ec5 3.2GiB/27GiB(12%) CN:12 DL:4.1MiB ETA:1h39m32s]
[#8b2ec5 3.2GiB/27GiB(12%) CN:12 DL:4.2MiB ETA:1h35m33s]
[#8b2ec5 3.2GiB/27GiB(12%) CN:12 DL:3.9MiB ETA:1h42m35s]
[#8b2ec5 3.2GiB/27GiB(12%) CN:12 DL:4.0MiB ETA:1h41m59s]
[#8b2ec5 3.2GiB/27GiB(12%) CN:12 DL:4.1MiB ETA:1h39m10s]
[#8b2ec5 3.2GiB/27GiB(12%) CN:12 DL:3.8MiB ETA:1h44m53s]
[#8b2ec5 3.3GiB/27GiB(12%) CN:12 DL:3.8MiB ETA:1h44m49s]
 *** Download Progress Summary as of Thu Aug 27 16:36:42 2026 *** 
===============================================================================
[#8b2ec5 3.3GiB/27GiB(12%) CN:12 DL:3.8MiB ETA:1h45m18s]
FILE: /Users/wilsonxu/Models/ornith-256k/llamacpp/models/Ornith-1.5-35B-Q6_K.gguf
-------------------------------------------------------------------------------

[#8b2ec5 3.3GiB/27GiB(12%) CN:12 DL:3.8MiB ETA:1h45m18s]
[#8b2ec5 3.3GiB/27GiB(12%) CN:12 DL:3.8MiB ETA:1h45m7s]
[#8b2ec5 3.3GiB/27GiB(12%) CN:12 DL:3.8MiB ETA:1h46m36s]
[#8b2ec5 3.3GiB/27GiB(12%) CN:12 DL:3.8MiB ETA:1h44m50s]
[#8b2ec5 3.3GiB/27GiB(12%) CN:12 DL:4.0MiB ETA:1h40m38s]
[#8b2ec5 3.3GiB/27GiB(12%) CN:12 DL:3.9MiB ETA:1h44m26s]
[#8b2ec5 3.3GiB/27GiB(12%) CN:12 DL:3.8MiB ETA:1h45m51s]
[#8b2ec5 3.3GiB/27GiB(12%) CN:12 DL:3.9MiB ETA:1h42m43s]
[#8b2ec5 3.3GiB/27GiB(12%) CN:12 DL:4.0MiB ETA:1h40m6s]
[#8b2ec5 3.3GiB/27GiB(12%) CN:12 DL:3.9MiB ETA:1h43m34s]
[#8b2ec5 3.3GiB/27GiB(12%) CN:12 DL:3.8MiB ETA:1h44m23s]
[#8b2ec5 3.3GiB/27GiB(12%) CN:12 DL:3.9MiB ETA:1h43m15s]
[#8b2ec5 3.3GiB/27GiB(12%) CN:12 DL:3.8MiB ETA:1h44m41s]
[#8b2ec5 3.3GiB/27GiB(12%) CN:12 DL:3.8MiB ETA:1h44m30s]
[#8b2ec5 3.3GiB/27GiB(12%) CN:12 DL:4.0MiB ETA:1h40m32s]
[#8b2ec5 3.3GiB/27GiB(12%) CN:12 DL:3.7MiB ETA:1h47m47s]
[#8b2ec5 3.3GiB/27GiB(12%) CN:12 DL:3.8MiB ETA:1h45m43s]
[#8b2ec5 3.3GiB/27GiB(12%) CN:12 DL:3.7MiB ETA:1h49m41s]
[#8b2ec5 3.3GiB/27GiB(12%) CN:12 DL:3.8MiB ETA:1h46m41s]
[#8b2ec5 3.3GiB/27GiB(12%) CN:12 DL:3.6MiB ETA:1h50m33s]
[#8b2ec5 3.3GiB/27GiB(12%) CN:12 DL:3.7MiB ETA:1h48m51s]
[#8b2ec5 3.3GiB/27GiB(12%) CN:12 DL:3.6MiB ETA:1h52m14s]
[#8b2ec5 3.3GiB/27GiB(12%) CN:12 DL:3.6MiB ETA:1h51m52s]
[#8b2ec5 3.3GiB/27GiB(12%) CN:12 DL:3.6MiB ETA:1h51m42s]
[#8b2ec5 3.3GiB/27GiB(12%) CN:12 DL:3.8MiB ETA:1h45m46s]
[#8b2ec5 3.4GiB/27GiB(12%) CN:12 DL:3.5MiB ETA:1h53m27s]
[#8b2ec5 3.4GiB/27GiB(12%) CN:12 DL:3.5MiB ETA:1h55m18s]
[#8b2ec5 3.4GiB/27GiB(12%) CN:12 DL:3.5MiB ETA:1h54m28s]
[#8b2ec5 3.4GiB/27GiB(12%) CN:12 DL:3.5MiB ETA:1h54m51s]
[#8b2ec5 3.4GiB/27GiB(12%) CN:12 DL:3.3MiB ETA:1h59m43s]
[#8b2ec5 3.4GiB/27GiB(12%) CN:12 DL:3.4MiB ETA:1h56m18s]
[#8b2ec5 3.4GiB/27GiB(12%) CN:12 DL:3.5MiB ETA:1h54m47s]
[#8b2ec5 3.4GiB/27GiB(12%) CN:12 DL:3.3MiB ETA:1h59m28s]
[#8b2ec5 3.4GiB/27GiB(12%) CN:12 DL:3.4MiB ETA:1h56m48s]
[#8b2ec5 3.4GiB/27GiB(12%) CN:12 DL:3.7MiB ETA:1h48m5s]
[#8b2ec5 3.4GiB/27GiB(12%) CN:12 DL:3.5MiB ETA:1h53m50s]
[#8b2ec5 3.4GiB/27GiB(12%) CN:12 DL:3.5MiB ETA:1h55m35s]
[#8b2ec5 3.4GiB/27GiB(12%) CN:12 DL:3.4MiB ETA:1h56m36s]
[#8b2ec5 3.4GiB/27GiB(12%) CN:12 DL:3.6MiB ETA:1h51m31s]
[#8b2ec5 3.4GiB/27GiB(12%) CN:12 DL:3.5MiB ETA:1h55m40s]
[#8b2ec5 3.4GiB/27GiB(12%) CN:12 DL:3.5MiB ETA:1h55m43s]
[#8b2ec5 3.4GiB/27GiB(12%) CN:12 DL:3.5MiB ETA:1h54m16s]
[#8b2ec5 3.4GiB/27GiB(12%) CN:12 DL:3.5MiB ETA:1h55m1s]
[#8b2ec5 3.4GiB/27GiB(12%) CN:12 DL:3.3MiB ETA:1h59m15s]
[#8b2ec5 3.4GiB/27GiB(12%) CN:12 DL:3.6MiB ETA:1h51m5s]
[#8b2ec5 3.4GiB/27GiB(12%) CN:12 DL:3.4MiB ETA:1h58m29s]

08/27 16:37:30 [[1;32mNOTICE[0m] CUID#23 - Redirecting to https://us.aws.cdn.hf.co/xet-bridge-us/6a83fdf1993fbb53ef83dbb1/c5e4bd4e5aead56c29af62fb4180f69b77a2f64cced4d117987bfbfb64860be4?response-content-disposition=inline%3B+filename*%3DUTF-8%27%27Ornith-1.5-35B-Q6_K.gguf%3B+filename%3D%22Ornith-1.5-35B-Q6_K.gguf%22%3B&X-Xet-Cas-Uid=public&user_id=public&Expires=1787823449&Policy=eyJTdGF0ZW1lbnQiOlt7IlJlc291cmNlIjoiaHR0cHM6Ly91cy5hd3MuY2RuLmhmLmNvL3hldC1icmlkZ2UtdXMvNmE4M2ZkZjE5OTNmYmI1M2VmODNkYmIxL2M1ZTRiZDRlNWFlYWQ1NmMyOWFmNjJmYjQxODBmNjliNzdhMmY2NGNjZWQ0ZDExNzk4N2JmYmZiNjQ4NjBiZTRcXD9yZXNwb25zZS1jb250ZW50LWRpc3Bvc2l0aW9uPWlubGluZSUzQitmaWxlbmFtZSUyQSUzRFVURi04JTI3JTI3T3JuaXRoLTEuNS0zNUItUTZfSy5nZ3VmJTNCK2ZpbGVuYW1lJTNEJTIyT3JuaXRoLTEuNS0zNUItUTZfSy5nZ3VmJTIyJTNCJlgtWGV0LUNhcy1VaWQ9cHVibGljJnVzZXJfaWQ9cHVibGljIiwiQ29uZGl0aW9uIjp7IkRhdGVMZXNzVGhhbiI6eyJFcG9jaFRpbWUiOjE3ODc4MjM0NDl9fX1dfQ__&Signature=MEUCIGLBKcPUFt3YC0N5Ywqzxi-TrbQIloM%7EKJgEPof8v1Q0AiEAxUHbR%7ElJkIXHGG6FE95De1Q9AHGDx7LT2y70KGTlfUY_&Key-Pair-Id=01KXEF4KZ1B6FV465MAWR4M21F
[#8b2ec5 3.4GiB/27GiB(12%) CN:12 DL:3.2MiB ETA:2h2m52s]

08/27 16:37:30 [[1;32mNOTICE[0m] CUID#13 - Redirecting to https://us.aws.cdn.hf.co/xet-bridge-us/6a83fdf1993fbb53ef83dbb1/c5e4bd4e5aead56c29af62fb4180f69b77a2f64cced4d117987bfbfb64860be4?user_id=public&X-Xet-Cas-Uid=public&response-content-disposition=inline%3B+filename*%3DUTF-8%27%27Ornith-1.5-35B-Q6_K.gguf%3B+filename%3D%22Ornith-1.5-35B-Q6_K.gguf%22%3B&Expires=1787823450&Policy=eyJTdGF0ZW1lbnQiOlt7IlJlc291cmNlIjoiaHR0cHM6Ly91cy5hd3MuY2RuLmhmLmNvL3hldC1icmlkZ2UtdXMvNmE4M2ZkZjE5OTNmYmI1M2VmODNkYmIxL2M1ZTRiZDRlNWFlYWQ1NmMyOWFmNjJmYjQxODBmNjliNzdhMmY2NGNjZWQ0ZDExNzk4N2JmYmZiNjQ4NjBiZTRcXD91c2VyX2lkPXB1YmxpYyZYLVhldC1DYXMtVWlkPXB1YmxpYyZyZXNwb25zZS1jb250ZW50LWRpc3Bvc2l0aW9uPWlubGluZSUzQitmaWxlbmFtZSUyQSUzRFVURi04JTI3JTI3T3JuaXRoLTEuNS0zNUItUTZfSy5nZ3VmJTNCK2ZpbGVuYW1lJTNEJTIyT3JuaXRoLTEuNS0zNUItUTZfSy5nZ3VmJTIyJTNCIiwiQ29uZGl0aW9uIjp7IkRhdGVMZXNzVGhhbiI6eyJFcG9jaFRpbWUiOjE3ODc4MjM0NTB9fX1dfQ__&Signature=MEUCIEQJl6fsBdn2iiLmTu8wvcl1MVzpJ6lFDM%7EXsWIk2GfEAiEAnX-mkghG5nCLP2uC8akAXgTEbmfsQ08mtrKfTcNiV6I_&Key-Pair-Id=01KXEF4KZ1B6FV465MAWR4M21F
[#8b2ec5 3.4GiB/27GiB(12%) CN:12 DL:2.9MiB ETA:2h16m33s]
[#8b2ec5 3.4GiB/27GiB(12%) CN:12 DL:2.7MiB ETA:2h26m1s]
[#8b2ec5 3.4GiB/27GiB(12%) CN:12 DL:2.4MiB ETA:2h44m40s]
[#8b2ec5 3.4GiB/27GiB(12%) CN:12 DL:2.3MiB ETA:2h55m48s]
[#8b2ec5 3.4GiB/27GiB(12%) CN:12 DL:2.0MiB ETA:3h15m44s]
[#8b2ec5 3.4GiB/27GiB(12%) CN:12 DL:1.8MiB ETA:3h34m56s]
[#8b2ec5 3.4GiB/27GiB(12%) CN:12 DL:2.0MiB ETA:3h22m10s]
[#8b2ec5 3.4GiB/27GiB(12%) CN:12 DL:2.4MiB ETA:2h47m12s]
[#8b2ec5 3.5GiB/27GiB(12%) CN:12 DL:2.8MiB ETA:2h20m23s]
[#8b2ec5 3.5GiB/27GiB(12%) CN:12 DL:3.4MiB ETA:1h57m17s]

08/27 16:37:40 [[1;32mNOTICE[0m] CUID#17 - Redirecting to https://us.aws.cdn.hf.co/xet-bridge-us/6a83fdf1993fbb53ef83dbb1/c5e4bd4e5aead56c29af62fb4180f69b77a2f64cced4d117987bfbfb64860be4?response-content-disposition=inline%3B+filename*%3DUTF-8%27%27Ornith-1.5-35B-Q6_K.gguf%3B+filename%3D%22Ornith-1.5-35B-Q6_K.gguf%22%3B&X-Xet-Cas-Uid=public&user_id=public&Expires=1787823459&Policy=eyJTdGF0ZW1lbnQiOlt7IlJlc291cmNlIjoiaHR0cHM6Ly91cy5hd3MuY2RuLmhmLmNvL3hldC1icmlkZ2UtdXMvNmE4M2ZkZjE5OTNmYmI1M2VmODNkYmIxL2M1ZTRiZDRlNWFlYWQ1NmMyOWFmNjJmYjQxODBmNjliNzdhMmY2NGNjZWQ0ZDExNzk4N2JmYmZiNjQ4NjBiZTRcXD9yZXNwb25zZS1jb250ZW50LWRpc3Bvc2l0aW9uPWlubGluZSUzQitmaWxlbmFtZSUyQSUzRFVURi04JTI3JTI3T3JuaXRoLTEuNS0zNUItUTZfSy5nZ3VmJTNCK2ZpbGVuYW1lJTNEJTIyT3JuaXRoLTEuNS0zNUItUTZfSy5nZ3VmJTIyJTNCJlgtWGV0LUNhcy1VaWQ9cHVibGljJnVzZXJfaWQ9cHVibGljIiwiQ29uZGl0aW9uIjp7IkRhdGVMZXNzVGhhbiI6eyJFcG9jaFRpbWUiOjE3ODc4MjM0NTl9fX1dfQ__&Signature=MEUCIFm90HJRv4KACfv4O8-gQIiRzD6GsfKIxTjN0dCDxj8hAiEA7lYmDKzmMch98WAWapl3OW0mJQkLeHajYJcdSQ4mbOE_&Key-Pair-Id=01KXEF4KZ1B6FV465MAWR4M21F
[#8b2ec5 3.5GiB/27GiB(12%) CN:12 DL:3.9MiB ETA:1h43m37s]
 *** Download Progress Summary as of Thu Aug 27 16:37:42 2026 *** 
===============================================================================
[#8b2ec5 3.5GiB/27GiB(12%) CN:12 DL:4.2MiB ETA:1h34m9s]
FILE: /Users/wilsonxu/Models/ornith-256k/llamacpp/models/Ornith-1.5-35B-Q6_K.gguf
-------------------------------------------------------------------------------

[#8b2ec5 3.5GiB/27GiB(12%) CN:12 DL:4.2MiB ETA:1h34m9s]

08/27 16:37:42 [[1;32mNOTICE[0m] CUID#22 - Redirecting to https://us.aws.cdn.hf.co/xet-bridge-us/6a83fdf1993fbb53ef83dbb1/c5e4bd4e5aead56c29af62fb4180f69b77a2f64cced4d117987bfbfb64860be4?X-Xet-Cas-Uid=public&response-content-disposition=inline%3B+filename*%3DUTF-8%27%27Ornith-1.5-35B-Q6_K.gguf%3B+filename%3D%22Ornith-1.5-35B-Q6_K.gguf%22%3B&user_id=public&Expires=1787823462&Policy=eyJTdGF0ZW1lbnQiOlt7IlJlc291cmNlIjoiaHR0cHM6Ly91cy5hd3MuY2RuLmhmLmNvL3hldC1icmlkZ2UtdXMvNmE4M2ZkZjE5OTNmYmI1M2VmODNkYmIxL2M1ZTRiZDRlNWFlYWQ1NmMyOWFmNjJmYjQxODBmNjliNzdhMmY2NGNjZWQ0ZDExNzk4N2JmYmZiNjQ4NjBiZTRcXD9YLVhldC1DYXMtVWlkPXB1YmxpYyZyZXNwb25zZS1jb250ZW50LWRpc3Bvc2l0aW9uPWlubGluZSUzQitmaWxlbmFtZSUyQSUzRFVURi04JTI3JTI3T3JuaXRoLTEuNS0zNUItUTZfSy5nZ3VmJTNCK2ZpbGVuYW1lJTNEJTIyT3JuaXRoLTEuNS0zNUItUTZfSy5nZ3VmJTIyJTNCJnVzZXJfaWQ9cHVibGljIiwiQ29uZGl0aW9uIjp7IkRhdGVMZXNzVGhhbiI6eyJFcG9jaFRpbWUiOjE3ODc4MjM0NjJ9fX1dfQ__&Signature=MEUCIQCaN10A2aSrld92i-Jm6nnyPhrZOWJih20eGwC%7ECVTltQIgKS2JBljpNEImu2nFkoU%7EPJXgRWE4c7MdTmJCeDRzGWc_&Key-Pair-Id=01KXEF4KZ1B6FV465MAWR4M21F
[#8b2ec5 3.5GiB/27GiB(12%) CN:12 DL:4.4MiB ETA:1h31m9s]
[#8b2ec5 3.5GiB/27GiB(12%) CN:12 DL:4.5MiB ETA:1h27m54s]
[#8b2ec5 3.5GiB/27GiB(12%) CN:12 DL:4.9MiB ETA:1h22m13s]

08/27 16:37:46 [[1;32mNOTICE[0m] CUID#19 - Redirecting to https://us.aws.cdn.hf.co/xet-bridge-us/6a83fdf1993fbb53ef83dbb1/c5e4bd4e5aead56c29af62fb4180f69b77a2f64cced4d117987bfbfb64860be4?user_id=public&response-content-disposition=inline%3B+filename*%3DUTF-8%27%27Ornith-1.5-35B-Q6_K.gguf%3B+filename%3D%22Ornith-1.5-35B-Q6_K.gguf%22%3B&X-Xet-Cas-Uid=public&Expires=1787823466&Policy=eyJTdGF0ZW1lbnQiOlt7IlJlc291cmNlIjoiaHR0cHM6Ly91cy5hd3MuY2RuLmhmLmNvL3hldC1icmlkZ2UtdXMvNmE4M2ZkZjE5OTNmYmI1M2VmODNkYmIxL2M1ZTRiZDRlNWFlYWQ1NmMyOWFmNjJmYjQxODBmNjliNzdhMmY2NGNjZWQ0ZDExNzk4N2JmYmZiNjQ4NjBiZTRcXD91c2VyX2lkPXB1YmxpYyZyZXNwb25zZS1jb250ZW50LWRpc3Bvc2l0aW9uPWlubGluZSUzQitmaWxlbmFtZSUyQSUzRFVURi04JTI3JTI3T3JuaXRoLTEuNS0zNUItUTZfSy5nZ3VmJTNCK2ZpbGVuYW1lJTNEJTIyT3JuaXRoLTEuNS0zNUItUTZfSy5nZ3VmJTIyJTNCJlgtWGV0LUNhcy1VaWQ9cHVibGljIiwiQ29uZGl0aW9uIjp7IkRhdGVMZXNzVGhhbiI6eyJFcG9jaFRpbWUiOjE3ODc4MjM0NjZ9fX1dfQ__&Signature=MEUCIQD7pPtxKDAcVVBqGKJeIvZQZgpHZViDH%7E%7EbYkt0NwQJbQIgaBe9AOQDmEMvPqR4CXNq0UguA5wzCu8%7E5SApYzngu9I_&Key-Pair-Id=01KXEF4KZ1B6FV465MAWR4M21F
[#8b2ec5 3.5GiB/27GiB(13%) CN:12 DL:5.0MiB ETA:1h20m34s]

08/27 16:37:47 [[1;32mNOTICE[0m] CUID#9 - Redirecting to https://us.aws.cdn.hf.co/xet-bridge-us/6a83fdf1993fbb53ef83dbb1/c5e4bd4e5aead56c29af62fb4180f69b77a2f64cced4d117987bfbfb64860be4?response-content-disposition=inline%3B+filename*%3DUTF-8%27%27Ornith-1.5-35B-Q6_K.gguf%3B+filename%3D%22Ornith-1.5-35B-Q6_K.gguf%22%3B&user_id=public&X-Xet-Cas-Uid=public&Expires=1787823467&Policy=eyJTdGF0ZW1lbnQiOlt7IlJlc291cmNlIjoiaHR0cHM6Ly91cy5hd3MuY2RuLmhmLmNvL3hldC1icmlkZ2UtdXMvNmE4M2ZkZjE5OTNmYmI1M2VmODNkYmIxL2M1ZTRiZDRlNWFlYWQ1NmMyOWFmNjJmYjQxODBmNjliNzdhMmY2NGNjZWQ0ZDExNzk4N2JmYmZiNjQ4NjBiZTRcXD9yZXNwb25zZS1jb250ZW50LWRpc3Bvc2l0aW9uPWlubGluZSUzQitmaWxlbmFtZSUyQSUzRFVURi04JTI3JTI3T3JuaXRoLTEuNS0zNUItUTZfSy5nZ3VmJTNCK2ZpbGVuYW1lJTNEJTIyT3JuaXRoLTEuNS0zNUItUTZfSy5nZ3VmJTIyJTNCJnVzZXJfaWQ9cHVibGljJlgtWGV0LUNhcy1VaWQ9cHVibGljIiwiQ29uZGl0aW9uIjp7IkRhdGVMZXNzVGhhbiI6eyJFcG9jaFRpbWUiOjE3ODc4MjM0Njd9fX1dfQ__&Signature=MEYCIQCV22NVCrMbLi70A7vecei8gdQpIjFNTZ660Z3pX6xF0QIhAPm7yjkE7Lyk1ueIsx-MZSznTEtiD52qktv1pz6O8BD-&Key-Pair-Id=01KXEF4KZ1B6FV465MAWR4M21F
[#8b2ec5 3.5GiB/27GiB(13%) CN:12 DL:5.0MiB ETA:1h20m17s]
[#8b2ec5 3.5GiB/27GiB(13%) CN:12 DL:4.8MiB ETA:1h23m20s]
[#8b2ec5 3.5GiB/27GiB(13%) CN:12 DL:4.8MiB ETA:1h22m38s]
[#8b2ec5 3.5GiB/27GiB(13%) CN:12 DL:4.7MiB ETA:1h24m36s]
[#8b2ec5 3.5GiB/27GiB(13%) CN:12 DL:4.8MiB ETA:1h23m]
[#8b2ec5 3.5GiB/27GiB(13%) CN:12 DL:5.5MiB ETA:1h13m7s]
[#8b2ec5 3.5GiB/27GiB(13%) CN:12 DL:5.8MiB ETA:1h9m1s]

08/27 16:37:55 [[1;32mNOTICE[0m] CUID#21 - Redirecting to https://us.aws.cdn.hf.co/xet-bridge-us/6a83fdf1993fbb53ef83dbb1/c5e4bd4e5aead56c29af62fb4180f69b77a2f64cced4d117987bfbfb64860be4?X-Xet-Cas-Uid=public&response-content-disposition=inline%3B+filename*%3DUTF-8%27%27Ornith-1.5-35B-Q6_K.gguf%3B+filename%3D%22Ornith-1.5-35B-Q6_K.gguf%22%3B&user_id=public&Expires=1787823475&Policy=eyJTdGF0ZW1lbnQiOlt7IlJlc291cmNlIjoiaHR0cHM6Ly91cy5hd3MuY2RuLmhmLmNvL3hldC1icmlkZ2UtdXMvNmE4M2ZkZjE5OTNmYmI1M2VmODNkYmIxL2M1ZTRiZDRlNWFlYWQ1NmMyOWFmNjJmYjQxODBmNjliNzdhMmY2NGNjZWQ0ZDExNzk4N2JmYmZiNjQ4NjBiZTRcXD9YLVhldC1DYXMtVWlkPXB1YmxpYyZyZXNwb25zZS1jb250ZW50LWRpc3Bvc2l0aW9uPWlubGluZSUzQitmaWxlbmFtZSUyQSUzRFVURi04JTI3JTI3T3JuaXRoLTEuNS0zNUItUTZfSy5nZ3VmJTNCK2ZpbGVuYW1lJTNEJTIyT3JuaXRoLTEuNS0zNUItUTZfSy5nZ3VmJTIyJTNCJnVzZXJfaWQ9cHVibGljIiwiQ29uZGl0aW9uIjp7IkRhdGVMZXNzVGhhbiI6eyJFcG9jaFRpbWUiOjE3ODc4MjM0NzV9fX1dfQ__&Signature=MEQCIF%7Ed1ey6AHI%7EqQFmIxKm4yMjvoc0tV3JiDHMeEyz-QjsAiBXVRfPvs8QmCGXxyNApXHviTqKp2PYuPG5xWt1x0z-dA__&Key-Pair-Id=01KXEF4KZ1B6FV465MAWR4M21F
[#8b2ec5 3.5GiB/27GiB(13%) CN:12 DL:6.0MiB ETA:1h7m6s]
[#8b2ec5 3.5GiB/27GiB(13%) CN:12 DL:6.1MiB ETA:1h5m39s]
[#8b2ec5 3.5GiB/27GiB(13%) CN:12 DL:6.2MiB ETA:1h4m27s]
[#8b2ec5 3.6GiB/27GiB(13%) CN:12 DL:6.5MiB ETA:1h1m52s]
[#8b2ec5 3.6GiB/27GiB(13%) CN:12 DL:6.2MiB ETA:1h4m36s]
[#8b2ec5 3.6GiB/27GiB(13%) CN:12 DL:6.6MiB ETA:1h55s]

08/27 16:38:01 [[1;32mNOTICE[0m] CUID#14 - Redirecting to https://us.aws.cdn.hf.co/xet-bridge-us/6a83fdf1993fbb53ef83dbb1/c5e4bd4e5aead56c29af62fb4180f69b77a2f64cced4d117987bfbfb64860be4?user_id=public&X-Xet-Cas-Uid=public&response-content-disposition=inline%3B+filename*%3DUTF-8%27%27Ornith-1.5-35B-Q6_K.gguf%3B+filename%3D%22Ornith-1.5-35B-Q6_K.gguf%22%3B&Expires=1787823480&Policy=eyJTdGF0ZW1lbnQiOlt7IlJlc291cmNlIjoiaHR0cHM6Ly91cy5hd3MuY2RuLmhmLmNvL3hldC1icmlkZ2UtdXMvNmE4M2ZkZjE5OTNmYmI1M2VmODNkYmIxL2M1ZTRiZDRlNWFlYWQ1NmMyOWFmNjJmYjQxODBmNjliNzdhMmY2NGNjZWQ0ZDExNzk4N2JmYmZiNjQ4NjBiZTRcXD91c2VyX2lkPXB1YmxpYyZYLVhldC1DYXMtVWlkPXB1YmxpYyZyZXNwb25zZS1jb250ZW50LWRpc3Bvc2l0aW9uPWlubGluZSUzQitmaWxlbmFtZSUyQSUzRFVURi04JTI3JTI3T3JuaXRoLTEuNS0zNUItUTZfSy5nZ3VmJTNCK2ZpbGVuYW1lJTNEJTIyT3JuaXRoLTEuNS0zNUItUTZfSy5nZ3VmJTIyJTNCIiwiQ29uZGl0aW9uIjp7IkRhdGVMZXNzVGhhbiI6eyJFcG9jaFRpbWUiOjE3ODc4MjM0ODB9fX1dfQ__&Signature=MEQCICA5mUCV%7EOHUV5hFyLMQzR2fzrFIeGbX8reBiSs6C2B5AiAGMztK6wi5mPrz%7ERlySbtT9q3656T-GguAzvIpkG%7E8nw__&Key-Pair-Id=01KXEF4KZ1B6FV465MAWR4M21F
[#8b2ec5 3.6GiB/27GiB(13%) CN:12 DL:6.7MiB ETA:59m27s]

08/27 16:38:01 [[1;32mNOTICE[0m] CUID#7 - Redirecting to https://us.aws.cdn.hf.co/xet-bridge-us/6a83fdf1993fbb53ef83dbb1/c5e4bd4e5aead56c29af62fb4180f69b77a2f64cced4d117987bfbfb64860be4?response-content-disposition=inline%3B+filename*%3DUTF-8%27%27Ornith-1.5-35B-Q6_K.gguf%3B+filename%3D%22Ornith-1.5-35B-Q6_K.gguf%22%3B&user_id=public&X-Xet-Cas-Uid=public&Expires=1787823480&Policy=eyJTdGF0ZW1lbnQiOlt7IlJlc291cmNlIjoiaHR0cHM6Ly91cy5hd3MuY2RuLmhmLmNvL3hldC1icmlkZ2UtdXMvNmE4M2ZkZjE5OTNmYmI1M2VmODNkYmIxL2M1ZTRiZDRlNWFlYWQ1NmMyOWFmNjJmYjQxODBmNjliNzdhMmY2NGNjZWQ0ZDExNzk4N2JmYmZiNjQ4NjBiZTRcXD9yZXNwb25zZS1jb250ZW50LWRpc3Bvc2l0aW9uPWlubGluZSUzQitmaWxlbmFtZSUyQSUzRFVURi04JTI3JTI3T3JuaXRoLTEuNS0zNUItUTZfSy5nZ3VmJTNCK2ZpbGVuYW1lJTNEJTIyT3JuaXRoLTEuNS0zNUItUTZfSy5nZ3VmJTIyJTNCJnVzZXJfaWQ9cHVibGljJlgtWGV0LUNhcy1VaWQ9cHVibGljIiwiQ29uZGl0aW9uIjp7IkRhdGVMZXNzVGhhbiI6eyJFcG9jaFRpbWUiOjE3ODc4MjM0ODB9fX1dfQ__&Signature=MEYCIQC7skddCYSjWwMmjlFWeLxHy4FkiIPUcImuttxuqeOGdwIhAOJEl6ebMErJwVFjfu8KnuZ3WGzPth8fCK3BFrWZ-MhT&Key-Pair-Id=01KXEF4KZ1B6FV465MAWR4M21F
[#8b2ec5 3.6GiB/27GiB(13%) CN:12 DL:6.6MiB ETA:1h26s]
[#8b2ec5 3.6GiB/27GiB(13%) CN:12 DL:6.8MiB ETA:58m31s]
[#8b2ec5 3.6GiB/27GiB(13%) CN:12 DL:7.1MiB ETA:56m15s]
[#8b2ec5 3.6GiB/27GiB(13%) CN:12 DL:7.2MiB ETA:55m3s]
[#8b2ec5 3.6GiB/27GiB(13%) CN:12 DL:7.6MiB ETA:52m30s]
[#8b2ec5 3.6GiB/27GiB(13%) CN:12 DL:7.6MiB ETA:52m10s]
[#8b2ec5 3.6GiB/27GiB(13%) CN:12 DL:8.2MiB ETA:48m39s]
[#8b2ec5 3.6GiB/27GiB(13%) CN:12 DL:8.4MiB ETA:47m20s]
[#8b2ec5 3.7GiB/27GiB(13%) CN:12 DL:8.9MiB ETA:44m47s]
[#8b2ec5 3.7GiB/27GiB(13%) CN:12 DL:9.2MiB ETA:43m13s]
[#8b2ec5 3.7GiB/27GiB(13%) CN:12 DL:9.5MiB ETA:41m45s]
[#8b2ec5 3.7GiB/27GiB(13%) CN:12 DL:9.6MiB ETA:41m38s]
[#8b2ec5 3.7GiB/27GiB(13%) CN:12 DL:9.6MiB ETA:41m27s]
[#8b2ec5 3.7GiB/27GiB(13%) CN:12 DL:9.5MiB ETA:41m48s]

08/27 16:38:16 [[1;32mNOTICE[0m] CUID#18 - Redirecting to https://us.aws.cdn.hf.co/xet-bridge-us/6a83fdf1993fbb53ef83dbb1/c5e4bd4e5aead56c29af62fb4180f69b77a2f64cced4d117987bfbfb64860be4?response-content-disposition=inline%3B+filename*%3DUTF-8%27%27Ornith-1.5-35B-Q6_K.gguf%3B+filename%3D%22Ornith-1.5-35B-Q6_K.gguf%22%3B&user_id=public&X-Xet-Cas-Uid=public&Expires=1787823495&Policy=eyJTdGF0ZW1lbnQiOlt7IlJlc291cmNlIjoiaHR0cHM6Ly91cy5hd3MuY2RuLmhmLmNvL3hldC1icmlkZ2UtdXMvNmE4M2ZkZjE5OTNmYmI1M2VmODNkYmIxL2M1ZTRiZDRlNWFlYWQ1NmMyOWFmNjJmYjQxODBmNjliNzdhMmY2NGNjZWQ0ZDExNzk4N2JmYmZiNjQ4NjBiZTRcXD9yZXNwb25zZS1jb250ZW50LWRpc3Bvc2l0aW9uPWlubGluZSUzQitmaWxlbmFtZSUyQSUzRFVURi04JTI3JTI3T3JuaXRoLTEuNS0zNUItUTZfSy5nZ3VmJTNCK2ZpbGVuYW1lJTNEJTIyT3JuaXRoLTEuNS0zNUItUTZfSy5nZ3VmJTIyJTNCJnVzZXJfaWQ9cHVibGljJlgtWGV0LUNhcy1VaWQ9cHVibGljIiwiQ29uZGl0aW9uIjp7IkRhdGVMZXNzVGhhbiI6eyJFcG9jaFRpbWUiOjE3ODc4MjM0OTV9fX1dfQ__&Signature=MEQCIHg4cfnSejDBhojgd66-eX8UAonty7%7EOwxWxESCjEJZFAiAlQxX2-G5bsFb8eDnu%7EhVxIlWmwErRKlEPFNmynrN7yg__&Key-Pair-Id=01KXEF4KZ1B6FV465MAWR4M21F
[#8b2ec5 3.7GiB/27GiB(13%) CN:12 DL:9.9MiB ETA:40m3s]

08/27 16:38:17 [[1;32mNOTICE[0m] CUID#15 - Redirecting to https://us.aws.cdn.hf.co/xet-bridge-us/6a83fdf1993fbb53ef83dbb1/c5e4bd4e5aead56c29af62fb4180f69b77a2f64cced4d117987bfbfb64860be4?X-Xet-Cas-Uid=public&response-content-disposition=inline%3B+filename*%3DUTF-8%27%27Ornith-1.5-35B-Q6_K.gguf%3B+filename%3D%22Ornith-1.5-35B-Q6_K.gguf%22%3B&user_id=public&Expires=1787823496&Policy=eyJTdGF0ZW1lbnQiOlt7IlJlc291cmNlIjoiaHR0cHM6Ly91cy5hd3MuY2RuLmhmLmNvL3hldC1icmlkZ2UtdXMvNmE4M2ZkZjE5OTNmYmI1M2VmODNkYmIxL2M1ZTRiZDRlNWFlYWQ1NmMyOWFmNjJmYjQxODBmNjliNzdhMmY2NGNjZWQ0ZDExNzk4N2JmYmZiNjQ4NjBiZTRcXD9YLVhldC1DYXMtVWlkPXB1YmxpYyZyZXNwb25zZS1jb250ZW50LWRpc3Bvc2l0aW9uPWlubGluZSUzQitmaWxlbmFtZSUyQSUzRFVURi04JTI3JTI3T3JuaXRoLTEuNS0zNUItUTZfSy5nZ3VmJTNCK2ZpbGVuYW1lJTNEJTIyT3JuaXRoLTEuNS0zNUItUTZfSy5nZ3VmJTIyJTNCJnVzZXJfaWQ9cHVibGljIiwiQ29uZGl0aW9uIjp7IkRhdGVMZXNzVGhhbiI6eyJFcG9jaFRpbWUiOjE3ODc4MjM0OTZ9fX1dfQ__&Signature=MEQCID5zsx9aKnRT%7E6IMjy%7ENWMZrlgfDaJBHTvZZh2Qebr1SAiBWeOvRmzxWfg4uV2WmdYxAlk3nYSRUOzq8Ejeyd6UQ3w__&Key-Pair-Id=01KXEF4KZ1B6FV465MAWR4M21F
[#8b2ec5 3.7GiB/27GiB(13%) CN:12 DL:10MiB ETA:39m42s]
[#8b2ec5 3.7GiB/27GiB(13%) CN:12 DL:9.9MiB ETA:40m5s]
[#8b2ec5 3.7GiB/27GiB(13%) CN:12 DL:9.8MiB ETA:40m29s]
[#8b2ec5 3.8GiB/27GiB(14%) CN:12 DL:9.9MiB ETA:40m13s]

08/27 16:38:21 [[1;32mNOTICE[0m] CUID#20 - Redirecting to https://us.aws.cdn.hf.co/xet-bridge-us/6a83fdf1993fbb53ef83dbb1/c5e4bd4e5aead56c29af62fb4180f69b77a2f64cced4d117987bfbfb64860be4?user_id=public&response-content-disposition=inline%3B+filename*%3DUTF-8%27%27Ornith-1.5-35B-Q6_K.gguf%3B+filename%3D%22Ornith-1.5-35B-Q6_K.gguf%22%3B&X-Xet-Cas-Uid=public&Expires=1787823501&Policy=eyJTdGF0ZW1lbnQiOlt7IlJlc291cmNlIjoiaHR0cHM6Ly91cy5hd3MuY2RuLmhmLmNvL3hldC1icmlkZ2UtdXMvNmE4M2ZkZjE5OTNmYmI1M2VmODNkYmIxL2M1ZTRiZDRlNWFlYWQ1NmMyOWFmNjJmYjQxODBmNjliNzdhMmY2NGNjZWQ0ZDExNzk4N2JmYmZiNjQ4NjBiZTRcXD91c2VyX2lkPXB1YmxpYyZyZXNwb25zZS1jb250ZW50LWRpc3Bvc2l0aW9uPWlubGluZSUzQitmaWxlbmFtZSUyQSUzRFVURi04JTI3JTI3T3JuaXRoLTEuNS0zNUItUTZfSy5nZ3VmJTNCK2ZpbGVuYW1lJTNEJTIyT3JuaXRoLTEuNS0zNUItUTZfSy5nZ3VmJTIyJTNCJlgtWGV0LUNhcy1VaWQ9cHVibGljIiwiQ29uZGl0aW9uIjp7IkRhdGVMZXNzVGhhbiI6eyJFcG9jaFRpbWUiOjE3ODc4MjM1MDF9fX1dfQ__&Signature=MEUCIQCd4i7hh3JbPTm8a20P4plDjVzSwBOuQQGuBqeFnRoQZQIgVKsqHVKsBVv1oXFYdw3P3Ts3toGOOB%7EtRtd1%7EeNbHGM_&Key-Pair-Id=01KXEF4KZ1B6FV465MAWR4M21F
[#8b2ec5 3.8GiB/27GiB(14%) CN:12 DL:9.3MiB ETA:42m28s]
[#8b2ec5 3.8GiB/27GiB(14%) CN:12 DL:9.8MiB ETA:40m36s]
[#8b2ec5 3.8GiB/27GiB(14%) CN:12 DL:9.7MiB ETA:40m43s]
[#8b2ec5 3.8GiB/27GiB(14%) CN:12 DL:9.7MiB ETA:41m4s]
[#8b2ec5 3.8GiB/27GiB(14%) CN:12 DL:9.2MiB ETA:43m7s]
[#8b2ec5 3.8GiB/27GiB(14%) CN:12 DL:9.0MiB ETA:43m56s]
[#8b2ec5 3.8GiB/27GiB(14%) CN:12 DL:8.8MiB ETA:44m47s]
[#8b2ec5 3.8GiB/27GiB(14%) CN:12 DL:9.0MiB ETA:44m6s]
[#8b2ec5 3.8GiB/27GiB(14%) CN:12 DL:8.8MiB ETA:45m]
[#8b2ec5 3.9GiB/27GiB(14%) CN:12 DL:9.1MiB ETA:43m30s]
[#8b2ec5 3.9GiB/27GiB(14%) CN:12 DL:8.7MiB ETA:45m30s]
[#8b2ec5 3.9GiB/27GiB(14%) CN:12 DL:8.7MiB ETA:45m19s]
[#8b2ec5 3.9GiB/27GiB(14%) CN:12 DL:8.9MiB ETA:44m17s]
[#8b2ec5 3.9GiB/27GiB(14%) CN:12 DL:9.5MiB ETA:41m21s]
[#8b2ec5 3.9GiB/27GiB(14%) CN:12 DL:9.3MiB ETA:42m31s]
[#8b2ec5 3.9GiB/27GiB(14%) CN:12 DL:9.7MiB ETA:40m49s]
[#8b2ec5 3.9GiB/27GiB(14%) CN:12 DL:9.3MiB ETA:42m13s]
[#8b2ec5 3.9GiB/27GiB(14%) CN:12 DL:9.4MiB ETA:41m52s]
[#8b2ec5 3.9GiB/27GiB(14%) CN:12 DL:9.5MiB ETA:41m38s]
[#8b2ec5 4.0GiB/27GiB(14%) CN:12 DL:9.6MiB ETA:40m50s]
 *** Download Progress Summary as of Thu Aug 27 16:38:43 2026 *** 
===============================================================================
[#8b2ec5 4.0GiB/27GiB(14%) CN:12 DL:9.7MiB ETA:40m39s]
FILE: /Users/wilsonxu/Models/ornith-256k/llamacpp/models/Ornith-1.5-35B-Q6_K.gguf
-------------------------------------------------------------------------------

[#8b2ec5 4.0GiB/27GiB(14%) CN:12 DL:9.7MiB ETA:40m39s]
[#8b2ec5 4.0GiB/27GiB(14%) CN:12 DL:9.4MiB ETA:41m45s]
[#8b2ec5 4.0GiB/27GiB(14%) CN:12 DL:9.5MiB ETA:41m22s]
[#8b2ec5 4.0GiB/27GiB(14%) CN:12 DL:9.8MiB ETA:40m13s]
[#8b2ec5 4.0GiB/27GiB(14%) CN:12 DL:9.4MiB ETA:41m57s]
[#8b2ec5 4.0GiB/27GiB(14%) CN:12 DL:9.4MiB ETA:41m55s]
[#8b2ec5 4.0GiB/27GiB(14%) CN:12 DL:9.4MiB ETA:41m39s]
[#8b2ec5 4.0GiB/27GiB(14%) CN:12 DL:9.5MiB ETA:41m32s]
[#8b2ec5 4.0GiB/27GiB(15%) CN:12 DL:9.3MiB ETA:42m20s]
[#8b2ec5 4.0GiB/27GiB(15%) CN:12 DL:9.5MiB ETA:41m5s]
[#8b2ec5 4.1GiB/27GiB(15%) CN:12 DL:9.8MiB ETA:39m57s]
[#8b2ec5 4.1GiB/27GiB(15%) CN:12 DL:9.4MiB ETA:41m36s]
[#8b2ec5 4.1GiB/27GiB(15%) CN:12 DL:9.4MiB ETA:41m42s]
[#8b2ec5 4.1GiB/27GiB(15%) CN:12 DL:9.7MiB ETA:40m23s]
[#8b2ec5 4.1GiB/27GiB(15%) CN:12 DL:9.5MiB ETA:41m1s]
[#8b2ec5 4.1GiB/27GiB(15%) CN:12 DL:9.3MiB ETA:42m6s]
[#8b2ec5 4.1GiB/27GiB(15%) CN:12 DL:9.4MiB ETA:41m38s]
[#8b2ec5 4.1GiB/27GiB(15%) CN:12 DL:9.3MiB ETA:41m50s]
[#8b2ec5 4.1GiB/27GiB(15%) CN:12 DL:9.2MiB ETA:42m21s]
[#8b2ec5 4.1GiB/27GiB(15%) CN:12 DL:9.4MiB ETA:41m27s]
[#8b2ec5 4.2GiB/27GiB(15%) CN:12 DL:9.4MiB ETA:41m22s]
[#8b2ec5 4.2GiB/27GiB(15%) CN:12 DL:9.8MiB ETA:39m51s]
[#8b2ec5 4.2GiB/27GiB(15%) CN:12 DL:9.7MiB ETA:40m23s]
[#8b2ec5 4.2GiB/27GiB(15%) CN:12 DL:10MiB ETA:38m18s]
[#8b2ec5 4.2GiB/27GiB(15%) CN:12 DL:10MiB ETA:38m59s]
[#8b2ec5 4.2GiB/27GiB(15%) CN:12 DL:9.8MiB ETA:39m36s]
[#8b2ec5 4.2GiB/27GiB(15%) CN:12 DL:10MiB ETA:38m32s]
[#8b2ec5 4.2GiB/27GiB(15%) CN:12 DL:10MiB ETA:39m7s]
[#8b2ec5 4.2GiB/27GiB(15%) CN:12 DL:9.8MiB ETA:39m48s]
[#8b2ec5 4.2GiB/27GiB(15%) CN:12 DL:9.8MiB ETA:39m31s]
[#8b2ec5 4.3GiB/27GiB(15%) CN:12 DL:9.7MiB ETA:39m55s]
[#8b2ec5 4.3GiB/27GiB(15%) CN:12 DL:9.8MiB ETA:39m32s]
[#8b2ec5 4.3GiB/27GiB(15%) CN:12 DL:9.7MiB ETA:39m51s]
[#8b2ec5 4.3GiB/27GiB(15%) CN:12 DL:10MiB ETA:38m22s]
[#8b2ec5 4.3GiB/27GiB(15%) CN:12 DL:9.6MiB ETA:40m32s]
[#8b2ec5 4.3GiB/27GiB(16%) CN:12 DL:9.3MiB ETA:41m30s]
[#8b2ec5 4.3GiB/27GiB(16%) CN:12 DL:9.2MiB ETA:42m22s]
[#8b2ec5 4.3GiB/27GiB(16%) CN:12 DL:9.1MiB ETA:42m31s]
[#8b2ec5 4.3GiB/27GiB(16%) CN:12 DL:9.0MiB ETA:43m1s]
[#8b2ec5 4.3GiB/27GiB(16%) CN:12 DL:9.0MiB ETA:43m5s]
[#8b2ec5 4.3GiB/27GiB(16%) CN:12 DL:8.8MiB ETA:43m44s]
[#8b2ec5 4.4GiB/27GiB(16%) CN:12 DL:8.9MiB ETA:43m30s]
[#8b2ec5 4.4GiB/27GiB(16%) CN:12 DL:8.9MiB ETA:43m39s]
[#8b2ec5 4.4GiB/27GiB(16%) CN:12 DL:9.8MiB ETA:39m29s]
[#8b2ec5 4.4GiB/27GiB(16%) CN:12 DL:9.5MiB ETA:40m41s]
[#8b2ec5 4.4GiB/27GiB(16%) CN:12 DL:10MiB ETA:38m6s]
[#8b2ec5 4.4GiB/27GiB(16%) CN:12 DL:10MiB ETA:38m2s]
[#8b2ec5 4.4GiB/27GiB(16%) CN:12 DL:10MiB ETA:38m32s]
[#8b2ec5 4.4GiB/27GiB(16%) CN:12 DL:10MiB ETA:37m38s]
[#8b2ec5 4.4GiB/27GiB(16%) CN:12 DL:10MiB ETA:37m46s]
[#8b2ec5 4.5GiB/27GiB(16%) CN:12 DL:9.9MiB ETA:38m50s]
[#8b2ec5 4.5GiB/27GiB(16%) CN:12 DL:9.9MiB ETA:38m45s]
[#8b2ec5 4.5GiB/27GiB(16%) CN:12 DL:9.4MiB ETA:40m49s]
[#8b2ec5 4.5GiB/27GiB(16%) CN:12 DL:10MiB ETA:38m5s]
[#8b2ec5 4.5GiB/27GiB(16%) CN:12 DL:9.1MiB ETA:42m12s]
[#8b2ec5 4.5GiB/27GiB(16%) CN:12 DL:9.4MiB ETA:40m51s]
[#8b2ec5 4.5GiB/27GiB(16%) CN:12 DL:9.6MiB ETA:40m14s]
[#8b2ec5 4.5GiB/27GiB(16%) CN:12 DL:9.2MiB ETA:41m45s]
 *** Download Progress Summary as of Thu Aug 27 16:39:44 2026 *** 
===============================================================================
[#8b2ec5 4.5GiB/27GiB(16%) CN:12 DL:9.4MiB ETA:40m38s]
FILE: /Users/wilsonxu/Models/ornith-256k/llamacpp/models/Ornith-1.5-35B-Q6_K.gguf
-------------------------------------------------------------------------------

[#8b2ec5 4.5GiB/27GiB(16%) CN:12 DL:9.4MiB ETA:40m38s]
[#8b2ec5 4.5GiB/27GiB(16%) CN:12 DL:9.6MiB ETA:40m3s]
[#8b2ec5 4.5GiB/27GiB(16%) CN:12 DL:9.2MiB ETA:41m32s]
[#8b2ec5 4.6GiB/27GiB(16%) CN:12 DL:9.3MiB ETA:41m10s]
[#8b2ec5 4.6GiB/27GiB(16%) CN:12 DL:9.0MiB ETA:42m30s]
[#8b2ec5 4.6GiB/27GiB(17%) CN:12 DL:9.5MiB ETA:40m32s]
[#8b2ec5 4.6GiB/27GiB(17%) CN:12 DL:8.7MiB ETA:44m6s]
[#8b2ec5 4.6GiB/27GiB(17%) CN:12 DL:8.6MiB ETA:44m16s]
[#8b2ec5 4.6GiB/27GiB(17%) CN:12 DL:8.6MiB ETA:44m14s]
[#8b2ec5 4.6GiB/27GiB(17%) CN:12 DL:8.6MiB ETA:44m22s]
[#8b2ec5 4.6GiB/27GiB(17%) CN:12 DL:8.6MiB ETA:44m41s]
[#8b2ec5 4.6GiB/27GiB(17%) CN:12 DL:8.8MiB ETA:43m20s]
[#8b2ec5 4.6GiB/27GiB(17%) CN:12 DL:8.8MiB ETA:43m29s]
[#8b2ec5 4.7GiB/27GiB(17%) CN:12 DL:8.8MiB ETA:43m11s]

08/27 16:39:58 [[1;31mERROR[0m] CUID#7 - Download aborted. URI=https://huggingface.co/ornith-ai/Ornith-1.5-35B-A3B-GGUF/resolve/main/Ornith-1.5-35B-Q6_K.gguf
Exception: [AbstractCommand.cc:351] errorCode=1 URI=https://huggingface.co/ornith-ai/Ornith-1.5-35B-A3B-GGUF/resolve/main/Ornith-1.5-35B-Q6_K.gguf
  -> [SocketCore.cc:1022] errorCode=1 SSL/TLS handshake failure: Connection aborted
[#8b2ec5 4.7GiB/27GiB(17%) CN:11 DL:8.6MiB ETA:44m28s]

08/27 16:40:00 [[1;32mNOTICE[0m] CUID#21 - Redirecting to https://us.aws.cdn.hf.co/xet-bridge-us/6a83fdf1993fbb53ef83dbb1/c5e4bd4e5aead56c29af62fb4180f69b77a2f64cced4d117987bfbfb64860be4?user_id=public&X-Xet-Cas-Uid=public&response-content-disposition=inline%3B+filename*%3DUTF-8%27%27Ornith-1.5-35B-Q6_K.gguf%3B+filename%3D%22Ornith-1.5-35B-Q6_K.gguf%22%3B&Expires=1787823599&Policy=eyJTdGF0ZW1lbnQiOlt7IlJlc291cmNlIjoiaHR0cHM6Ly91cy5hd3MuY2RuLmhmLmNvL3hldC1icmlkZ2UtdXMvNmE4M2ZkZjE5OTNmYmI1M2VmODNkYmIxL2M1ZTRiZDRlNWFlYWQ1NmMyOWFmNjJmYjQxODBmNjliNzdhMmY2NGNjZWQ0ZDExNzk4N2JmYmZiNjQ4NjBiZTRcXD91c2VyX2lkPXB1YmxpYyZYLVhldC1DYXMtVWlkPXB1YmxpYyZyZXNwb25zZS1jb250ZW50LWRpc3Bvc2l0aW9uPWlubGluZSUzQitmaWxlbmFtZSUyQSUzRFVURi04JTI3JTI3T3JuaXRoLTEuNS0zNUItUTZfSy5nZ3VmJTNCK2ZpbGVuYW1lJTNEJTIyT3JuaXRoLTEuNS0zNUItUTZfSy5nZ3VmJTIyJTNCIiwiQ29uZGl0aW9uIjp7IkRhdGVMZXNzVGhhbiI6eyJFcG9jaFRpbWUiOjE3ODc4MjM1OTl9fX1dfQ__&Signature=MEYCIQDgQGRIzkvIiUh6U0ndf4QQbF%7EE01-UsD0C4BbsTkSsXQIhALQsMZO9LdLHVNbi%7EpvvA2EX6EavtdbJ714sZeXE3Yjz&Key-Pair-Id=01KXEF4KZ1B6FV465MAWR4M21F
[#8b2ec5 4.7GiB/27GiB(17%) CN:11 DL:8.2MiB ETA:46m32s]

08/27 16:40:00 [[1;32mNOTICE[0m] CUID#20 - Redirecting to https://us.aws.cdn.hf.co/xet-bridge-us/6a83fdf1993fbb53ef83dbb1/c5e4bd4e5aead56c29af62fb4180f69b77a2f64cced4d117987bfbfb64860be4?user_id=public&response-content-disposition=inline%3B+filename*%3DUTF-8%27%27Ornith-1.5-35B-Q6_K.gguf%3B+filename%3D%22Ornith-1.5-35B-Q6_K.gguf%22%3B&X-Xet-Cas-Uid=public&Expires=1787823600&Policy=eyJTdGF0ZW1lbnQiOlt7IlJlc291cmNlIjoiaHR0cHM6Ly91cy5hd3MuY2RuLmhmLmNvL3hldC1icmlkZ2UtdXMvNmE4M2ZkZjE5OTNmYmI1M2VmODNkYmIxL2M1ZTRiZDRlNWFlYWQ1NmMyOWFmNjJmYjQxODBmNjliNzdhMmY2NGNjZWQ0ZDExNzk4N2JmYmZiNjQ4NjBiZTRcXD91c2VyX2lkPXB1YmxpYyZyZXNwb25zZS1jb250ZW50LWRpc3Bvc2l0aW9uPWlubGluZSUzQitmaWxlbmFtZSUyQSUzRFVURi04JTI3JTI3T3JuaXRoLTEuNS0zNUItUTZfSy5nZ3VmJTNCK2ZpbGVuYW1lJTNEJTIyT3JuaXRoLTEuNS0zNUItUTZfSy5nZ3VmJTIyJTNCJlgtWGV0LUNhcy1VaWQ9cHVibGljIiwiQ29uZGl0aW9uIjp7IkRhdGVMZXNzVGhhbiI6eyJFcG9jaFRpbWUiOjE3ODc4MjM2MDB9fX1dfQ__&Signature=MEUCIQCl69MpEin2HQAKjDWHtmk9%7Esr2%7ExC8t1qdKuXbtlIOzgIgdjkQZqFUSNgGhJtUqhoG9mnv0HBhut05YM2T%7EpDSA30_&Key-Pair-Id=01KXEF4KZ1B6FV465MAWR4M21F

08/27 16:40:01 [[1;32mNOTICE[0m] CUID#13 - Redirecting to https://us.aws.cdn.hf.co/xet-bridge-us/6a83fdf1993fbb53ef83dbb1/c5e4bd4e5aead56c29af62fb4180f69b77a2f64cced4d117987bfbfb64860be4?response-content-disposition=inline%3B+filename*%3DUTF-8%27%27Ornith-1.5-35B-Q6_K.gguf%3B+filename%3D%22Ornith-1.5-35B-Q6_K.gguf%22%3B&X-Xet-Cas-Uid=public&user_id=public&Expires=1787823599&Policy=eyJTdGF0ZW1lbnQiOlt7IlJlc291cmNlIjoiaHR0cHM6Ly91cy5hd3MuY2RuLmhmLmNvL3hldC1icmlkZ2UtdXMvNmE4M2ZkZjE5OTNmYmI1M2VmODNkYmIxL2M1ZTRiZDRlNWFlYWQ1NmMyOWFmNjJmYjQxODBmNjliNzdhMmY2NGNjZWQ0ZDExNzk4N2JmYmZiNjQ4NjBiZTRcXD9yZXNwb25zZS1jb250ZW50LWRpc3Bvc2l0aW9uPWlubGluZSUzQitmaWxlbmFtZSUyQSUzRFVURi04JTI3JTI3T3JuaXRoLTEuNS0zNUItUTZfSy5nZ3VmJTNCK2ZpbGVuYW1lJTNEJTIyT3JuaXRoLTEuNS0zNUItUTZfSy5nZ3VmJTIyJTNCJlgtWGV0LUNhcy1VaWQ9cHVibGljJnVzZXJfaWQ9cHVibGljIiwiQ29uZGl0aW9uIjp7IkRhdGVMZXNzVGhhbiI6eyJFcG9jaFRpbWUiOjE3ODc4MjM1OTl9fX1dfQ__&Signature=MEYCIQD3XqEKa%7EfNvV3OSsfuYfTEytMMTOQ3EK6%7Ek0ypRCBesgIhAIvcOFeQTiXz7DxGdXJNNtL3l-a0GDXit2jEW9l98s3K&Key-Pair-Id=01KXEF4KZ1B6FV465MAWR4M21F
[#8b2ec5 4.7GiB/27GiB(17%) CN:11 DL:7.3MiB ETA:52m31s]

08/27 16:40:01 [[1;32mNOTICE[0m] CUID#23 - Redirecting to https://us.aws.cdn.hf.co/xet-bridge-us/6a83fdf1993fbb53ef83dbb1/c5e4bd4e5aead56c29af62fb4180f69b77a2f64cced4d117987bfbfb64860be4?X-Xet-Cas-Uid=public&user_id=public&response-content-disposition=inline%3B+filename*%3DUTF-8%27%27Ornith-1.5-35B-Q6_K.gguf%3B+filename%3D%22Ornith-1.5-35B-Q6_K.gguf%22%3B&Expires=1787823600&Policy=eyJTdGF0ZW1lbnQiOlt7IlJlc291cmNlIjoiaHR0cHM6Ly91cy5hd3MuY2RuLmhmLmNvL3hldC1icmlkZ2UtdXMvNmE4M2ZkZjE5OTNmYmI1M2VmODNkYmIxL2M1ZTRiZDRlNWFlYWQ1NmMyOWFmNjJmYjQxODBmNjliNzdhMmY2NGNjZWQ0ZDExNzk4N2JmYmZiNjQ4NjBiZTRcXD9YLVhldC1DYXMtVWlkPXB1YmxpYyZ1c2VyX2lkPXB1YmxpYyZyZXNwb25zZS1jb250ZW50LWRpc3Bvc2l0aW9uPWlubGluZSUzQitmaWxlbmFtZSUyQSUzRFVURi04JTI3JTI3T3JuaXRoLTEuNS0zNUItUTZfSy5nZ3VmJTNCK2ZpbGVuYW1lJTNEJTIyT3JuaXRoLTEuNS0zNUItUTZfSy5nZ3VmJTIyJTNCIiwiQ29uZGl0aW9uIjp7IkRhdGVMZXNzVGhhbiI6eyJFcG9jaFRpbWUiOjE3ODc4MjM2MDB9fX1dfQ__&Signature=MEUCIQCE10JcKvTkFUaWxXgNdquEGoQYlYwjQOk7EjUE5cv%7EhgIgE9W98MCqfFUvhx0yrRMYtiW6ItmajDXSD4AcYUqeOk0_&Key-Pair-Id=01KXEF4KZ1B6FV465MAWR4M21F

08/27 16:40:02 [[1;32mNOTICE[0m] CUID#19 - Redirecting to https://us.aws.cdn.hf.co/xet-bridge-us/6a83fdf1993fbb53ef83dbb1/c5e4bd4e5aead56c29af62fb4180f69b77a2f64cced4d117987bfbfb64860be4?user_id=public&X-Xet-Cas-Uid=public&response-content-disposition=inline%3B+filename*%3DUTF-8%27%27Ornith-1.5-35B-Q6_K.gguf%3B+filename%3D%22Ornith-1.5-35B-Q6_K.gguf%22%3B&Expires=1787823601&Policy=eyJTdGF0ZW1lbnQiOlt7IlJlc291cmNlIjoiaHR0cHM6Ly91cy5hd3MuY2RuLmhmLmNvL3hldC1icmlkZ2UtdXMvNmE4M2ZkZjE5OTNmYmI1M2VmODNkYmIxL2M1ZTRiZDRlNWFlYWQ1NmMyOWFmNjJmYjQxODBmNjliNzdhMmY2NGNjZWQ0ZDExNzk4N2JmYmZiNjQ4NjBiZTRcXD91c2VyX2lkPXB1YmxpYyZYLVhldC1DYXMtVWlkPXB1YmxpYyZyZXNwb25zZS1jb250ZW50LWRpc3Bvc2l0aW9uPWlubGluZSUzQitmaWxlbmFtZSUyQSUzRFVURi04JTI3JTI3T3JuaXRoLTEuNS0zNUItUTZfSy5nZ3VmJTNCK2ZpbGVuYW1lJTNEJTIyT3JuaXRoLTEuNS0zNUItUTZfSy5nZ3VmJTIyJTNCIiwiQ29uZGl0aW9uIjp7IkRhdGVMZXNzVGhhbiI6eyJFcG9jaFRpbWUiOjE3ODc4MjM2MDF9fX1dfQ__&Signature=MEUCIQDFv3vssc2GuwaF9wLdh2ka-450R62zCwVcFbXqPxDQ3wIgJMDFWnN%7E9BcqP4YWmQOR9879SRE2d-aO3MzmMUjIL0o_&Key-Pair-Id=01KXEF4KZ1B6FV465MAWR4M21F
[#8b2ec5 4.7GiB/27GiB(17%) CN:11 DL:6.3MiB ETA:1h16s]
[#8b2ec5 4.7GiB/27GiB(17%) CN:11 DL:5.3MiB ETA:1h11m22s]
[#8b2ec5 4.7GiB/27GiB(17%) CN:11 DL:4.4MiB ETA:1h25m58s]
[#8b2ec5 4.7GiB/27GiB(17%) CN:11 DL:3.7MiB ETA:1h43m36s]
[#8b2ec5 4.7GiB/27GiB(17%) CN:11 DL:3.3MiB ETA:1h55m4s]
[#8b2ec5 4.7GiB/27GiB(17%) CN:11 DL:3.0MiB ETA:2h7m43s]
[#8b2ec5 4.7GiB/27GiB(17%) CN:11 DL:3.1MiB ETA:2h2m53s]

08/27 16:40:08 [[1;32mNOTICE[0m] CUID#9 - Redirecting to https://us.aws.cdn.hf.co/xet-bridge-us/6a83fdf1993fbb53ef83dbb1/c5e4bd4e5aead56c29af62fb4180f69b77a2f64cced4d117987bfbfb64860be4?response-content-disposition=inline%3B+filename*%3DUTF-8%27%27Ornith-1.5-35B-Q6_K.gguf%3B+filename%3D%22Ornith-1.5-35B-Q6_K.gguf%22%3B&user_id=public&X-Xet-Cas-Uid=public&Expires=1787823608&Policy=eyJTdGF0ZW1lbnQiOlt7IlJlc291cmNlIjoiaHR0cHM6Ly91cy5hd3MuY2RuLmhmLmNvL3hldC1icmlkZ2UtdXMvNmE4M2ZkZjE5OTNmYmI1M2VmODNkYmIxL2M1ZTRiZDRlNWFlYWQ1NmMyOWFmNjJmYjQxODBmNjliNzdhMmY2NGNjZWQ0ZDExNzk4N2JmYmZiNjQ4NjBiZTRcXD9yZXNwb25zZS1jb250ZW50LWRpc3Bvc2l0aW9uPWlubGluZSUzQitmaWxlbmFtZSUyQSUzRFVURi04JTI3JTI3T3JuaXRoLTEuNS0zNUItUTZfSy5nZ3VmJTNCK2ZpbGVuYW1lJTNEJTIyT3JuaXRoLTEuNS0zNUItUTZfSy5nZ3VmJTIyJTNCJnVzZXJfaWQ9cHVibGljJlgtWGV0LUNhcy1VaWQ9cHVibGljIiwiQ29uZGl0aW9uIjp7IkRhdGVMZXNzVGhhbiI6eyJFcG9jaFRpbWUiOjE3ODc4MjM2MDh9fX1dfQ__&Signature=MEQCIC8TmZ5WvN891hh64cTIxtcHLIWg%7ECz4cZtOujPnq5LhAiA94EF8106V3NZaQI3aIf7wbg7OT2KXmcnZmvaT-Rc8jg__&Key-Pair-Id=01KXEF4KZ1B6FV465MAWR4M21F
[#8b2ec5 4.7GiB/27GiB(17%) CN:11 DL:3.6MiB ETA:1h44m21s]
[#8b2ec5 4.7GiB/27GiB(17%) CN:11 DL:4.4MiB ETA:1h25m50s]
[#8b2ec5 4.7GiB/27GiB(17%) CN:11 DL:4.8MiB ETA:1h19m23s]
[#8b2ec5 4.7GiB/27GiB(17%) CN:11 DL:5.4MiB ETA:1h10m51s]
[#8b2ec5 4.7GiB/27GiB(17%) CN:11 DL:6.1MiB ETA:1h2m7s]
[#8b2ec5 4.7GiB/27GiB(17%) CN:11 DL:6.7MiB ETA:56m22s]

08/27 16:40:15 [[1;32mNOTICE[0m] CUID#17 - Redirecting to https://us.aws.cdn.hf.co/xet-bridge-us/6a83fdf1993fbb53ef83dbb1/c5e4bd4e5aead56c29af62fb4180f69b77a2f64cced4d117987bfbfb64860be4?response-content-disposition=inline%3B+filename*%3DUTF-8%27%27Ornith-1.5-35B-Q6_K.gguf%3B+filename%3D%22Ornith-1.5-35B-Q6_K.gguf%22%3B&user_id=public&X-Xet-Cas-Uid=public&Expires=1787823615&Policy=eyJTdGF0ZW1lbnQiOlt7IlJlc291cmNlIjoiaHR0cHM6Ly91cy5hd3MuY2RuLmhmLmNvL3hldC1icmlkZ2UtdXMvNmE4M2ZkZjE5OTNmYmI1M2VmODNkYmIxL2M1ZTRiZDRlNWFlYWQ1NmMyOWFmNjJmYjQxODBmNjliNzdhMmY2NGNjZWQ0ZDExNzk4N2JmYmZiNjQ4NjBiZTRcXD9yZXNwb25zZS1jb250ZW50LWRpc3Bvc2l0aW9uPWlubGluZSUzQitmaWxlbmFtZSUyQSUzRFVURi04JTI3JTI3T3JuaXRoLTEuNS0zNUItUTZfSy5nZ3VmJTNCK2ZpbGVuYW1lJTNEJTIyT3JuaXRoLTEuNS0zNUItUTZfSy5nZ3VmJTIyJTNCJnVzZXJfaWQ9cHVibGljJlgtWGV0LUNhcy1VaWQ9cHVibGljIiwiQ29uZGl0aW9uIjp7IkRhdGVMZXNzVGhhbiI6eyJFcG9jaFRpbWUiOjE3ODc4MjM2MTV9fX1dfQ__&Signature=MEYCIQDFjG-iCf40DHAwvW3TCZCb7hX54M6hwRODfS2e0YobjAIhANvvlALHfZR4pgPd5rNr8dQDdMlkqyh20oAXOYhTxvLO&Key-Pair-Id=01KXEF4KZ1B6FV465MAWR4M21F
[#8b2ec5 4.7GiB/27GiB(17%) CN:11 DL:6.8MiB ETA:55m47s]
[#8b2ec5 4.7GiB/27GiB(17%) CN:11 DL:6.9MiB ETA:54m42s]
[#8b2ec5 4.7GiB/27GiB(17%) CN:11 DL:6.8MiB ETA:55m54s]
[#8b2ec5 4.8GiB/27GiB(17%) CN:11 DL:7.0MiB ETA:54m25s]

08/27 16:40:19 [[1;32mNOTICE[0m] CUID#14 - Redirecting to https://us.aws.cdn.hf.co/xet-bridge-us/6a83fdf1993fbb53ef83dbb1/c5e4bd4e5aead56c29af62fb4180f69b77a2f64cced4d117987bfbfb64860be4?response-content-disposition=inline%3B+filename*%3DUTF-8%27%27Ornith-1.5-35B-Q6_K.gguf%3B+filename%3D%22Ornith-1.5-35B-Q6_K.gguf%22%3B&user_id=public&X-Xet-Cas-Uid=public&Expires=1787823619&Policy=eyJTdGF0ZW1lbnQiOlt7IlJlc291cmNlIjoiaHR0cHM6Ly91cy5hd3MuY2RuLmhmLmNvL3hldC1icmlkZ2UtdXMvNmE4M2ZkZjE5OTNmYmI1M2VmODNkYmIxL2M1ZTRiZDRlNWFlYWQ1NmMyOWFmNjJmYjQxODBmNjliNzdhMmY2NGNjZWQ0ZDExNzk4N2JmYmZiNjQ4NjBiZTRcXD9yZXNwb25zZS1jb250ZW50LWRpc3Bvc2l0aW9uPWlubGluZSUzQitmaWxlbmFtZSUyQSUzRFVURi04JTI3JTI3T3JuaXRoLTEuNS0zNUItUTZfSy5nZ3VmJTNCK2ZpbGVuYW1lJTNEJTIyT3JuaXRoLTEuNS0zNUItUTZfSy5nZ3VmJTIyJTNCJnVzZXJfaWQ9cHVibGljJlgtWGV0LUNhcy1VaWQ9cHVibGljIiwiQ29uZGl0aW9uIjp7IkRhdGVMZXNzVGhhbiI6eyJFcG9jaFRpbWUiOjE3ODc4MjM2MTl9fX1dfQ__&Signature=MEQCIBwfdYpYOenhsiWJqob6SXJWtWB6%7E9X5ry9rAebBr-aiAiBSPbnrr0k9K%7Eu4KbzZlj7bFbayXxen73cav7wL34TwbQ__&Key-Pair-Id=01KXEF4KZ1B6FV465MAWR4M21F
[#8b2ec5 4.8GiB/27GiB(17%) CN:11 DL:7.2MiB ETA:52m55s]
[#8b2ec5 4.8GiB/27GiB(17%) CN:11 DL:7.7MiB ETA:49m16s]
[#8b2ec5 4.8GiB/27GiB(17%) CN:11 DL:7.5MiB ETA:50m18s]
[#8b2ec5 4.8GiB/27GiB(17%) CN:11 DL:7.5MiB ETA:50m13s]
[#8b2ec5 4.8GiB/27GiB(17%) CN:11 DL:7.8MiB ETA:48m29s]

08/27 16:40:24 [[1;32mNOTICE[0m] CUID#22 - Redirecting to https://us.aws.cdn.hf.co/xet-bridge-us/6a83fdf1993fbb53ef83dbb1/c5e4bd4e5aead56c29af62fb4180f69b77a2f64cced4d117987bfbfb64860be4?X-Xet-Cas-Uid=public&response-content-disposition=inline%3B+filename*%3DUTF-8%27%27Ornith-1.5-35B-Q6_K.gguf%3B+filename%3D%22Ornith-1.5-35B-Q6_K.gguf%22%3B&user_id=public&Expires=1787823624&Policy=eyJTdGF0ZW1lbnQiOlt7IlJlc291cmNlIjoiaHR0cHM6Ly91cy5hd3MuY2RuLmhmLmNvL3hldC1icmlkZ2UtdXMvNmE4M2ZkZjE5OTNmYmI1M2VmODNkYmIxL2M1ZTRiZDRlNWFlYWQ1NmMyOWFmNjJmYjQxODBmNjliNzdhMmY2NGNjZWQ0ZDExNzk4N2JmYmZiNjQ4NjBiZTRcXD9YLVhldC1DYXMtVWlkPXB1YmxpYyZyZXNwb25zZS1jb250ZW50LWRpc3Bvc2l0aW9uPWlubGluZSUzQitmaWxlbmFtZSUyQSUzRFVURi04JTI3JTI3T3JuaXRoLTEuNS0zNUItUTZfSy5nZ3VmJTNCK2ZpbGVuYW1lJTNEJTIyT3JuaXRoLTEuNS0zNUItUTZfSy5nZ3VmJTIyJTNCJnVzZXJfaWQ9cHVibGljIiwiQ29uZGl0aW9uIjp7IkRhdGVMZXNzVGhhbiI6eyJFcG9jaFRpbWUiOjE3ODc4MjM2MjR9fX1dfQ__&Signature=MEQCIBDFNYIvpXRBL8MEiQ5eVX3Xdzk%7ES0ItU6%7Ee0EE39bObAiAtBAp59F9EHPNRAHOvLhFlS2egkYZBvfZO4S2Jx282jQ__&Key-Pair-Id=01KXEF4KZ1B6FV465MAWR4M21F
[#8b2ec5 4.8GiB/27GiB(17%) CN:11 DL:8.0MiB ETA:47m33s]
[#8b2ec5 4.8GiB/27GiB(17%) CN:11 DL:8.3MiB ETA:45m38s]
[#8b2ec5 4.8GiB/27GiB(17%) CN:11 DL:9.3MiB ETA:40m48s]
[#8b2ec5 4.8GiB/27GiB(17%) CN:11 DL:9.2MiB ETA:41m19s]
[#8b2ec5 4.9GiB/27GiB(18%) CN:11 DL:9.6MiB ETA:39m22s]

08/27 16:40:29 [[1;32mNOTICE[0m] CUID#18 - Redirecting to https://us.aws.cdn.hf.co/xet-bridge-us/6a83fdf1993fbb53ef83dbb1/c5e4bd4e5aead56c29af62fb4180f69b77a2f64cced4d117987bfbfb64860be4?user_id=public&X-Xet-Cas-Uid=public&response-content-disposition=inline%3B+filename*%3DUTF-8%27%27Ornith-1.5-35B-Q6_K.gguf%3B+filename%3D%22Ornith-1.5-35B-Q6_K.gguf%22%3B&Expires=1787823628&Policy=eyJTdGF0ZW1lbnQiOlt7IlJlc291cmNlIjoiaHR0cHM6Ly91cy5hd3MuY2RuLmhmLmNvL3hldC1icmlkZ2UtdXMvNmE4M2ZkZjE5OTNmYmI1M2VmODNkYmIxL2M1ZTRiZDRlNWFlYWQ1NmMyOWFmNjJmYjQxODBmNjliNzdhMmY2NGNjZWQ0ZDExNzk4N2JmYmZiNjQ4NjBiZTRcXD91c2VyX2lkPXB1YmxpYyZYLVhldC1DYXMtVWlkPXB1YmxpYyZyZXNwb25zZS1jb250ZW50LWRpc3Bvc2l0aW9uPWlubGluZSUzQitmaWxlbmFtZSUyQSUzRFVURi04JTI3JTI3T3JuaXRoLTEuNS0zNUItUTZfSy5nZ3VmJTNCK2ZpbGVuYW1lJTNEJTIyT3JuaXRoLTEuNS0zNUItUTZfSy5nZ3VmJTIyJTNCIiwiQ29uZGl0aW9uIjp7IkRhdGVMZXNzVGhhbiI6eyJFcG9jaFRpbWUiOjE3ODc4MjM2Mjh9fX1dfQ__&Signature=MEQCIFMV977Pw9RBsLXk4WDX1vP20MTl%7EoGCW0BR3GxRlJR1AiBcsi02vLKIqYUzF1bL48PC0V9hmnqVPRF8vUFcdm%7E%7E6A__&Key-Pair-Id=01KXEF4KZ1B6FV465MAWR4M21F
[#8b2ec5 4.9GiB/27GiB(18%) CN:11 DL:9.7MiB ETA:39m11s]
[#8b2ec5 4.9GiB/27GiB(18%) CN:11 DL:10MiB ETA:36m24s]
[#8b2ec5 4.9GiB/27GiB(18%) CN:11 DL:10MiB ETA:35m58s]
[#8b2ec5 4.9GiB/27GiB(18%) CN:11 DL:10MiB ETA:35m48s]
[#8b2ec5 4.9GiB/27GiB(18%) CN:11 DL:10MiB ETA:35m13s]
[#8b2ec5 4.9GiB/27GiB(18%) CN:11 DL:11MiB ETA:34m11s]
[#8b2ec5 4.9GiB/27GiB(18%) CN:11 DL:10MiB ETA:36m1s]
[#8b2ec5 4.9GiB/27GiB(18%) CN:11 DL:11MiB ETA:34m2s]
[#8b2ec5 5.0GiB/27GiB(18%) CN:11 DL:10MiB ETA:35m32s]
[#8b2ec5 5.0GiB/27GiB(18%) CN:11 DL:11MiB ETA:34m16s]
[#8b2ec5 5.0GiB/27GiB(18%) CN:11 DL:11MiB ETA:34m16s]
[#8b2ec5 5.0GiB/27GiB(18%) CN:11 DL:11MiB ETA:34m15s]
[#8b2ec5 5.0GiB/27GiB(18%) CN:11 DL:10MiB ETA:34m48s]
[#8b2ec5 5.0GiB/27GiB(18%) CN:11 DL:10MiB ETA:34m58s]
 *** Download Progress Summary as of Thu Aug 27 16:40:45 2026 *** 
===============================================================================
[#8b2ec5 5.0GiB/27GiB(18%) CN:11 DL:10MiB ETA:36m11s]
FILE: /Users/wilsonxu/Models/ornith-256k/llamacpp/models/Ornith-1.5-35B-Q6_K.gguf
-------------------------------------------------------------------------------

[#8b2ec5 5.0GiB/27GiB(18%) CN:11 DL:10MiB ETA:36m11s]
[#8b2ec5 5.0GiB/27GiB(18%) CN:11 DL:10MiB ETA:35m50s]
[#8b2ec5 5.0GiB/27GiB(18%) CN:11 DL:10MiB ETA:36m54s]

08/27 16:40:48 [[1;32mNOTICE[0m] CUID#15 - Redirecting to https://us.aws.cdn.hf.co/xet-bridge-us/6a83fdf1993fbb53ef83dbb1/c5e4bd4e5aead56c29af62fb4180f69b77a2f64cced4d117987bfbfb64860be4?user_id=public&response-content-disposition=inline%3B+filename*%3DUTF-8%27%27Ornith-1.5-35B-Q6_K.gguf%3B+filename%3D%22Ornith-1.5-35B-Q6_K.gguf%22%3B&X-Xet-Cas-Uid=public&Expires=1787823647&Policy=eyJTdGF0ZW1lbnQiOlt7IlJlc291cmNlIjoiaHR0cHM6Ly91cy5hd3MuY2RuLmhmLmNvL3hldC1icmlkZ2UtdXMvNmE4M2ZkZjE5OTNmYmI1M2VmODNkYmIxL2M1ZTRiZDRlNWFlYWQ1NmMyOWFmNjJmYjQxODBmNjliNzdhMmY2NGNjZWQ0ZDExNzk4N2JmYmZiNjQ4NjBiZTRcXD91c2VyX2lkPXB1YmxpYyZyZXNwb25zZS1jb250ZW50LWRpc3Bvc2l0aW9uPWlubGluZSUzQitmaWxlbmFtZSUyQSUzRFVURi04JTI3JTI3T3JuaXRoLTEuNS0zNUItUTZfSy5nZ3VmJTNCK2ZpbGVuYW1lJTNEJTIyT3JuaXRoLTEuNS0zNUItUTZfSy5nZ3VmJTIyJTNCJlgtWGV0LUNhcy1VaWQ9cHVibGljIiwiQ29uZGl0aW9uIjp7IkRhdGVMZXNzVGhhbiI6eyJFcG9jaFRpbWUiOjE3ODc4MjM2NDd9fX1dfQ__&Signature=MEUCIQCotGw-7H424xb1EQhjPnYJO6j%7EmXLnXiT1HEUpT6bAnwIgHHbwmrsWqbbZzbtgezcYOEv6P4TZcfkbg2u3lt223bo_&Key-Pair-Id=01KXEF4KZ1B6FV465MAWR4M21F
[#8b2ec5 5.0GiB/27GiB(18%) CN:11 DL:10MiB ETA:36m41s]
[#8b2ec5 5.1GiB/27GiB(18%) CN:11 DL:9.6MiB ETA:39m4s]
[#8b2ec5 5.1GiB/27GiB(18%) CN:11 DL:9.5MiB ETA:39m16s]
[#8b2ec5 5.1GiB/27GiB(18%) CN:11 DL:9.6MiB ETA:38m58s]
[#8b2ec5 5.1GiB/27GiB(18%) CN:11 DL:9.9MiB ETA:37m57s]
[#8b2ec5 5.1GiB/27GiB(18%) CN:11 DL:9.7MiB ETA:38m41s]
[#8b2ec5 5.1GiB/27GiB(18%) CN:11 DL:9.6MiB ETA:39m2s]
[#8b2ec5 5.1GiB/27GiB(18%) CN:11 DL:9.5MiB ETA:39m28s]
[#8b2ec5 5.1GiB/27GiB(19%) CN:11 DL:9.6MiB ETA:38m50s]
[#8b2ec5 5.1GiB/27GiB(19%) CN:11 DL:9.6MiB ETA:38m59s]
[#8b2ec5 5.1GiB/27GiB(19%) CN:11 DL:10MiB ETA:37m7s]
[#8b2ec5 5.2GiB/27GiB(19%) CN:11 DL:9.8MiB ETA:37m57s]
[#8b2ec5 5.2GiB/27GiB(19%) CN:11 DL:9.7MiB ETA:38m24s]
[#8b2ec5 5.2GiB/27GiB(19%) CN:11 DL:9.6MiB ETA:39m1s]
[#8b2ec5 5.2GiB/27GiB(19%) CN:11 DL:10MiB ETA:36m36s]
[#8b2ec5 5.2GiB/27GiB(19%) CN:11 DL:10MiB ETA:37m19s]
[#8b2ec5 5.2GiB/27GiB(19%) CN:11 DL:10MiB ETA:37m25s]
[#8b2ec5 5.2GiB/27GiB(19%) CN:11 DL:9.9MiB ETA:37m32s]
[#8b2ec5 5.2GiB/27GiB(19%) CN:11 DL:9.8MiB ETA:38m6s]
[#8b2ec5 5.2GiB/27GiB(19%) CN:11 DL:9.8MiB ETA:38m8s]
[#8b2ec5 5.2GiB/27GiB(19%) CN:11 DL:9.8MiB ETA:37m48s]
[#8b2ec5 5.3GiB/27GiB(19%) CN:11 DL:10MiB ETA:37m20s]
[#8b2ec5 5.3GiB/27GiB(19%) CN:11 DL:9.5MiB ETA:39m3s]
[#8b2ec5 5.3GiB/27GiB(19%) CN:11 DL:9.5MiB ETA:39m]
[#8b2ec5 5.3GiB/27GiB(19%) CN:11 DL:9.6MiB ETA:38m34s]
[#8b2ec5 5.3GiB/27GiB(19%) CN:11 DL:9.6MiB ETA:38m41s]
[#8b2ec5 5.3GiB/27GiB(19%) CN:11 DL:9.4MiB ETA:39m33s]
[#8b2ec5 5.3GiB/27GiB(19%) CN:11 DL:9.5MiB ETA:38m54s]
[#8b2ec5 5.3GiB/27GiB(19%) CN:11 DL:9.4MiB ETA:39m27s]
[#8b2ec5 5.3GiB/27GiB(19%) CN:11 DL:9.3MiB ETA:39m39s]
[#8b2ec5 5.3GiB/27GiB(19%) CN:11 DL:9.4MiB ETA:39m26s]
[#8b2ec5 5.4GiB/27GiB(19%) CN:11 DL:9.6MiB ETA:38m43s]
[#8b2ec5 5.4GiB/27GiB(19%) CN:11 DL:8.9MiB ETA:41m21s]
[#8b2ec5 5.4GiB/27GiB(19%) CN:11 DL:8.9MiB ETA:41m18s]
[#8b2ec5 5.4GiB/27GiB(19%) CN:11 DL:9.2MiB ETA:39m59s]
[#8b2ec5 5.4GiB/27GiB(19%) CN:11 DL:8.7MiB ETA:42m21s]
[#8b2ec5 5.4GiB/27GiB(20%) CN:11 DL:8.4MiB ETA:43m57s]
[#8b2ec5 5.4GiB/27GiB(20%) CN:11 DL:8.3MiB ETA:44m16s]
[#8b2ec5 5.4GiB/27GiB(20%) CN:11 DL:8.3MiB ETA:44m39s]
[#8b2ec5 5.4GiB/27GiB(20%) CN:11 DL:7.9MiB ETA:46m23s]
[#8b2ec5 5.4GiB/27GiB(20%) CN:11 DL:8.0MiB ETA:46m2s]
[#8b2ec5 5.4GiB/27GiB(20%) CN:11 DL:7.8MiB ETA:47m23s]
[#8b2ec5 5.4GiB/27GiB(20%) CN:11 DL:7.9MiB ETA:46m45s]
[#8b2ec5 5.5GiB/27GiB(20%) CN:11 DL:7.3MiB ETA:50m12s]
[#8b2ec5 5.5GiB/27GiB(20%) CN:11 DL:7.8MiB ETA:46m58s]
[#8b2ec5 5.5GiB/27GiB(20%) CN:11 DL:7.8MiB ETA:47m1s]
[#8b2ec5 5.5GiB/27GiB(20%) CN:11 DL:7.6MiB ETA:48m36s]
[#8b2ec5 5.5GiB/27GiB(20%) CN:11 DL:7.4MiB ETA:49m52s]
[#8b2ec5 5.5GiB/27GiB(20%) CN:11 DL:7.2MiB ETA:51m11s]
[#8b2ec5 5.5GiB/27GiB(20%) CN:11 DL:7.3MiB ETA:50m10s]
[#8b2ec5 5.5GiB/27GiB(20%) CN:11 DL:7.3MiB ETA:50m15s]
[#8b2ec5 5.5GiB/27GiB(20%) CN:11 DL:7.2MiB ETA:50m54s]
[#8b2ec5 5.5GiB/27GiB(20%) CN:11 DL:7.0MiB ETA:52m5s]
[#8b2ec5 5.5GiB/27GiB(20%) CN:11 DL:6.5MiB ETA:56m17s]
[#8b2ec5 5.5GiB/27GiB(20%) CN:11 DL:6.6MiB ETA:55m10s]
 *** Download Progress Summary as of Thu Aug 27 16:41:46 2026 *** 
===============================================================================
[#8b2ec5 5.5GiB/27GiB(20%) CN:11 DL:6.5MiB ETA:56m22s]
FILE: /Users/wilsonxu/Models/ornith-256k/llamacpp/models/Ornith-1.5-35B-Q6_K.gguf
-------------------------------------------------------------------------------

[#8b2ec5 5.5GiB/27GiB(20%) CN:11 DL:6.5MiB ETA:56m22s]
[#8b2ec5 5.5GiB/27GiB(20%) CN:11 DL:6.5MiB ETA:56m22s]
[#8b2ec5 5.5GiB/27GiB(20%) CN:11 DL:6.4MiB ETA:57m8s]
[#8b2ec5 5.6GiB/27GiB(20%) CN:11 DL:6.1MiB ETA:59m30s]
[#8b2ec5 5.6GiB/27GiB(20%) CN:11 DL:6.3MiB ETA:58m28s]
[#8b2ec5 5.6GiB/27GiB(20%) CN:11 DL:6.0MiB ETA:1h45s]
[#8b2ec5 5.6GiB/27GiB(20%) CN:11 DL:6.3MiB ETA:58m10s]
[#8b2ec5 5.6GiB/27GiB(20%) CN:11 DL:6.5MiB ETA:56m28s]
[#8b2ec5 5.6GiB/27GiB(20%) CN:11 DL:6.3MiB ETA:58m13s]
[#8b2ec5 5.6GiB/27GiB(20%) CN:11 DL:6.4MiB ETA:56m46s]
[#8b2ec5 5.6GiB/27GiB(20%) CN:11 DL:6.4MiB ETA:57m17s]
[#8b2ec5 5.6GiB/27GiB(20%) CN:11 DL:6.4MiB ETA:56m51s]
[#8b2ec5 5.6GiB/27GiB(20%) CN:11 DL:6.3MiB ETA:58m13s]
[#8b2ec5 5.6GiB/27GiB(20%) CN:11 DL:6.3MiB ETA:57m37s]
[#8b2ec5 5.6GiB/27GiB(20%) CN:11 DL:6.2MiB ETA:58m58s]
[#8b2ec5 5.6GiB/27GiB(20%) CN:11 DL:6.1MiB ETA:59m34s]
[#8b2ec5 5.6GiB/27GiB(20%) CN:11 DL:6.2MiB ETA:59m9s]
[#8b2ec5 5.6GiB/27GiB(20%) CN:11 DL:6.1MiB ETA:59m28s]
[#8b2ec5 5.6GiB/27GiB(20%) CN:11 DL:6.0MiB ETA:1h1m8s]
[#8b2ec5 5.7GiB/27GiB(20%) CN:11 DL:6.0MiB ETA:1h1m4s]
[#8b2ec5 5.7GiB/27GiB(21%) CN:11 DL:6.1MiB ETA:59m51s]
[#8b2ec5 5.7GiB/27GiB(21%) CN:11 DL:6.1MiB ETA:59m37s]
[#8b2ec5 5.7GiB/27GiB(21%) CN:11 DL:6.0MiB ETA:1h18s]
[#8b2ec5 5.7GiB/27GiB(21%) CN:11 DL:6.1MiB ETA:59m48s]
[#8b2ec5 5.7GiB/27GiB(21%) CN:11 DL:6.0MiB ETA:1h1m3s]
[#8b2ec5 5.7GiB/27GiB(21%) CN:11 DL:6.1MiB ETA:59m39s]
[#8b2ec5 5.7GiB/27GiB(21%) CN:11 DL:6.2MiB ETA:58m19s]
[#8b2ec5 5.7GiB/27GiB(21%) CN:11 DL:6.0MiB ETA:1h36s]
[#8b2ec5 5.7GiB/27GiB(21%) CN:11 DL:6.1MiB ETA:59m7s]
[#8b2ec5 5.7GiB/27GiB(21%) CN:11 DL:6.0MiB ETA:1h2s]
[#8b2ec5 5.7GiB/27GiB(21%) CN:11 DL:6.2MiB ETA:58m46s]
[#8b2ec5 5.7GiB/27GiB(21%) CN:11 DL:6.0MiB ETA:1h22s]
[#8b2ec5 5.7GiB/27GiB(21%) CN:11 DL:5.9MiB ETA:1h1m12s]
[#8b2ec5 5.7GiB/27GiB(21%) CN:11 DL:5.9MiB ETA:1h1m2s]
[#8b2ec5 5.7GiB/27GiB(21%) CN:11 DL:5.9MiB ETA:1h1m25s]
[#8b2ec5 5.8GiB/27GiB(21%) CN:11 DL:5.6MiB ETA:1h4m37s]
[#8b2ec5 5.8GiB/27GiB(21%) CN:11 DL:6.0MiB ETA:59m54s]
[#8b2ec5 5.8GiB/27GiB(21%) CN:11 DL:5.6MiB ETA:1h4m4s]
[#8b2ec5 5.8GiB/27GiB(21%) CN:11 DL:5.7MiB ETA:1h3m35s]
[#8b2ec5 5.8GiB/27GiB(21%) CN:11 DL:5.5MiB ETA:1h5m20s]
[#8b2ec5 5.8GiB/27GiB(21%) CN:11 DL:5.7MiB ETA:1h3m6s]
[#8b2ec5 5.8GiB/27GiB(21%) CN:11 DL:5.5MiB ETA:1h6m5s]
[#8b2ec5 5.8GiB/27GiB(21%) CN:11 DL:5.2MiB ETA:1h9m50s]

08/27 16:42:30 [[1;32mNOTICE[0m] CUID#14 - Redirecting to https://us.aws.cdn.hf.co/xet-bridge-us/6a83fdf1993fbb53ef83dbb1/c5e4bd4e5aead56c29af62fb4180f69b77a2f64cced4d117987bfbfb64860be4?response-content-disposition=inline%3B+filename*%3DUTF-8%27%27Ornith-1.5-35B-Q6_K.gguf%3B+filename%3D%22Ornith-1.5-35B-Q6_K.gguf%22%3B&user_id=public&X-Xet-Cas-Uid=public&Expires=1787823749&Policy=eyJTdGF0ZW1lbnQiOlt7IlJlc291cmNlIjoiaHR0cHM6Ly91cy5hd3MuY2RuLmhmLmNvL3hldC1icmlkZ2UtdXMvNmE4M2ZkZjE5OTNmYmI1M2VmODNkYmIxL2M1ZTRiZDRlNWFlYWQ1NmMyOWFmNjJmYjQxODBmNjliNzdhMmY2NGNjZWQ0ZDExNzk4N2JmYmZiNjQ4NjBiZTRcXD9yZXNwb25zZS1jb250ZW50LWRpc3Bvc2l0aW9uPWlubGluZSUzQitmaWxlbmFtZSUyQSUzRFVURi04JTI3JTI3T3JuaXRoLTEuNS0zNUItUTZfSy5nZ3VmJTNCK2ZpbGVuYW1lJTNEJTIyT3JuaXRoLTEuNS0zNUItUTZfSy5nZ3VmJTIyJTNCJnVzZXJfaWQ9cHVibGljJlgtWGV0LUNhcy1VaWQ9cHVibGljIiwiQ29uZGl0aW9uIjp7IkRhdGVMZXNzVGhhbiI6eyJFcG9jaFRpbWUiOjE3ODc4MjM3NDl9fX1dfQ__&Signature=MEUCIQDOV2VM94uSk-1tdAqTvITrpmrrATyzAYR0A%7EksjqEFFAIgMMPGW9cIhpzfu1U1moKaXU6xOpDfRs0IuVUA38RPOBQ_&Key-Pair-Id=01KXEF4KZ1B6FV465MAWR4M21F

08/27 16:42:30 [[1;32mNOTICE[0m] CUID#17 - Redirecting to https://us.aws.cdn.hf.co/xet-bridge-us/6a83fdf1993fbb53ef83dbb1/c5e4bd4e5aead56c29af62fb4180f69b77a2f64cced4d117987bfbfb64860be4?response-content-disposition=inline%3B+filename*%3DUTF-8%27%27Ornith-1.5-35B-Q6_K.gguf%3B+filename%3D%22Ornith-1.5-35B-Q6_K.gguf%22%3B&X-Xet-Cas-Uid=public&user_id=public&Expires=1787823749&Policy=eyJTdGF0ZW1lbnQiOlt7IlJlc291cmNlIjoiaHR0cHM6Ly91cy5hd3MuY2RuLmhmLmNvL3hldC1icmlkZ2UtdXMvNmE4M2ZkZjE5OTNmYmI1M2VmODNkYmIxL2M1ZTRiZDRlNWFlYWQ1NmMyOWFmNjJmYjQxODBmNjliNzdhMmY2NGNjZWQ0ZDExNzk4N2JmYmZiNjQ4NjBiZTRcXD9yZXNwb25zZS1jb250ZW50LWRpc3Bvc2l0aW9uPWlubGluZSUzQitmaWxlbmFtZSUyQSUzRFVURi04JTI3JTI3T3JuaXRoLTEuNS0zNUItUTZfSy5nZ3VmJTNCK2ZpbGVuYW1lJTNEJTIyT3JuaXRoLTEuNS0zNUItUTZfSy5nZ3VmJTIyJTNCJlgtWGV0LUNhcy1VaWQ9cHVibGljJnVzZXJfaWQ9cHVibGljIiwiQ29uZGl0aW9uIjp7IkRhdGVMZXNzVGhhbiI6eyJFcG9jaFRpbWUiOjE3ODc4MjM3NDl9fX1dfQ__&Signature=MEUCIQDIC8QUtF0VeKjyE6qRBEinmo77TGPjqBw6u5ksaaRwGAIgQ0aJtRRUsyYxmqxPnnjQJCDPj6jEG7UZVJGsxJJIa30_&Key-Pair-Id=01KXEF4KZ1B6FV465MAWR4M21F

08/27 16:42:31 [[1;32mNOTICE[0m] CUID#21 - Redirecting to https://us.aws.cdn.hf.co/xet-bridge-us/6a83fdf1993fbb53ef83dbb1/c5e4bd4e5aead56c29af62fb4180f69b77a2f64cced4d117987bfbfb64860be4?X-Xet-Cas-Uid=public&response-content-disposition=inline%3B+filename*%3DUTF-8%27%27Ornith-1.5-35B-Q6_K.gguf%3B+filename%3D%22Ornith-1.5-35B-Q6_K.gguf%22%3B&user_id=public&Expires=1787823750&Policy=eyJTdGF0ZW1lbnQiOlt7IlJlc291cmNlIjoiaHR0cHM6Ly91cy5hd3MuY2RuLmhmLmNvL3hldC1icmlkZ2UtdXMvNmE4M2ZkZjE5OTNmYmI1M2VmODNkYmIxL2M1ZTRiZDRlNWFlYWQ1NmMyOWFmNjJmYjQxODBmNjliNzdhMmY2NGNjZWQ0ZDExNzk4N2JmYmZiNjQ4NjBiZTRcXD9YLVhldC1DYXMtVWlkPXB1YmxpYyZyZXNwb25zZS1jb250ZW50LWRpc3Bvc2l0aW9uPWlubGluZSUzQitmaWxlbmFtZSUyQSUzRFVURi04JTI3JTI3T3JuaXRoLTEuNS0zNUItUTZfSy5nZ3VmJTNCK2ZpbGVuYW1lJTNEJTIyT3JuaXRoLTEuNS0zNUItUTZfSy5nZ3VmJTIyJTNCJnVzZXJfaWQ9cHVibGljIiwiQ29uZGl0aW9uIjp7IkRhdGVMZXNzVGhhbiI6eyJFcG9jaFRpbWUiOjE3ODc4MjM3NTB9fX1dfQ__&Signature=MEQCIALqVQ1bn3WKzFdFJCY7SPtPbenZFke0yqXbOoytkshVAiBdnOskbwFHw1RdGlzpxjYJiMHIF2HINGPUu1A3A2Nfwg__&Key-Pair-Id=01KXEF4KZ1B6FV465MAWR4M21F
[#8b2ec5 5.8GiB/27GiB(21%) CN:11 DL:4.6MiB ETA:1h18m17s]

08/27 16:42:31 [[1;32mNOTICE[0m] CUID#13 - Redirecting to https://us.aws.cdn.hf.co/xet-bridge-us/6a83fdf1993fbb53ef83dbb1/c5e4bd4e5aead56c29af62fb4180f69b77a2f64cced4d117987bfbfb64860be4?response-content-disposition=inline%3B+filename*%3DUTF-8%27%27Ornith-1.5-35B-Q6_K.gguf%3B+filename%3D%22Ornith-1.5-35B-Q6_K.gguf%22%3B&user_id=public&X-Xet-Cas-Uid=public&Expires=1787823750&Policy=eyJTdGF0ZW1lbnQiOlt7IlJlc291cmNlIjoiaHR0cHM6Ly91cy5hd3MuY2RuLmhmLmNvL3hldC1icmlkZ2UtdXMvNmE4M2ZkZjE5OTNmYmI1M2VmODNkYmIxL2M1ZTRiZDRlNWFlYWQ1NmMyOWFmNjJmYjQxODBmNjliNzdhMmY2NGNjZWQ0ZDExNzk4N2JmYmZiNjQ4NjBiZTRcXD9yZXNwb25zZS1jb250ZW50LWRpc3Bvc2l0aW9uPWlubGluZSUzQitmaWxlbmFtZSUyQSUzRFVURi04JTI3JTI3T3JuaXRoLTEuNS0zNUItUTZfSy5nZ3VmJTNCK2ZpbGVuYW1lJTNEJTIyT3JuaXRoLTEuNS0zNUItUTZfSy5nZ3VmJTIyJTNCJnVzZXJfaWQ9cHVibGljJlgtWGV0LUNhcy1VaWQ9cHVibGljIiwiQ29uZGl0aW9uIjp7IkRhdGVMZXNzVGhhbiI6eyJFcG9jaFRpbWUiOjE3ODc4MjM3NTB9fX1dfQ__&Signature=MEQCICLlUNK7sE5sO4yyXQjFJfVVl97lDwJGm1ohFneWAz2wAiBIRhciuse2QExgbMbe-2OdlfyAk%7EWnpzsyHY7-KTA7bQ__&Key-Pair-Id=01KXEF4KZ1B6FV465MAWR4M21F

08/27 16:42:32 [[1;32mNOTICE[0m] CUID#20 - Redirecting to https://us.aws.cdn.hf.co/xet-bridge-us/6a83fdf1993fbb53ef83dbb1/c5e4bd4e5aead56c29af62fb4180f69b77a2f64cced4d117987bfbfb64860be4?response-content-disposition=inline%3B+filename*%3DUTF-8%27%27Ornith-1.5-35B-Q6_K.gguf%3B+filename%3D%22Ornith-1.5-35B-Q6_K.gguf%22%3B&user_id=public&X-Xet-Cas-Uid=public&Expires=1787823751&Policy=eyJTdGF0ZW1lbnQiOlt7IlJlc291cmNlIjoiaHR0cHM6Ly91cy5hd3MuY2RuLmhmLmNvL3hldC1icmlkZ2UtdXMvNmE4M2ZkZjE5OTNmYmI1M2VmODNkYmIxL2M1ZTRiZDRlNWFlYWQ1NmMyOWFmNjJmYjQxODBmNjliNzdhMmY2NGNjZWQ0ZDExNzk4N2JmYmZiNjQ4NjBiZTRcXD9yZXNwb25zZS1jb250ZW50LWRpc3Bvc2l0aW9uPWlubGluZSUzQitmaWxlbmFtZSUyQSUzRFVURi04JTI3JTI3T3JuaXRoLTEuNS0zNUItUTZfSy5nZ3VmJTNCK2ZpbGVuYW1lJTNEJTIyT3JuaXRoLTEuNS0zNUItUTZfSy5nZ3VmJTIyJTNCJnVzZXJfaWQ9cHVibGljJlgtWGV0LUNhcy1VaWQ9cHVibGljIiwiQ29uZGl0aW9uIjp7IkRhdGVMZXNzVGhhbiI6eyJFcG9jaFRpbWUiOjE3ODc4MjM3NTF9fX1dfQ__&Signature=MEYCIQDajRfO7-5-JQ6oMZDlhvQnV3mTPWZFAKcB661oVAoa%7EQIhAPOWsD6py00-MvVmvpv8pP0y24--2zh7UmnHWbM60xTx&Key-Pair-Id=01KXEF4KZ1B6FV465MAWR4M21F
[#8b2ec5 5.8GiB/27GiB(21%) CN:11 DL:4.2MiB ETA:1h25m18s]
[#8b2ec5 5.8GiB/27GiB(21%) CN:11 DL:3.5MiB ETA:1h43m16s]
[#8b2ec5 5.8GiB/27GiB(21%) CN:11 DL:3.2MiB ETA:1h52m5s]
[#8b2ec5 5.8GiB/27GiB(21%) CN:11 DL:2.8MiB ETA:2h7m4s]
[#8b2ec5 5.8GiB/27GiB(21%) CN:11 DL:2.8MiB ETA:2h7m21s]
[#8b2ec5 5.8GiB/27GiB(21%) CN:11 DL:2.8MiB ETA:2h6m55s]
[#8b2ec5 5.8GiB/27GiB(21%) CN:11 DL:4.4MiB ETA:1h22m15s]
[#8b2ec5 5.8GiB/27GiB(21%) CN:11 DL:4.7MiB ETA:1h16m17s]

08/27 16:42:39 [[1;32mNOTICE[0m] CUID#22 - Redirecting to https://us.aws.cdn.hf.co/xet-bridge-us/6a83fdf1993fbb53ef83dbb1/c5e4bd4e5aead56c29af62fb4180f69b77a2f64cced4d117987bfbfb64860be4?response-content-disposition=inline%3B+filename*%3DUTF-8%27%27Ornith-1.5-35B-Q6_K.gguf%3B+filename%3D%22Ornith-1.5-35B-Q6_K.gguf%22%3B&X-Xet-Cas-Uid=public&user_id=public&Expires=1787823759&Policy=eyJTdGF0ZW1lbnQiOlt7IlJlc291cmNlIjoiaHR0cHM6Ly91cy5hd3MuY2RuLmhmLmNvL3hldC1icmlkZ2UtdXMvNmE4M2ZkZjE5OTNmYmI1M2VmODNkYmIxL2M1ZTRiZDRlNWFlYWQ1NmMyOWFmNjJmYjQxODBmNjliNzdhMmY2NGNjZWQ0ZDExNzk4N2JmYmZiNjQ4NjBiZTRcXD9yZXNwb25zZS1jb250ZW50LWRpc3Bvc2l0aW9uPWlubGluZSUzQitmaWxlbmFtZSUyQSUzRFVURi04JTI3JTI3T3JuaXRoLTEuNS0zNUItUTZfSy5nZ3VmJTNCK2ZpbGVuYW1lJTNEJTIyT3JuaXRoLTEuNS0zNUItUTZfSy5nZ3VmJTIyJTNCJlgtWGV0LUNhcy1VaWQ9cHVibGljJnVzZXJfaWQ9cHVibGljIiwiQ29uZGl0aW9uIjp7IkRhdGVMZXNzVGhhbiI6eyJFcG9jaFRpbWUiOjE3ODc4MjM3NTl9fX1dfQ__&Signature=MEYCIQCicQEzQ-PbUerxc7AoB7c6nwJ7p0%7E9NSr-7wAlX7hD%7EAIhAKZSLM8ThY7qiKNDFfrPzw4l-fnJkGpSNGcEEVgF3jb-&Key-Pair-Id=01KXEF4KZ1B6FV465MAWR4M21F
[#8b2ec5 5.8GiB/27GiB(21%) CN:11 DL:5.5MiB ETA:1h5m47s]
[#8b2ec5 5.9GiB/27GiB(21%) CN:11 DL:6.5MiB ETA:55m23s]
[#8b2ec5 5.9GiB/27GiB(21%) CN:11 DL:7.2MiB ETA:50m11s]
[#8b2ec5 5.9GiB/27GiB(21%) CN:11 DL:8.3MiB ETA:43m32s]
[#8b2ec5 5.9GiB/27GiB(21%) CN:11 DL:9.0MiB ETA:40m13s]
[#8b2ec5 5.9GiB/27GiB(21%) CN:11 DL:8.8MiB ETA:40m53s]
 *** Download Progress Summary as of Thu Aug 27 16:42:46 2026 *** 
===============================================================================
[#8b2ec5 5.9GiB/27GiB(21%) CN:11 DL:9.3MiB ETA:38m43s]
FILE: /Users/wilsonxu/Models/ornith-256k/llamacpp/models/Ornith-1.5-35B-Q6_K.gguf
-------------------------------------------------------------------------------

[#8b2ec5 5.9GiB/27GiB(21%) CN:11 DL:9.3MiB ETA:38m43s]
[#8b2ec5 5.9GiB/27GiB(21%) CN:11 DL:8.3MiB ETA:43m31s]

08/27 16:42:48 [[1;32mNOTICE[0m] CUID#15 - Redirecting to https://us.aws.cdn.hf.co/xet-bridge-us/6a83fdf1993fbb53ef83dbb1/c5e4bd4e5aead56c29af62fb4180f69b77a2f64cced4d117987bfbfb64860be4?X-Xet-Cas-Uid=public&response-content-disposition=inline%3B+filename*%3DUTF-8%27%27Ornith-1.5-35B-Q6_K.gguf%3B+filename%3D%22Ornith-1.5-35B-Q6_K.gguf%22%3B&user_id=public&Expires=1787823768&Policy=eyJTdGF0ZW1lbnQiOlt7IlJlc291cmNlIjoiaHR0cHM6Ly91cy5hd3MuY2RuLmhmLmNvL3hldC1icmlkZ2UtdXMvNmE4M2ZkZjE5OTNmYmI1M2VmODNkYmIxL2M1ZTRiZDRlNWFlYWQ1NmMyOWFmNjJmYjQxODBmNjliNzdhMmY2NGNjZWQ0ZDExNzk4N2JmYmZiNjQ4NjBiZTRcXD9YLVhldC1DYXMtVWlkPXB1YmxpYyZyZXNwb25zZS1jb250ZW50LWRpc3Bvc2l0aW9uPWlubGluZSUzQitmaWxlbmFtZSUyQSUzRFVURi04JTI3JTI3T3JuaXRoLTEuNS0zNUItUTZfSy5nZ3VmJTNCK2ZpbGVuYW1lJTNEJTIyT3JuaXRoLTEuNS0zNUItUTZfSy5nZ3VmJTIyJTNCJnVzZXJfaWQ9cHVibGljIiwiQ29uZGl0aW9uIjp7IkRhdGVMZXNzVGhhbiI6eyJFcG9jaFRpbWUiOjE3ODc4MjM3Njh9fX1dfQ__&Signature=MEYCIQCTRi44B9LR-l0mQ80Td7gDECXCpGiuSR26p-7aom6TwgIhAMXUnwqy7RON2YDCQQ%7EwJt%7EsYjue7mZIhXa1CuFJroCC&Key-Pair-Id=01KXEF4KZ1B6FV465MAWR4M21F
[#8b2ec5 5.9GiB/27GiB(21%) CN:11 DL:8.8MiB ETA:41m]
[#8b2ec5 5.9GiB/27GiB(21%) CN:11 DL:8.3MiB ETA:43m36s]
[#8b2ec5 5.9GiB/27GiB(21%) CN:11 DL:8.0MiB ETA:45m6s]
[#8b2ec5 5.9GiB/27GiB(22%) CN:11 DL:8.2MiB ETA:43m37s]
[#8b2ec5 5.9GiB/27GiB(22%) CN:11 DL:7.9MiB ETA:45m27s]

08/27 16:42:53 [[1;32mNOTICE[0m] CUID#23 - Redirecting to https://us.aws.cdn.hf.co/xet-bridge-us/6a83fdf1993fbb53ef83dbb1/c5e4bd4e5aead56c29af62fb4180f69b77a2f64cced4d117987bfbfb64860be4?X-Xet-Cas-Uid=public&response-content-disposition=inline%3B+filename*%3DUTF-8%27%27Ornith-1.5-35B-Q6_K.gguf%3B+filename%3D%22Ornith-1.5-35B-Q6_K.gguf%22%3B&user_id=public&Expires=1787823772&Policy=eyJTdGF0ZW1lbnQiOlt7IlJlc291cmNlIjoiaHR0cHM6Ly91cy5hd3MuY2RuLmhmLmNvL3hldC1icmlkZ2UtdXMvNmE4M2ZkZjE5OTNmYmI1M2VmODNkYmIxL2M1ZTRiZDRlNWFlYWQ1NmMyOWFmNjJmYjQxODBmNjliNzdhMmY2NGNjZWQ0ZDExNzk4N2JmYmZiNjQ4NjBiZTRcXD9YLVhldC1DYXMtVWlkPXB1YmxpYyZyZXNwb25zZS1jb250ZW50LWRpc3Bvc2l0aW9uPWlubGluZSUzQitmaWxlbmFtZSUyQSUzRFVURi04JTI3JTI3T3JuaXRoLTEuNS0zNUItUTZfSy5nZ3VmJTNCK2ZpbGVuYW1lJTNEJTIyT3JuaXRoLTEuNS0zNUItUTZfSy5nZ3VmJTIyJTNCJnVzZXJfaWQ9cHVibGljIiwiQ29uZGl0aW9uIjp7IkRhdGVMZXNzVGhhbiI6eyJFcG9jaFRpbWUiOjE3ODc4MjM3NzJ9fX1dfQ__&Signature=MEQCIAbYeFgXThH89Hs7QALJYqXUwOgHIwVs0i1yMzxyJ8eQAiBm4im76Yis41OnXGm8GX1TY4FvInfTNvJpS%7ErVvRMBEg__&Key-Pair-Id=01KXEF4KZ1B6FV465MAWR4M21F
[#8b2ec5 6.0GiB/27GiB(22%) CN:11 DL:7.7MiB ETA:46m32s]
[#8b2ec5 6.0GiB/27GiB(22%) CN:11 DL:8.6MiB ETA:41m57s]
[#8b2ec5 6.0GiB/27GiB(22%) CN:11 DL:8.0MiB ETA:44m50s]
[#8b2ec5 6.0GiB/27GiB(22%) CN:11 DL:8.5MiB ETA:42m24s]
[#8b2ec5 6.0GiB/27GiB(22%) CN:11 DL:8.2MiB ETA:43m35s]

08/27 16:42:59 [[1;32mNOTICE[0m] CUID#9 - Redirecting to https://us.aws.cdn.hf.co/xet-bridge-us/6a83fdf1993fbb53ef83dbb1/c5e4bd4e5aead56c29af62fb4180f69b77a2f64cced4d117987bfbfb64860be4?user_id=public&response-content-disposition=inline%3B+filename*%3DUTF-8%27%27Ornith-1.5-35B-Q6_K.gguf%3B+filename%3D%22Ornith-1.5-35B-Q6_K.gguf%22%3B&X-Xet-Cas-Uid=public&Expires=1787823778&Policy=eyJTdGF0ZW1lbnQiOlt7IlJlc291cmNlIjoiaHR0cHM6Ly91cy5hd3MuY2RuLmhmLmNvL3hldC1icmlkZ2UtdXMvNmE4M2ZkZjE5OTNmYmI1M2VmODNkYmIxL2M1ZTRiZDRlNWFlYWQ1NmMyOWFmNjJmYjQxODBmNjliNzdhMmY2NGNjZWQ0ZDExNzk4N2JmYmZiNjQ4NjBiZTRcXD91c2VyX2lkPXB1YmxpYyZyZXNwb25zZS1jb250ZW50LWRpc3Bvc2l0aW9uPWlubGluZSUzQitmaWxlbmFtZSUyQSUzRFVURi04JTI3JTI3T3JuaXRoLTEuNS0zNUItUTZfSy5nZ3VmJTNCK2ZpbGVuYW1lJTNEJTIyT3JuaXRoLTEuNS0zNUItUTZfSy5nZ3VmJTIyJTNCJlgtWGV0LUNhcy1VaWQ9cHVibGljIiwiQ29uZGl0aW9uIjp7IkRhdGVMZXNzVGhhbiI6eyJFcG9jaFRpbWUiOjE3ODc4MjM3Nzh9fX1dfQ__&Signature=MEUCIHNDo-DHeplB3cTUPW64QQtLJGRmirE8yE0Zat9z1mtfAiEAwsJyPbdqFgziQSFcGryI0KlJvg75xIFleN-d3nZkZZE_&Key-Pair-Id=01KXEF4KZ1B6FV465MAWR4M21F
[#8b2ec5 6.0GiB/27GiB(22%) CN:11 DL:9.3MiB ETA:38m27s]
[#8b2ec5 6.0GiB/27GiB(22%) CN:11 DL:9.4MiB ETA:38m6s]

08/27 16:43:00 [[1;32mNOTICE[0m] CUID#18 - Redirecting to https://us.aws.cdn.hf.co/xet-bridge-us/6a83fdf1993fbb53ef83dbb1/c5e4bd4e5aead56c29af62fb4180f69b77a2f64cced4d117987bfbfb64860be4?X-Xet-Cas-Uid=public&user_id=public&response-content-disposition=inline%3B+filename*%3DUTF-8%27%27Ornith-1.5-35B-Q6_K.gguf%3B+filename%3D%22Ornith-1.5-35B-Q6_K.gguf%22%3B&Expires=1787823780&Policy=eyJTdGF0ZW1lbnQiOlt7IlJlc291cmNlIjoiaHR0cHM6Ly91cy5hd3MuY2RuLmhmLmNvL3hldC1icmlkZ2UtdXMvNmE4M2ZkZjE5OTNmYmI1M2VmODNkYmIxL2M1ZTRiZDRlNWFlYWQ1NmMyOWFmNjJmYjQxODBmNjliNzdhMmY2NGNjZWQ0ZDExNzk4N2JmYmZiNjQ4NjBiZTRcXD9YLVhldC1DYXMtVWlkPXB1YmxpYyZ1c2VyX2lkPXB1YmxpYyZyZXNwb25zZS1jb250ZW50LWRpc3Bvc2l0aW9uPWlubGluZSUzQitmaWxlbmFtZSUyQSUzRFVURi04JTI3JTI3T3JuaXRoLTEuNS0zNUItUTZfSy5nZ3VmJTNCK2ZpbGVuYW1lJTNEJTIyT3JuaXRoLTEuNS0zNUItUTZfSy5nZ3VmJTIyJTNCIiwiQ29uZGl0aW9uIjp7IkRhdGVMZXNzVGhhbiI6eyJFcG9jaFRpbWUiOjE3ODc4MjM3ODB9fX1dfQ__&Signature=MEQCIEY7QOd1xa%7EMvw6D3LzpHnMeDGdiLmFkR7%7E0G%7EoxfUWUAiBoOnJKHcSEb5Az9yi3tyJL3CfO6QixEICCOfR3UT-BoQ__&Key-Pair-Id=01KXEF4KZ1B6FV465MAWR4M21F
[#8b2ec5 6.0GiB/27GiB(22%) CN:11 DL:9.7MiB ETA:37m3s]
[#8b2ec5 6.0GiB/27GiB(22%) CN:11 DL:9.6MiB ETA:37m20s]
[#8b2ec5 6.0GiB/27GiB(22%) CN:11 DL:10MiB ETA:35m16s]

08/27 16:43:04 [[1;32mNOTICE[0m] CUID#19 - Redirecting to https://us.aws.cdn.hf.co/xet-bridge-us/6a83fdf1993fbb53ef83dbb1/c5e4bd4e5aead56c29af62fb4180f69b77a2f64cced4d117987bfbfb64860be4?response-content-disposition=inline%3B+filename*%3DUTF-8%27%27Ornith-1.5-35B-Q6_K.gguf%3B+filename%3D%22Ornith-1.5-35B-Q6_K.gguf%22%3B&user_id=public&X-Xet-Cas-Uid=public&Expires=1787823783&Policy=eyJTdGF0ZW1lbnQiOlt7IlJlc291cmNlIjoiaHR0cHM6Ly91cy5hd3MuY2RuLmhmLmNvL3hldC1icmlkZ2UtdXMvNmE4M2ZkZjE5OTNmYmI1M2VmODNkYmIxL2M1ZTRiZDRlNWFlYWQ1NmMyOWFmNjJmYjQxODBmNjliNzdhMmY2NGNjZWQ0ZDExNzk4N2JmYmZiNjQ4NjBiZTRcXD9yZXNwb25zZS1jb250ZW50LWRpc3Bvc2l0aW9uPWlubGluZSUzQitmaWxlbmFtZSUyQSUzRFVURi04JTI3JTI3T3JuaXRoLTEuNS0zNUItUTZfSy5nZ3VmJTNCK2ZpbGVuYW1lJTNEJTIyT3JuaXRoLTEuNS0zNUItUTZfSy5nZ3VmJTIyJTNCJnVzZXJfaWQ9cHVibGljJlgtWGV0LUNhcy1VaWQ9cHVibGljIiwiQ29uZGl0aW9uIjp7IkRhdGVMZXNzVGhhbiI6eyJFcG9jaFRpbWUiOjE3ODc4MjM3ODN9fX1dfQ__&Signature=MEUCIQCPGB72csbBUYpYxeFnDud3DSHB6i2RrA8SdsvKCLotggIgSVYoHBGyL4sQtnCEF2l%7Ep2nEmJ-gKSqzYLyPjW0cQ84_&Key-Pair-Id=01KXEF4KZ1B6FV465MAWR4M21F
[#8b2ec5 6.1GiB/27GiB(22%) CN:11 DL:9.9MiB ETA:36m2s]
[#8b2ec5 6.1GiB/27GiB(22%) CN:11 DL:10MiB ETA:32m50s]
[#8b2ec5 6.1GiB/27GiB(22%) CN:11 DL:10MiB ETA:33m52s]
[#8b2ec5 6.1GiB/27GiB(22%) CN:11 DL:11MiB ETA:32m38s]
[#8b2ec5 6.1GiB/27GiB(22%) CN:11 DL:10MiB ETA:34m45s]
[#8b2ec5 6.1GiB/27GiB(22%) CN:11 DL:10MiB ETA:33m16s]
[#8b2ec5 6.1GiB/27GiB(22%) CN:11 DL:10MiB ETA:35m33s]
[#8b2ec5 6.1GiB/27GiB(22%) CN:11 DL:10MiB ETA:33m56s]
[#8b2ec5 6.1GiB/27GiB(22%) CN:11 DL:9.9MiB ETA:35m57s]
[#8b2ec5 6.2GiB/27GiB(22%) CN:11 DL:10MiB ETA:35m29s]
[#8b2ec5 6.2GiB/27GiB(22%) CN:11 DL:9.6MiB ETA:37m10s]
[#8b2ec5 6.2GiB/27GiB(22%) CN:11 DL:9.9MiB ETA:35m58s]
[#8b2ec5 6.2GiB/27GiB(22%) CN:11 DL:9.6MiB ETA:36m56s]
[#8b2ec5 6.2GiB/27GiB(22%) CN:11 DL:9.6MiB ETA:37m7s]
[#8b2ec5 6.2GiB/27GiB(22%) CN:11 DL:9.5MiB ETA:37m30s]
[#8b2ec5 6.2GiB/27GiB(23%) CN:11 DL:9.8MiB ETA:36m12s]
[#8b2ec5 6.2GiB/27GiB(23%) CN:11 DL:9.5MiB ETA:37m33s]
[#8b2ec5 6.2GiB/27GiB(23%) CN:11 DL:9.7MiB ETA:36m37s]
[#8b2ec5 6.2GiB/27GiB(23%) CN:11 DL:9.5MiB ETA:37m25s]
[#8b2ec5 6.2GiB/27GiB(23%) CN:11 DL:9.4MiB ETA:37m47s]
[#8b2ec5 6.3GiB/27GiB(23%) CN:11 DL:9.2MiB ETA:38m43s]
[#8b2ec5 6.3GiB/27GiB(23%) CN:11 DL:9.1MiB ETA:39m8s]
[#8b2ec5 6.3GiB/27GiB(23%) CN:11 DL:9.4MiB ETA:37m51s]
[#8b2ec5 6.3GiB/27GiB(23%) CN:11 DL:9.0MiB ETA:39m20s]
[#8b2ec5 6.3GiB/27GiB(23%) CN:11 DL:9.3MiB ETA:38m11s]
[#8b2ec5 6.3GiB/27GiB(23%) CN:11 DL:9.5MiB ETA:37m23s]
[#8b2ec5 6.3GiB/27GiB(23%) CN:11 DL:9.1MiB ETA:38m43s]
[#8b2ec5 6.3GiB/27GiB(23%) CN:11 DL:9.0MiB ETA:39m12s]
[#8b2ec5 6.3GiB/27GiB(23%) CN:11 DL:9.2MiB ETA:38m16s]

08/27 16:43:34 [[1;32mNOTICE[0m] CUID#18 - Redirecting to https://us.aws.cdn.hf.co/xet-bridge-us/6a83fdf1993fbb53ef83dbb1/c5e4bd4e5aead56c29af62fb4180f69b77a2f64cced4d117987bfbfb64860be4?X-Xet-Cas-Uid=public&response-content-disposition=inline%3B+filename*%3DUTF-8%27%27Ornith-1.5-35B-Q6_K.gguf%3B+filename%3D%22Ornith-1.5-35B-Q6_K.gguf%22%3B&user_id=public&Expires=1787823814&Policy=eyJTdGF0ZW1lbnQiOlt7IlJlc291cmNlIjoiaHR0cHM6Ly91cy5hd3MuY2RuLmhmLmNvL3hldC1icmlkZ2UtdXMvNmE4M2ZkZjE5OTNmYmI1M2VmODNkYmIxL2M1ZTRiZDRlNWFlYWQ1NmMyOWFmNjJmYjQxODBmNjliNzdhMmY2NGNjZWQ0ZDExNzk4N2JmYmZiNjQ4NjBiZTRcXD9YLVhldC1DYXMtVWlkPXB1YmxpYyZyZXNwb25zZS1jb250ZW50LWRpc3Bvc2l0aW9uPWlubGluZSUzQitmaWxlbmFtZSUyQSUzRFVURi04JTI3JTI3T3JuaXRoLTEuNS0zNUItUTZfSy5nZ3VmJTNCK2ZpbGVuYW1lJTNEJTIyT3JuaXRoLTEuNS0zNUItUTZfSy5nZ3VmJTIyJTNCJnVzZXJfaWQ9cHVibGljIiwiQ29uZGl0aW9uIjp7IkRhdGVMZXNzVGhhbiI6eyJFcG9jaFRpbWUiOjE3ODc4MjM4MTR9fX1dfQ__&Signature=MEUCIF5tVRl2Fr2NAi0cBE2QgamqqEgQ7u-RNuzrNZCoUxcCAiEAliaQwxkaGelkgtu9ATqHRTlV8dQjTBcjHRr94jCkV9Y_&Key-Pair-Id=01KXEF4KZ1B6FV465MAWR4M21F
[#8b2ec5 6.3GiB/27GiB(23%) CN:11 DL:9.1MiB ETA:39m1s]
[#8b2ec5 6.4GiB/27GiB(23%) CN:11 DL:9.3MiB ETA:38m3s]
[#8b2ec5 6.4GiB/27GiB(23%) CN:11 DL:9.1MiB ETA:38m49s]
[#8b2ec5 6.4GiB/27GiB(23%) CN:11 DL:9.3MiB ETA:37m59s]
[#8b2ec5 6.4GiB/27GiB(23%) CN:11 DL:9.1MiB ETA:38m57s]
[#8b2ec5 6.4GiB/27GiB(23%) CN:11 DL:9.0MiB ETA:38m58s]
[#8b2ec5 6.4GiB/27GiB(23%) CN:11 DL:9.5MiB ETA:37m13s]
[#8b2ec5 6.4GiB/27GiB(23%) CN:11 DL:9.9MiB ETA:35m42s]
[#8b2ec5 6.4GiB/27GiB(23%) CN:11 DL:9.4MiB ETA:37m33s]
[#8b2ec5 6.4GiB/27GiB(23%) CN:11 DL:9.8MiB ETA:35m51s]
[#8b2ec5 6.4GiB/27GiB(23%) CN:11 DL:9.9MiB ETA:35m37s]
[#8b2ec5 6.5GiB/27GiB(23%) CN:11 DL:10MiB ETA:35m7s]
 *** Download Progress Summary as of Thu Aug 27 16:43:47 2026 *** 
===============================================================================
[#8b2ec5 6.5GiB/27GiB(23%) CN:11 DL:10MiB ETA:34m2s]
FILE: /Users/wilsonxu/Models/ornith-256k/llamacpp/models/Ornith-1.5-35B-Q6_K.gguf
-------------------------------------------------------------------------------

[#8b2ec5 6.5GiB/27GiB(23%) CN:11 DL:10MiB ETA:34m2s]
[#8b2ec5 6.5GiB/27GiB(23%) CN:11 DL:10MiB ETA:33m34s]
[#8b2ec5 6.5GiB/27GiB(24%) CN:11 DL:10MiB ETA:33m42s]
[#8b2ec5 6.5GiB/27GiB(24%) CN:11 DL:10MiB ETA:33m14s]
[#8b2ec5 6.5GiB/27GiB(24%) CN:11 DL:10MiB ETA:32m11s]
[#8b2ec5 6.5GiB/27GiB(24%) CN:11 DL:10MiB ETA:32m5s]
[#8b2ec5 6.5GiB/27GiB(24%) CN:11 DL:10MiB ETA:32m17s]
[#8b2ec5 6.5GiB/27GiB(24%) CN:11 DL:11MiB ETA:31m45s]
[#8b2ec5 6.6GiB/27GiB(24%) CN:11 DL:11MiB ETA:31m19s]
[#8b2ec5 6.6GiB/27GiB(24%) CN:11 DL:11MiB ETA:31m45s]
[#8b2ec5 6.6GiB/27GiB(24%) CN:11 DL:11MiB ETA:31m29s]
[#8b2ec5 6.6GiB/27GiB(24%) CN:11 DL:11MiB ETA:31m27s]
[#8b2ec5 6.6GiB/27GiB(24%) CN:11 DL:10MiB ETA:32m4s]
[#8b2ec5 6.6GiB/27GiB(24%) CN:11 DL:10MiB ETA:32m54s]
[#8b2ec5 6.6GiB/27GiB(24%) CN:11 DL:11MiB ETA:31m30s]
[#8b2ec5 6.6GiB/27GiB(24%) CN:11 DL:10MiB ETA:32m21s]
[#8b2ec5 6.6GiB/27GiB(24%) CN:11 DL:10MiB ETA:33m1s]
[#8b2ec5 6.7GiB/27GiB(24%) CN:11 DL:10MiB ETA:33m13s]
[#8b2ec5 6.7GiB/27GiB(24%) CN:11 DL:10MiB ETA:33m41s]
[#8b2ec5 6.7GiB/27GiB(24%) CN:11 DL:10MiB ETA:32m46s]
[#8b2ec5 6.7GiB/27GiB(24%) CN:11 DL:10MiB ETA:32m36s]
[#8b2ec5 6.7GiB/27GiB(24%) CN:11 DL:10MiB ETA:32m36s]
[#8b2ec5 6.7GiB/27GiB(24%) CN:11 DL:10MiB ETA:33m9s]
[#8b2ec5 6.7GiB/27GiB(24%) CN:11 DL:10MiB ETA:33m32s]
[#8b2ec5 6.7GiB/27GiB(24%) CN:11 DL:10MiB ETA:32m40s]
[#8b2ec5 6.7GiB/27GiB(24%) CN:11 DL:10MiB ETA:33m7s]
[#8b2ec5 6.7GiB/27GiB(24%) CN:11 DL:10MiB ETA:33m27s]
[#8b2ec5 6.8GiB/27GiB(25%) CN:11 DL:10MiB ETA:33m31s]
[#8b2ec5 6.8GiB/27GiB(25%) CN:11 DL:9.9MiB ETA:34m47s]
[#8b2ec5 6.8GiB/27GiB(25%) CN:11 DL:9.7MiB ETA:35m37s]
[#8b2ec5 6.8GiB/27GiB(25%) CN:11 DL:10MiB ETA:34m20s]
[#8b2ec5 6.8GiB/27GiB(25%) CN:11 DL:9.9MiB ETA:34m48s]
[#8b2ec5 6.8GiB/27GiB(25%) CN:11 DL:10MiB ETA:34m42s]
[#8b2ec5 6.8GiB/27GiB(25%) CN:11 DL:9.8MiB ETA:35m10s]
[#8b2ec5 6.8GiB/27GiB(25%) CN:11 DL:9.8MiB ETA:35m11s]
[#8b2ec5 6.8GiB/27GiB(25%) CN:11 DL:9.8MiB ETA:35m19s]
[#8b2ec5 6.8GiB/27GiB(25%) CN:11 DL:9.5MiB ETA:36m14s]
[#8b2ec5 6.9GiB/27GiB(25%) CN:11 DL:9.5MiB ETA:36m26s]
[#8b2ec5 6.9GiB/27GiB(25%) CN:11 DL:9.8MiB ETA:35m3s]
[#8b2ec5 6.9GiB/27GiB(25%) CN:11 DL:9.6MiB ETA:35m57s]
[#8b2ec5 6.9GiB/27GiB(25%) CN:11 DL:9.9MiB ETA:34m54s]
[#8b2ec5 6.9GiB/27GiB(25%) CN:11 DL:9.5MiB ETA:36m]
[#8b2ec5 6.9GiB/27GiB(25%) CN:11 DL:9.3MiB ETA:36m47s]
[#8b2ec5 6.9GiB/27GiB(25%) CN:11 DL:9.6MiB ETA:35m36s]
[#8b2ec5 6.9GiB/27GiB(25%) CN:11 DL:9.7MiB ETA:35m28s]
[#8b2ec5 6.9GiB/27GiB(25%) CN:11 DL:9.8MiB ETA:35m9s]
[#8b2ec5 6.9GiB/27GiB(25%) CN:11 DL:9.6MiB ETA:35m38s]
[#8b2ec5 7.0GiB/27GiB(25%) CN:11 DL:9.5MiB ETA:36m12s]
[#8b2ec5 7.0GiB/27GiB(25%) CN:11 DL:9.5MiB ETA:35m53s]
[#8b2ec5 7.0GiB/27GiB(25%) CN:11 DL:9.4MiB ETA:36m25s]
[#8b2ec5 7.0GiB/27GiB(25%) CN:11 DL:9.7MiB ETA:35m17s]
[#8b2ec5 7.0GiB/27GiB(25%) CN:11 DL:9.9MiB ETA:34m42s]
[#8b2ec5 7.0GiB/27GiB(25%) CN:11 DL:9.5MiB ETA:35m53s]
[#8b2ec5 7.0GiB/27GiB(25%) CN:11 DL:9.4MiB ETA:36m14s]
[#8b2ec5 7.0GiB/27GiB(26%) CN:11 DL:9.7MiB ETA:35m14s]
[#8b2ec5 7.0GiB/27GiB(26%) CN:11 DL:9.6MiB ETA:35m41s]
[#8b2ec5 7.0GiB/27GiB(26%) CN:11 DL:9.5MiB ETA:36m4s]
[#8b2ec5 7.1GiB/27GiB(26%) CN:11 DL:9.1MiB ETA:37m32s]
 *** Download Progress Summary as of Thu Aug 27 16:44:48 2026 *** 
===============================================================================
[#8b2ec5 7.1GiB/27GiB(26%) CN:11 DL:9.1MiB ETA:37m22s]
FILE: /Users/wilsonxu/Models/ornith-256k/llamacpp/models/Ornith-1.5-35B-Q6_K.gguf
-------------------------------------------------------------------------------

[#8b2ec5 7.1GiB/27GiB(26%) CN:11 DL:9.1MiB ETA:37m22s]
[#8b2ec5 7.1GiB/27GiB(26%) CN:11 DL:9.0MiB ETA:38m1s]
[#8b2ec5 7.1GiB/27GiB(26%) CN:11 DL:8.9MiB ETA:38m15s]
[#8b2ec5 7.1GiB/27GiB(26%) CN:11 DL:9.0MiB ETA:38m2s]
[#8b2ec5 7.1GiB/27GiB(26%) CN:11 DL:8.8MiB ETA:38m50s]
[#8b2ec5 7.1GiB/27GiB(26%) CN:11 DL:8.5MiB ETA:40m3s]
[#8b2ec5 7.1GiB/27GiB(26%) CN:11 DL:8.7MiB ETA:38m53s]
[#8b2ec5 7.1GiB/27GiB(26%) CN:11 DL:8.6MiB ETA:39m20s]
[#8b2ec5 7.1GiB/27GiB(26%) CN:11 DL:8.5MiB ETA:39m44s]
[#8b2ec5 7.1GiB/27GiB(26%) CN:11 DL:8.5MiB ETA:40m4s]
[#8b2ec5 7.1GiB/27GiB(26%) CN:11 DL:7.9MiB ETA:43m5s]
[#8b2ec5 7.1GiB/27GiB(26%) CN:11 DL:7.0MiB ETA:48m42s]

08/27 16:45:00 [[1;32mNOTICE[0m] CUID#21 - Redirecting to https://us.aws.cdn.hf.co/xet-bridge-us/6a83fdf1993fbb53ef83dbb1/c5e4bd4e5aead56c29af62fb4180f69b77a2f64cced4d117987bfbfb64860be4?response-content-disposition=inline%3B+filename*%3DUTF-8%27%27Ornith-1.5-35B-Q6_K.gguf%3B+filename%3D%22Ornith-1.5-35B-Q6_K.gguf%22%3B&user_id=public&X-Xet-Cas-Uid=public&Expires=1787823900&Policy=eyJTdGF0ZW1lbnQiOlt7IlJlc291cmNlIjoiaHR0cHM6Ly91cy5hd3MuY2RuLmhmLmNvL3hldC1icmlkZ2UtdXMvNmE4M2ZkZjE5OTNmYmI1M2VmODNkYmIxL2M1ZTRiZDRlNWFlYWQ1NmMyOWFmNjJmYjQxODBmNjliNzdhMmY2NGNjZWQ0ZDExNzk4N2JmYmZiNjQ4NjBiZTRcXD9yZXNwb25zZS1jb250ZW50LWRpc3Bvc2l0aW9uPWlubGluZSUzQitmaWxlbmFtZSUyQSUzRFVURi04JTI3JTI3T3JuaXRoLTEuNS0zNUItUTZfSy5nZ3VmJTNCK2ZpbGVuYW1lJTNEJTIyT3JuaXRoLTEuNS0zNUItUTZfSy5nZ3VmJTIyJTNCJnVzZXJfaWQ9cHVibGljJlgtWGV0LUNhcy1VaWQ9cHVibGljIiwiQ29uZGl0aW9uIjp7IkRhdGVMZXNzVGhhbiI6eyJFcG9jaFRpbWUiOjE3ODc4MjM5MDB9fX1dfQ__&Signature=MEUCIQCIH%7E6Hr2EwcmZVJXWL4OUfACedTEkfK1MKffK%7EXD9BCQIgOELrxOX1bNI8LTQQ-mQSOs8V5pjOkCrBpArNxFCHuMg_&Key-Pair-Id=01KXEF4KZ1B6FV465MAWR4M21F

08/27 16:45:00 [[1;32mNOTICE[0m] CUID#23 - Redirecting to https://us.aws.cdn.hf.co/xet-bridge-us/6a83fdf1993fbb53ef83dbb1/c5e4bd4e5aead56c29af62fb4180f69b77a2f64cced4d117987bfbfb64860be4?user_id=public&X-Xet-Cas-Uid=public&response-content-disposition=inline%3B+filename*%3DUTF-8%27%27Ornith-1.5-35B-Q6_K.gguf%3B+filename%3D%22Ornith-1.5-35B-Q6_K.gguf%22%3B&Expires=1787823900&Policy=eyJTdGF0ZW1lbnQiOlt7IlJlc291cmNlIjoiaHR0cHM6Ly91cy5hd3MuY2RuLmhmLmNvL3hldC1icmlkZ2UtdXMvNmE4M2ZkZjE5OTNmYmI1M2VmODNkYmIxL2M1ZTRiZDRlNWFlYWQ1NmMyOWFmNjJmYjQxODBmNjliNzdhMmY2NGNjZWQ0ZDExNzk4N2JmYmZiNjQ4NjBiZTRcXD91c2VyX2lkPXB1YmxpYyZYLVhldC1DYXMtVWlkPXB1YmxpYyZyZXNwb25zZS1jb250ZW50LWRpc3Bvc2l0aW9uPWlubGluZSUzQitmaWxlbmFtZSUyQSUzRFVURi04JTI3JTI3T3JuaXRoLTEuNS0zNUItUTZfSy5nZ3VmJTNCK2ZpbGVuYW1lJTNEJTIyT3JuaXRoLTEuNS0zNUItUTZfSy5nZ3VmJTIyJTNCIiwiQ29uZGl0aW9uIjp7IkRhdGVMZXNzVGhhbiI6eyJFcG9jaFRpbWUiOjE3ODc4MjM5MDB9fX1dfQ__&Signature=MEQCIBUVdNd1Ob1ZJSp8S0Nx6LacZV39X3xcMdw6yd7sBSAfAiBNBizmgAtDenzZUZHwOxMQ9t-hh%7EE0%7ELzd9zfgpD61bw__&Key-Pair-Id=01KXEF4KZ1B6FV465MAWR4M21F

08/27 16:45:00 [[1;32mNOTICE[0m] CUID#14 - Redirecting to https://us.aws.cdn.hf.co/xet-bridge-us/6a83fdf1993fbb53ef83dbb1/c5e4bd4e5aead56c29af62fb4180f69b77a2f64cced4d117987bfbfb64860be4?X-Xet-Cas-Uid=public&response-content-disposition=inline%3B+filename*%3DUTF-8%27%27Ornith-1.5-35B-Q6_K.gguf%3B+filename%3D%22Ornith-1.5-35B-Q6_K.gguf%22%3B&user_id=public&Expires=1787823900&Policy=eyJTdGF0ZW1lbnQiOlt7IlJlc291cmNlIjoiaHR0cHM6Ly91cy5hd3MuY2RuLmhmLmNvL3hldC1icmlkZ2UtdXMvNmE4M2ZkZjE5OTNmYmI1M2VmODNkYmIxL2M1ZTRiZDRlNWFlYWQ1NmMyOWFmNjJmYjQxODBmNjliNzdhMmY2NGNjZWQ0ZDExNzk4N2JmYmZiNjQ4NjBiZTRcXD9YLVhldC1DYXMtVWlkPXB1YmxpYyZyZXNwb25zZS1jb250ZW50LWRpc3Bvc2l0aW9uPWlubGluZSUzQitmaWxlbmFtZSUyQSUzRFVURi04JTI3JTI3T3JuaXRoLTEuNS0zNUItUTZfSy5nZ3VmJTNCK2ZpbGVuYW1lJTNEJTIyT3JuaXRoLTEuNS0zNUItUTZfSy5nZ3VmJTIyJTNCJnVzZXJfaWQ9cHVibGljIiwiQ29uZGl0aW9uIjp7IkRhdGVMZXNzVGhhbiI6eyJFcG9jaFRpbWUiOjE3ODc4MjM5MDB9fX1dfQ__&Signature=MEYCIQDyWjxIZsbm6q3sMoY5kfArD9rgovbz14DTd7y9jLJyYgIhANpT3lYvCSDWVxytWTC3M6IeUFpGNO8Xr0oZNlnV9ZtI&Key-Pair-Id=01KXEF4KZ1B6FV465MAWR4M21F
[#8b2ec5 7.1GiB/27GiB(26%) CN:11 DL:6.1MiB ETA:55m49s]

08/27 16:45:01 [[1;32mNOTICE[0m] CUID#13 - Redirecting to https://us.aws.cdn.hf.co/xet-bridge-us/6a83fdf1993fbb53ef83dbb1/c5e4bd4e5aead56c29af62fb4180f69b77a2f64cced4d117987bfbfb64860be4?X-Xet-Cas-Uid=public&response-content-disposition=inline%3B+filename*%3DUTF-8%27%27Ornith-1.5-35B-Q6_K.gguf%3B+filename%3D%22Ornith-1.5-35B-Q6_K.gguf%22%3B&user_id=public&Expires=1787823901&Policy=eyJTdGF0ZW1lbnQiOlt7IlJlc291cmNlIjoiaHR0cHM6Ly91cy5hd3MuY2RuLmhmLmNvL3hldC1icmlkZ2UtdXMvNmE4M2ZkZjE5OTNmYmI1M2VmODNkYmIxL2M1ZTRiZDRlNWFlYWQ1NmMyOWFmNjJmYjQxODBmNjliNzdhMmY2NGNjZWQ0ZDExNzk4N2JmYmZiNjQ4NjBiZTRcXD9YLVhldC1DYXMtVWlkPXB1YmxpYyZyZXNwb25zZS1jb250ZW50LWRpc3Bvc2l0aW9uPWlubGluZSUzQitmaWxlbmFtZSUyQSUzRFVURi04JTI3JTI3T3JuaXRoLTEuNS0zNUItUTZfSy5nZ3VmJTNCK2ZpbGVuYW1lJTNEJTIyT3JuaXRoLTEuNS0zNUItUTZfSy5nZ3VmJTIyJTNCJnVzZXJfaWQ9cHVibGljIiwiQ29uZGl0aW9uIjp7IkRhdGVMZXNzVGhhbiI6eyJFcG9jaFRpbWUiOjE3ODc4MjM5MDF9fX1dfQ__&Signature=MEQCIBGscR%7Et5d3EnlUGT4Dvg4T7t28SRe45uMFZEY%7E-Nw5VAiAafyh8UDK3RKLfuHgBzbbwLS9jl61Nz7wFp8%7EjWGtIeg__&Key-Pair-Id=01KXEF4KZ1B6FV465MAWR4M21F

08/27 16:45:02 [[1;32mNOTICE[0m] CUID#15 - Redirecting to https://us.aws.cdn.hf.co/xet-bridge-us/6a83fdf1993fbb53ef83dbb1/c5e4bd4e5aead56c29af62fb4180f69b77a2f64cced4d117987bfbfb64860be4?response-content-disposition=inline%3B+filename*%3DUTF-8%27%27Ornith-1.5-35B-Q6_K.gguf%3B+filename%3D%22Ornith-1.5-35B-Q6_K.gguf%22%3B&user_id=public&X-Xet-Cas-Uid=public&Expires=1787823901&Policy=eyJTdGF0ZW1lbnQiOlt7IlJlc291cmNlIjoiaHR0cHM6Ly91cy5hd3MuY2RuLmhmLmNvL3hldC1icmlkZ2UtdXMvNmE4M2ZkZjE5OTNmYmI1M2VmODNkYmIxL2M1ZTRiZDRlNWFlYWQ1NmMyOWFmNjJmYjQxODBmNjliNzdhMmY2NGNjZWQ0ZDExNzk4N2JmYmZiNjQ4NjBiZTRcXD9yZXNwb25zZS1jb250ZW50LWRpc3Bvc2l0aW9uPWlubGluZSUzQitmaWxlbmFtZSUyQSUzRFVURi04JTI3JTI3T3JuaXRoLTEuNS0zNUItUTZfSy5nZ3VmJTNCK2ZpbGVuYW1lJTNEJTIyT3JuaXRoLTEuNS0zNUItUTZfSy5nZ3VmJTIyJTNCJnVzZXJfaWQ9cHVibGljJlgtWGV0LUNhcy1VaWQ9cHVibGljIiwiQ29uZGl0aW9uIjp7IkRhdGVMZXNzVGhhbiI6eyJFcG9jaFRpbWUiOjE3ODc4MjM5MDF9fX1dfQ__&Signature=MEUCIARmrIc3sEO5TQOdO-vSSyMWgNd9y%7E3uo-gTrSRyJ11%7EAiEA9szkt3YT4CDE3CVI30Y3EtzSb82rPW55HcTY2Li-BcI_&Key-Pair-Id=01KXEF4KZ1B6FV465MAWR4M21F
[#8b2ec5 7.1GiB/27GiB(26%) CN:11 DL:5.4MiB ETA:1h2m50s]
[#8b2ec5 7.1GiB/27GiB(26%) CN:11 DL:4.6MiB ETA:1h13m46s]
[#8b2ec5 7.2GiB/27GiB(26%) CN:11 DL:3.7MiB ETA:1h31m32s]
[#8b2ec5 7.2GiB/27GiB(26%) CN:11 DL:3.0MiB ETA:1h52m22s]

08/27 16:45:05 [[1;32mNOTICE[0m] CUID#20 - Redirecting to https://us.aws.cdn.hf.co/xet-bridge-us/6a83fdf1993fbb53ef83dbb1/c5e4bd4e5aead56c29af62fb4180f69b77a2f64cced4d117987bfbfb64860be4?response-content-disposition=inline%3B+filename*%3DUTF-8%27%27Ornith-1.5-35B-Q6_K.gguf%3B+filename%3D%22Ornith-1.5-35B-Q6_K.gguf%22%3B&user_id=public&X-Xet-Cas-Uid=public&Expires=1787823904&Policy=eyJTdGF0ZW1lbnQiOlt7IlJlc291cmNlIjoiaHR0cHM6Ly91cy5hd3MuY2RuLmhmLmNvL3hldC1icmlkZ2UtdXMvNmE4M2ZkZjE5OTNmYmI1M2VmODNkYmIxL2M1ZTRiZDRlNWFlYWQ1NmMyOWFmNjJmYjQxODBmNjliNzdhMmY2NGNjZWQ0ZDExNzk4N2JmYmZiNjQ4NjBiZTRcXD9yZXNwb25zZS1jb250ZW50LWRpc3Bvc2l0aW9uPWlubGluZSUzQitmaWxlbmFtZSUyQSUzRFVURi04JTI3JTI3T3JuaXRoLTEuNS0zNUItUTZfSy5nZ3VmJTNCK2ZpbGVuYW1lJTNEJTIyT3JuaXRoLTEuNS0zNUItUTZfSy5nZ3VmJTIyJTNCJnVzZXJfaWQ9cHVibGljJlgtWGV0LUNhcy1VaWQ9cHVibGljIiwiQ29uZGl0aW9uIjp7IkRhdGVMZXNzVGhhbiI6eyJFcG9jaFRpbWUiOjE3ODc4MjM5MDR9fX1dfQ__&Signature=MEQCIDRb%7EVh2GnizudhDd4PxIba7dyM8ghrxp2FGKzp2ihrNAiBPww9twnzP29cJCJN5xvWEAHFcJVHq5tu-yU4nI3utVA__&Key-Pair-Id=01KXEF4KZ1B6FV465MAWR4M21F
[#8b2ec5 7.2GiB/27GiB(26%) CN:11 DL:2.8MiB ETA:1h58m19s]
[#8b2ec5 7.2GiB/27GiB(26%) CN:11 DL:2.2MiB ETA:2h34m12s]
[#8b2ec5 7.2GiB/27GiB(26%) CN:11 DL:2.7MiB ETA:2h4m37s]
[#8b2ec5 7.2GiB/27GiB(26%) CN:11 DL:3.6MiB ETA:1h33m]
[#8b2ec5 7.2GiB/27GiB(26%) CN:11 DL:4.2MiB ETA:1h19m27s]
[#8b2ec5 7.2GiB/27GiB(26%) CN:11 DL:5.2MiB ETA:1h4m25s]
[#8b2ec5 7.2GiB/27GiB(26%) CN:11 DL:6.4MiB ETA:52m30s]
[#8b2ec5 7.2GiB/27GiB(26%) CN:11 DL:6.9MiB ETA:48m48s]

08/27 16:45:14 [[1;32mNOTICE[0m] CUID#19 - Redirecting to https://us.aws.cdn.hf.co/xet-bridge-us/6a83fdf1993fbb53ef83dbb1/c5e4bd4e5aead56c29af62fb4180f69b77a2f64cced4d117987bfbfb64860be4?user_id=public&X-Xet-Cas-Uid=public&response-content-disposition=inline%3B+filename*%3DUTF-8%27%27Ornith-1.5-35B-Q6_K.gguf%3B+filename%3D%22Ornith-1.5-35B-Q6_K.gguf%22%3B&Expires=1787823914&Policy=eyJTdGF0ZW1lbnQiOlt7IlJlc291cmNlIjoiaHR0cHM6Ly91cy5hd3MuY2RuLmhmLmNvL3hldC1icmlkZ2UtdXMvNmE4M2ZkZjE5OTNmYmI1M2VmODNkYmIxL2M1ZTRiZDRlNWFlYWQ1NmMyOWFmNjJmYjQxODBmNjliNzdhMmY2NGNjZWQ0ZDExNzk4N2JmYmZiNjQ4NjBiZTRcXD91c2VyX2lkPXB1YmxpYyZYLVhldC1DYXMtVWlkPXB1YmxpYyZyZXNwb25zZS1jb250ZW50LWRpc3Bvc2l0aW9uPWlubGluZSUzQitmaWxlbmFtZSUyQSUzRFVURi04JTI3JTI3T3JuaXRoLTEuNS0zNUItUTZfSy5nZ3VmJTNCK2ZpbGVuYW1lJTNEJTIyT3JuaXRoLTEuNS0zNUItUTZfSy5nZ3VmJTIyJTNCIiwiQ29uZGl0aW9uIjp7IkRhdGVMZXNzVGhhbiI6eyJFcG9jaFRpbWUiOjE3ODc4MjM5MTR9fX1dfQ__&Signature=MEUCIHSwPz95h5Q%7ENGwufHfTwSHjGQ4iksy1hAJhKdrXMCNnAiEA2hUI9B1ZKk80Hx1YL3%7E4mZGxV2LPYhR6Pj3TQ-zzGXE_&Key-Pair-Id=01KXEF4KZ1B6FV465MAWR4M21F
[#8b2ec5 7.2GiB/27GiB(26%) CN:11 DL:8.1MiB ETA:41m36s]
[#8b2ec5 7.2GiB/27GiB(26%) CN:11 DL:8.5MiB ETA:39m36s]
[#8b2ec5 7.3GiB/27GiB(26%) CN:11 DL:9.7MiB ETA:34m41s]
[#8b2ec5 7.3GiB/27GiB(26%) CN:11 DL:9.8MiB ETA:34m35s]

08/27 16:45:18 [[1;32mNOTICE[0m] CUID#18 - Redirecting to https://us.aws.cdn.hf.co/xet-bridge-us/6a83fdf1993fbb53ef83dbb1/c5e4bd4e5aead56c29af62fb4180f69b77a2f64cced4d117987bfbfb64860be4?X-Xet-Cas-Uid=public&response-content-disposition=inline%3B+filename*%3DUTF-8%27%27Ornith-1.5-35B-Q6_K.gguf%3B+filename%3D%22Ornith-1.5-35B-Q6_K.gguf%22%3B&user_id=public&Expires=1787823918&Policy=eyJTdGF0ZW1lbnQiOlt7IlJlc291cmNlIjoiaHR0cHM6Ly91cy5hd3MuY2RuLmhmLmNvL3hldC1icmlkZ2UtdXMvNmE4M2ZkZjE5OTNmYmI1M2VmODNkYmIxL2M1ZTRiZDRlNWFlYWQ1NmMyOWFmNjJmYjQxODBmNjliNzdhMmY2NGNjZWQ0ZDExNzk4N2JmYmZiNjQ4NjBiZTRcXD9YLVhldC1DYXMtVWlkPXB1YmxpYyZyZXNwb25zZS1jb250ZW50LWRpc3Bvc2l0aW9uPWlubGluZSUzQitmaWxlbmFtZSUyQSUzRFVURi04JTI3JTI3T3JuaXRoLTEuNS0zNUItUTZfSy5nZ3VmJTNCK2ZpbGVuYW1lJTNEJTIyT3JuaXRoLTEuNS0zNUItUTZfSy5nZ3VmJTIyJTNCJnVzZXJfaWQ9cHVibGljIiwiQ29uZGl0aW9uIjp7IkRhdGVMZXNzVGhhbiI6eyJFcG9jaFRpbWUiOjE3ODc4MjM5MTh9fX1dfQ__&Signature=MEQCIA4UCLk%7ElSmnarlE%7ECkmG8S%7E-twmmcNVBRHSkPUHcj3bAiBO1oEjdPhXXhLAjihVHXakwzCGk-rJjyGEQ7bfBfS5HQ__&Key-Pair-Id=01KXEF4KZ1B6FV465MAWR4M21F
[#8b2ec5 7.3GiB/27GiB(26%) CN:11 DL:10MiB ETA:33m48s]
[#8b2ec5 7.3GiB/27GiB(26%) CN:11 DL:10MiB ETA:33m3s]
[#8b2ec5 7.3GiB/27GiB(27%) CN:11 DL:10MiB ETA:32m3s]
[#8b2ec5 7.3GiB/27GiB(27%) CN:11 DL:10MiB ETA:32m4s]

08/27 16:45:22 [[1;32mNOTICE[0m] CUID#17 - Redirecting to https://us.aws.cdn.hf.co/xet-bridge-us/6a83fdf1993fbb53ef83dbb1/c5e4bd4e5aead56c29af62fb4180f69b77a2f64cced4d117987bfbfb64860be4?user_id=public&X-Xet-Cas-Uid=public&response-content-disposition=inline%3B+filename*%3DUTF-8%27%27Ornith-1.5-35B-Q6_K.gguf%3B+filename%3D%22Ornith-1.5-35B-Q6_K.gguf%22%3B&Expires=1787823922&Policy=eyJTdGF0ZW1lbnQiOlt7IlJlc291cmNlIjoiaHR0cHM6Ly91cy5hd3MuY2RuLmhmLmNvL3hldC1icmlkZ2UtdXMvNmE4M2ZkZjE5OTNmYmI1M2VmODNkYmIxL2M1ZTRiZDRlNWFlYWQ1NmMyOWFmNjJmYjQxODBmNjliNzdhMmY2NGNjZWQ0ZDExNzk4N2JmYmZiNjQ4NjBiZTRcXD91c2VyX2lkPXB1YmxpYyZYLVhldC1DYXMtVWlkPXB1YmxpYyZyZXNwb25zZS1jb250ZW50LWRpc3Bvc2l0aW9uPWlubGluZSUzQitmaWxlbmFtZSUyQSUzRFVURi04JTI3JTI3T3JuaXRoLTEuNS0zNUItUTZfSy5nZ3VmJTNCK2ZpbGVuYW1lJTNEJTIyT3JuaXRoLTEuNS0zNUItUTZfSy5nZ3VmJTIyJTNCIiwiQ29uZGl0aW9uIjp7IkRhdGVMZXNzVGhhbiI6eyJFcG9jaFRpbWUiOjE3ODc4MjM5MjJ9fX1dfQ__&Signature=MEYCIQD7Q9Q5do%7EXcBh28d6O9qwjOb7bkcWweWrl%7EqeQZgeXgwIhAKnNhGoZ6dRVzm1jdG3Lx2xabGQq69G8TPcLMrZGM7rC&Key-Pair-Id=01KXEF4KZ1B6FV465MAWR4M21F
[#8b2ec5 7.3GiB/27GiB(27%) CN:11 DL:11MiB ETA:29m12s]
[#8b2ec5 7.3GiB/27GiB(27%) CN:11 DL:10MiB ETA:31m4s]
[#8b2ec5 7.3GiB/27GiB(27%) CN:11 DL:11MiB ETA:29m31s]
[#8b2ec5 7.4GiB/27GiB(27%) CN:11 DL:11MiB ETA:30m1s]
[#8b2ec5 7.4GiB/27GiB(27%) CN:11 DL:11MiB ETA:28m32s]
[#8b2ec5 7.4GiB/27GiB(27%) CN:11 DL:11MiB ETA:28m11s]
[#8b2ec5 7.4GiB/27GiB(27%) CN:11 DL:12MiB ETA:27m6s]
[#8b2ec5 7.4GiB/27GiB(27%) CN:11 DL:12MiB ETA:26m28s]
[#8b2ec5 7.4GiB/27GiB(27%) CN:11 DL:12MiB ETA:26m12s]
[#8b2ec5 7.4GiB/27GiB(27%) CN:11 DL:13MiB ETA:25m48s]
[#8b2ec5 7.5GiB/27GiB(27%) CN:11 DL:13MiB ETA:24m19s]
[#8b2ec5 7.5GiB/27GiB(27%) CN:11 DL:13MiB ETA:24m56s]
[#8b2ec5 7.5GiB/27GiB(27%) CN:11 DL:13MiB ETA:25m]

08/27 16:45:35 [[1;32mNOTICE[0m] CUID#9 - Redirecting to https://us.aws.cdn.hf.co/xet-bridge-us/6a83fdf1993fbb53ef83dbb1/c5e4bd4e5aead56c29af62fb4180f69b77a2f64cced4d117987bfbfb64860be4?X-Xet-Cas-Uid=public&response-content-disposition=inline%3B+filename*%3DUTF-8%27%27Ornith-1.5-35B-Q6_K.gguf%3B+filename%3D%22Ornith-1.5-35B-Q6_K.gguf%22%3B&user_id=public&Expires=1787823935&Policy=eyJTdGF0ZW1lbnQiOlt7IlJlc291cmNlIjoiaHR0cHM6Ly91cy5hd3MuY2RuLmhmLmNvL3hldC1icmlkZ2UtdXMvNmE4M2ZkZjE5OTNmYmI1M2VmODNkYmIxL2M1ZTRiZDRlNWFlYWQ1NmMyOWFmNjJmYjQxODBmNjliNzdhMmY2NGNjZWQ0ZDExNzk4N2JmYmZiNjQ4NjBiZTRcXD9YLVhldC1DYXMtVWlkPXB1YmxpYyZyZXNwb25zZS1jb250ZW50LWRpc3Bvc2l0aW9uPWlubGluZSUzQitmaWxlbmFtZSUyQSUzRFVURi04JTI3JTI3T3JuaXRoLTEuNS0zNUItUTZfSy5nZ3VmJTNCK2ZpbGVuYW1lJTNEJTIyT3JuaXRoLTEuNS0zNUItUTZfSy5nZ3VmJTIyJTNCJnVzZXJfaWQ9cHVibGljIiwiQ29uZGl0aW9uIjp7IkRhdGVMZXNzVGhhbiI6eyJFcG9jaFRpbWUiOjE3ODc4MjM5MzV9fX1dfQ__&Signature=MEQCIFh8X10HBiT-8LBQNYM6sOHMVlFIc26kd%7EDN7Q3u1pKPAiB9Bn5a4RmhYoiNi816Eos7eFdw1n6rTc4wKCAiLRN5XQ__&Key-Pair-Id=01KXEF4KZ1B6FV465MAWR4M21F
[#8b2ec5 7.5GiB/27GiB(27%) CN:11 DL:13MiB ETA:25m1s]
[#8b2ec5 7.5GiB/27GiB(27%) CN:11 DL:13MiB ETA:24m24s]
[#8b2ec5 7.5GiB/27GiB(27%) CN:11 DL:13MiB ETA:25m22s]
[#8b2ec5 7.5GiB/27GiB(27%) CN:11 DL:12MiB ETA:26m13s]
[#8b2ec5 7.5GiB/27GiB(27%) CN:11 DL:13MiB ETA:25m22s]
[#8b2ec5 7.6GiB/27GiB(27%) CN:11 DL:12MiB ETA:26m46s]
[#8b2ec5 7.6GiB/27GiB(28%) CN:11 DL:12MiB ETA:27m3s]
[#8b2ec5 7.6GiB/27GiB(28%) CN:11 DL:13MiB ETA:25m11s]
[#8b2ec5 7.6GiB/27GiB(28%) CN:11 DL:12MiB ETA:26m5s]
[#8b2ec5 7.6GiB/27GiB(28%) CN:11 DL:12MiB ETA:25m55s]
[#8b2ec5 7.6GiB/27GiB(28%) CN:11 DL:12MiB ETA:26m34s]
[#8b2ec5 7.6GiB/27GiB(28%) CN:11 DL:13MiB ETA:24m42s]
 *** Download Progress Summary as of Thu Aug 27 16:45:49 2026 *** 
===============================================================================
[#8b2ec5 7.7GiB/27GiB(28%) CN:11 DL:13MiB ETA:25m7s]
FILE: /Users/wilsonxu/Models/ornith-256k/llamacpp/models/Ornith-1.5-35B-Q6_K.gguf
-------------------------------------------------------------------------------

[#8b2ec5 7.7GiB/27GiB(28%) CN:11 DL:13MiB ETA:25m7s]
[#8b2ec5 7.7GiB/27GiB(28%) CN:11 DL:13MiB ETA:25m13s]

08/27 16:45:50 [[1;32mNOTICE[0m] CUID#22 - Redirecting to https://us.aws.cdn.hf.co/xet-bridge-us/6a83fdf1993fbb53ef83dbb1/c5e4bd4e5aead56c29af62fb4180f69b77a2f64cced4d117987bfbfb64860be4?user_id=public&response-content-disposition=inline%3B+filename*%3DUTF-8%27%27Ornith-1.5-35B-Q6_K.gguf%3B+filename%3D%22Ornith-1.5-35B-Q6_K.gguf%22%3B&X-Xet-Cas-Uid=public&Expires=1787823950&Policy=eyJTdGF0ZW1lbnQiOlt7IlJlc291cmNlIjoiaHR0cHM6Ly91cy5hd3MuY2RuLmhmLmNvL3hldC1icmlkZ2UtdXMvNmE4M2ZkZjE5OTNmYmI1M2VmODNkYmIxL2M1ZTRiZDRlNWFlYWQ1NmMyOWFmNjJmYjQxODBmNjliNzdhMmY2NGNjZWQ0ZDExNzk4N2JmYmZiNjQ4NjBiZTRcXD91c2VyX2lkPXB1YmxpYyZyZXNwb25zZS1jb250ZW50LWRpc3Bvc2l0aW9uPWlubGluZSUzQitmaWxlbmFtZSUyQSUzRFVURi04JTI3JTI3T3JuaXRoLTEuNS0zNUItUTZfSy5nZ3VmJTNCK2ZpbGVuYW1lJTNEJTIyT3JuaXRoLTEuNS0zNUItUTZfSy5nZ3VmJTIyJTNCJlgtWGV0LUNhcy1VaWQ9cHVibGljIiwiQ29uZGl0aW9uIjp7IkRhdGVMZXNzVGhhbiI6eyJFcG9jaFRpbWUiOjE3ODc4MjM5NTB9fX1dfQ__&Signature=MEUCIHqxWhY9ml-8KRCM1yDmG2i%7E71KVrqkvng9kpPur0aExAiEA%7EhsXXsaYyLrvchmRw-wJflegvOvwdfSZ9FuUm3LS9Co_&Key-Pair-Id=01KXEF4KZ1B6FV465MAWR4M21F
[#8b2ec5 7.7GiB/27GiB(28%) CN:11 DL:13MiB ETA:25m21s]
[#8b2ec5 7.7GiB/27GiB(28%) CN:11 DL:13MiB ETA:25m4s]
[#8b2ec5 7.7GiB/27GiB(28%) CN:11 DL:12MiB ETA:26m11s]
[#8b2ec5 7.7GiB/27GiB(28%) CN:11 DL:13MiB ETA:25m12s]
[#8b2ec5 7.7GiB/27GiB(28%) CN:11 DL:12MiB ETA:26m30s]
[#8b2ec5 7.7GiB/27GiB(28%) CN:11 DL:12MiB ETA:26m53s]
[#8b2ec5 7.7GiB/27GiB(28%) CN:11 DL:11MiB ETA:28m23s]
[#8b2ec5 7.8GiB/27GiB(28%) CN:11 DL:12MiB ETA:27m23s]
[#8b2ec5 7.8GiB/27GiB(28%) CN:11 DL:11MiB ETA:29m32s]
[#8b2ec5 7.8GiB/27GiB(28%) CN:11 DL:11MiB ETA:29m9s]
[#8b2ec5 7.8GiB/27GiB(28%) CN:11 DL:11MiB ETA:29m34s]
[#8b2ec5 7.8GiB/27GiB(28%) CN:11 DL:10MiB ETA:30m16s]
[#8b2ec5 7.8GiB/27GiB(28%) CN:11 DL:10MiB ETA:30m27s]
[#8b2ec5 7.8GiB/27GiB(28%) CN:11 DL:11MiB ETA:29m24s]
[#8b2ec5 7.8GiB/27GiB(29%) CN:11 DL:11MiB ETA:29m25s]
[#8b2ec5 7.9GiB/27GiB(29%) CN:11 DL:11MiB ETA:29m47s]
[#8b2ec5 7.9GiB/27GiB(29%) CN:11 DL:10MiB ETA:30m42s]
[#8b2ec5 7.9GiB/27GiB(29%) CN:11 DL:11MiB ETA:28m48s]
[#8b2ec5 7.9GiB/27GiB(29%) CN:11 DL:10MiB ETA:30m5s]
[#8b2ec5 7.9GiB/27GiB(29%) CN:11 DL:10MiB ETA:30m17s]
[#8b2ec5 7.9GiB/27GiB(29%) CN:11 DL:10MiB ETA:30m17s]
[#8b2ec5 7.9GiB/27GiB(29%) CN:11 DL:10MiB ETA:31m12s]
[#8b2ec5 7.9GiB/27GiB(29%) CN:11 DL:10MiB ETA:30m44s]
[#8b2ec5 7.9GiB/27GiB(29%) CN:11 DL:10MiB ETA:30m43s]
[#8b2ec5 7.9GiB/27GiB(29%) CN:11 DL:10MiB ETA:31m6s]
[#8b2ec5 8.0GiB/27GiB(29%) CN:11 DL:10MiB ETA:30m50s]
[#8b2ec5 8.0GiB/27GiB(29%) CN:11 DL:10MiB ETA:32m9s]
[#8b2ec5 8.0GiB/27GiB(29%) CN:11 DL:10MiB ETA:30m15s]
[#8b2ec5 8.0GiB/27GiB(29%) CN:11 DL:10MiB ETA:31m41s]
[#8b2ec5 8.0GiB/27GiB(29%) CN:11 DL:10MiB ETA:31m42s]
[#8b2ec5 8.0GiB/27GiB(29%) CN:11 DL:10MiB ETA:30m59s]
[#8b2ec5 8.0GiB/27GiB(29%) CN:11 DL:10MiB ETA:31m42s]
[#8b2ec5 8.0GiB/27GiB(29%) CN:11 DL:10MiB ETA:31m15s]
[#8b2ec5 8.0GiB/27GiB(29%) CN:11 DL:10MiB ETA:30m54s]
[#8b2ec5 8.1GiB/27GiB(29%) CN:11 DL:10MiB ETA:31m21s]
[#8b2ec5 8.1GiB/27GiB(29%) CN:11 DL:10MiB ETA:31m10s]
[#8b2ec5 8.1GiB/27GiB(29%) CN:11 DL:10MiB ETA:32m8s]
[#8b2ec5 8.1GiB/27GiB(29%) CN:11 DL:10MiB ETA:30m36s]
[#8b2ec5 8.1GiB/27GiB(29%) CN:11 DL:10MiB ETA:31m22s]
[#8b2ec5 8.1GiB/27GiB(29%) CN:11 DL:10MiB ETA:32m15s]
[#8b2ec5 8.1GiB/27GiB(30%) CN:11 DL:9.9MiB ETA:32m37s]
[#8b2ec5 8.1GiB/27GiB(30%) CN:11 DL:9.6MiB ETA:33m39s]
[#8b2ec5 8.1GiB/27GiB(30%) CN:11 DL:9.7MiB ETA:33m10s]
[#8b2ec5 8.1GiB/27GiB(30%) CN:11 DL:9.6MiB ETA:33m33s]
[#8b2ec5 8.2GiB/27GiB(30%) CN:11 DL:9.3MiB ETA:34m39s]
[#8b2ec5 8.2GiB/27GiB(30%) CN:11 DL:9.2MiB ETA:34m52s]
[#8b2ec5 8.2GiB/27GiB(30%) CN:11 DL:8.6MiB ETA:37m27s]
[#8b2ec5 8.2GiB/27GiB(30%) CN:11 DL:8.8MiB ETA:36m45s]
[#8b2ec5 8.2GiB/27GiB(30%) CN:11 DL:8.7MiB ETA:36m53s]
[#8b2ec5 8.2GiB/27GiB(30%) CN:11 DL:8.6MiB ETA:37m16s]
[#8b2ec5 8.2GiB/27GiB(30%) CN:11 DL:8.5MiB ETA:37m48s]
[#8b2ec5 8.2GiB/27GiB(30%) CN:11 DL:8.1MiB ETA:39m50s]
[#8b2ec5 8.2GiB/27GiB(30%) CN:11 DL:8.2MiB ETA:39m2s]
[#8b2ec5 8.2GiB/27GiB(30%) CN:11 DL:8.0MiB ETA:40m2s]
[#8b2ec5 8.2GiB/27GiB(30%) CN:11 DL:7.9MiB ETA:40m47s]
[#8b2ec5 8.2GiB/27GiB(30%) CN:11 DL:8.1MiB ETA:39m45s]
 *** Download Progress Summary as of Thu Aug 27 16:46:50 2026 *** 
===============================================================================
[#8b2ec5 8.3GiB/27GiB(30%) CN:11 DL:7.8MiB ETA:41m14s]
FILE: /Users/wilsonxu/Models/ornith-256k/llamacpp/models/Ornith-1.5-35B-Q6_K.gguf
-------------------------------------------------------------------------------

[#8b2ec5 8.3GiB/27GiB(30%) CN:11 DL:7.8MiB ETA:41m14s]
[#8b2ec5 8.3GiB/27GiB(30%) CN:11 DL:7.9MiB ETA:40m39s]
[#8b2ec5 8.3GiB/27GiB(30%) CN:11 DL:7.4MiB ETA:43m22s]
[#8b2ec5 8.3GiB/27GiB(30%) CN:11 DL:7.3MiB ETA:43m48s]
[#8b2ec5 8.3GiB/27GiB(30%) CN:11 DL:7.7MiB ETA:41m27s]
[#8b2ec5 8.3GiB/27GiB(30%) CN:11 DL:7.4MiB ETA:43m22s]
[#8b2ec5 8.3GiB/27GiB(30%) CN:11 DL:7.6MiB ETA:42m11s]
[#8b2ec5 8.3GiB/27GiB(30%) CN:11 DL:7.3MiB ETA:43m51s]
[#8b2ec5 8.3GiB/27GiB(30%) CN:11 DL:7.4MiB ETA:43m6s]
[#8b2ec5 8.3GiB/27GiB(30%) CN:11 DL:7.2MiB ETA:44m23s]
[#8b2ec5 8.3GiB/27GiB(30%) CN:11 DL:6.9MiB ETA:46m15s]
[#8b2ec5 8.3GiB/27GiB(30%) CN:11 DL:7.2MiB ETA:44m21s]
[#8b2ec5 8.3GiB/27GiB(30%) CN:11 DL:6.9MiB ETA:45m57s]
[#8b2ec5 8.3GiB/27GiB(30%) CN:11 DL:6.5MiB ETA:49m8s]
[#8b2ec5 8.4GiB/27GiB(30%) CN:11 DL:6.6MiB ETA:48m24s]
[#8b2ec5 8.4GiB/27GiB(30%) CN:11 DL:6.6MiB ETA:48m1s]
[#8b2ec5 8.4GiB/27GiB(30%) CN:11 DL:6.7MiB ETA:47m21s]
[#8b2ec5 8.4GiB/27GiB(30%) CN:11 DL:6.6MiB ETA:48m17s]
[#8b2ec5 8.4GiB/27GiB(30%) CN:11 DL:6.7MiB ETA:47m26s]
[#8b2ec5 8.4GiB/27GiB(31%) CN:11 DL:6.4MiB ETA:49m26s]
[#8b2ec5 8.4GiB/27GiB(31%) CN:11 DL:6.6MiB ETA:48m6s]
[#8b2ec5 8.4GiB/27GiB(31%) CN:11 DL:6.6MiB ETA:47m47s]
[#8b2ec5 8.4GiB/27GiB(31%) CN:11 DL:6.4MiB ETA:49m42s]
[#8b2ec5 8.4GiB/27GiB(31%) CN:11 DL:6.3MiB ETA:50m11s]
[#8b2ec5 8.4GiB/27GiB(31%) CN:11 DL:6.1MiB ETA:52m3s]
[#8b2ec5 8.4GiB/27GiB(31%) CN:11 DL:6.1MiB ETA:52m5s]
[#8b2ec5 8.4GiB/27GiB(31%) CN:11 DL:6.0MiB ETA:52m40s]
[#8b2ec5 8.4GiB/27GiB(31%) CN:11 DL:6.2MiB ETA:51m16s]
[#8b2ec5 8.4GiB/27GiB(31%) CN:11 DL:6.3MiB ETA:49m54s]
[#8b2ec5 8.4GiB/27GiB(31%) CN:11 DL:5.8MiB ETA:54m17s]
[#8b2ec5 8.5GiB/27GiB(31%) CN:11 DL:5.8MiB ETA:54m33s]
[#8b2ec5 8.5GiB/27GiB(31%) CN:11 DL:6.1MiB ETA:52m16s]
[#8b2ec5 8.5GiB/27GiB(31%) CN:11 DL:5.9MiB ETA:53m35s]
[#8b2ec5 8.5GiB/27GiB(31%) CN:11 DL:5.7MiB ETA:55m34s]
[#8b2ec5 8.5GiB/27GiB(31%) CN:11 DL:5.5MiB ETA:57m1s]
[#8b2ec5 8.5GiB/27GiB(31%) CN:11 DL:5.6MiB ETA:56m42s]
[#8b2ec5 8.5GiB/27GiB(31%) CN:11 DL:5.2MiB ETA:1h36s]
[#8b2ec5 8.5GiB/27GiB(31%) CN:11 DL:5.0MiB ETA:1h3m2s]
[#8b2ec5 8.5GiB/27GiB(31%) CN:11 DL:5.0MiB ETA:1h2m55s]
[#8b2ec5 8.5GiB/27GiB(31%) CN:11 DL:4.7MiB ETA:1h6m23s]

08/27 16:47:32 [[1;32mNOTICE[0m] CUID#19 - Redirecting to https://us.aws.cdn.hf.co/xet-bridge-us/6a83fdf1993fbb53ef83dbb1/c5e4bd4e5aead56c29af62fb4180f69b77a2f64cced4d117987bfbfb64860be4?X-Xet-Cas-Uid=public&response-content-disposition=inline%3B+filename*%3DUTF-8%27%27Ornith-1.5-35B-Q6_K.gguf%3B+filename%3D%22Ornith-1.5-35B-Q6_K.gguf%22%3B&user_id=public&Expires=1787824051&Policy=eyJTdGF0ZW1lbnQiOlt7IlJlc291cmNlIjoiaHR0cHM6Ly91cy5hd3MuY2RuLmhmLmNvL3hldC1icmlkZ2UtdXMvNmE4M2ZkZjE5OTNmYmI1M2VmODNkYmIxL2M1ZTRiZDRlNWFlYWQ1NmMyOWFmNjJmYjQxODBmNjliNzdhMmY2NGNjZWQ0ZDExNzk4N2JmYmZiNjQ4NjBiZTRcXD9YLVhldC1DYXMtVWlkPXB1YmxpYyZyZXNwb25zZS1jb250ZW50LWRpc3Bvc2l0aW9uPWlubGluZSUzQitmaWxlbmFtZSUyQSUzRFVURi04JTI3JTI3T3JuaXRoLTEuNS0zNUItUTZfSy5nZ3VmJTNCK2ZpbGVuYW1lJTNEJTIyT3JuaXRoLTEuNS0zNUItUTZfSy5nZ3VmJTIyJTNCJnVzZXJfaWQ9cHVibGljIiwiQ29uZGl0aW9uIjp7IkRhdGVMZXNzVGhhbiI6eyJFcG9jaFRpbWUiOjE3ODc4MjQwNTF9fX1dfQ__&Signature=MEUCIAk%7EUW%7EkZTy0iozgRgnHoQeJj%7EPGmZixSOGQQ7GlOY31AiEA3JpZN4LKb0HJEJ3N26juqSkNHQctlRICSWSIW76MFSM_&Key-Pair-Id=01KXEF4KZ1B6FV465MAWR4M21F
[#8b2ec5 8.5GiB/27GiB(31%) CN:11 DL:4.2MiB ETA:1h14m21s]

08/27 16:47:32 [[1;32mNOTICE[0m] CUID#20 - Redirecting to https://us.aws.cdn.hf.co/xet-bridge-us/6a83fdf1993fbb53ef83dbb1/c5e4bd4e5aead56c29af62fb4180f69b77a2f64cced4d117987bfbfb64860be4?response-content-disposition=inline%3B+filename*%3DUTF-8%27%27Ornith-1.5-35B-Q6_K.gguf%3B+filename%3D%22Ornith-1.5-35B-Q6_K.gguf%22%3B&X-Xet-Cas-Uid=public&user_id=public&Expires=1787824052&Policy=eyJTdGF0ZW1lbnQiOlt7IlJlc291cmNlIjoiaHR0cHM6Ly91cy5hd3MuY2RuLmhmLmNvL3hldC1icmlkZ2UtdXMvNmE4M2ZkZjE5OTNmYmI1M2VmODNkYmIxL2M1ZTRiZDRlNWFlYWQ1NmMyOWFmNjJmYjQxODBmNjliNzdhMmY2NGNjZWQ0ZDExNzk4N2JmYmZiNjQ4NjBiZTRcXD9yZXNwb25zZS1jb250ZW50LWRpc3Bvc2l0aW9uPWlubGluZSUzQitmaWxlbmFtZSUyQSUzRFVURi04JTI3JTI3T3JuaXRoLTEuNS0zNUItUTZfSy5nZ3VmJTNCK2ZpbGVuYW1lJTNEJTIyT3JuaXRoLTEuNS0zNUItUTZfSy5nZ3VmJTIyJTNCJlgtWGV0LUNhcy1VaWQ9cHVibGljJnVzZXJfaWQ9cHVibGljIiwiQ29uZGl0aW9uIjp7IkRhdGVMZXNzVGhhbiI6eyJFcG9jaFRpbWUiOjE3ODc4MjQwNTJ9fX1dfQ__&Signature=MEUCIF4rIdr1j9QGmP18%7E4ydwyBnECdjp4cDftd3kSbrQEuhAiEAm-wAeeP1COprddVKWcZhrMt8JQCmpSNWBZ574e59bpg_&Key-Pair-Id=01KXEF4KZ1B6FV465MAWR4M21F

08/27 16:47:32 [[1;32mNOTICE[0m] CUID#13 - Redirecting to https://us.aws.cdn.hf.co/xet-bridge-us/6a83fdf1993fbb53ef83dbb1/c5e4bd4e5aead56c29af62fb4180f69b77a2f64cced4d117987bfbfb64860be4?user_id=public&X-Xet-Cas-Uid=public&response-content-disposition=inline%3B+filename*%3DUTF-8%27%27Ornith-1.5-35B-Q6_K.gguf%3B+filename%3D%22Ornith-1.5-35B-Q6_K.gguf%22%3B&Expires=1787824052&Policy=eyJTdGF0ZW1lbnQiOlt7IlJlc291cmNlIjoiaHR0cHM6Ly91cy5hd3MuY2RuLmhmLmNvL3hldC1icmlkZ2UtdXMvNmE4M2ZkZjE5OTNmYmI1M2VmODNkYmIxL2M1ZTRiZDRlNWFlYWQ1NmMyOWFmNjJmYjQxODBmNjliNzdhMmY2NGNjZWQ0ZDExNzk4N2JmYmZiNjQ4NjBiZTRcXD91c2VyX2lkPXB1YmxpYyZYLVhldC1DYXMtVWlkPXB1YmxpYyZyZXNwb25zZS1jb250ZW50LWRpc3Bvc2l0aW9uPWlubGluZSUzQitmaWxlbmFtZSUyQSUzRFVURi04JTI3JTI3T3JuaXRoLTEuNS0zNUItUTZfSy5nZ3VmJTNCK2ZpbGVuYW1lJTNEJTIyT3JuaXRoLTEuNS0zNUItUTZfSy5nZ3VmJTIyJTNCIiwiQ29uZGl0aW9uIjp7IkRhdGVMZXNzVGhhbiI6eyJFcG9jaFRpbWUiOjE3ODc4MjQwNTJ9fX1dfQ__&Signature=MEQCIAPq5rzH-ur4l%7ERZMbnst-iuj6p%7EWbLlVOpy4qFRBqInAiBIUo2LfjwOsAJgAdVVtxWCR7IVMwTUXShTuRje3EnFwg__&Key-Pair-Id=01KXEF4KZ1B6FV465MAWR4M21F
[#8b2ec5 8.5GiB/27GiB(31%) CN:11 DL:3.9MiB ETA:1h21m17s]

08/27 16:47:33 [[1;32mNOTICE[0m] CUID#17 - Redirecting to https://us.aws.cdn.hf.co/xet-bridge-us/6a83fdf1993fbb53ef83dbb1/c5e4bd4e5aead56c29af62fb4180f69b77a2f64cced4d117987bfbfb64860be4?X-Xet-Cas-Uid=public&user_id=public&response-content-disposition=inline%3B+filename*%3DUTF-8%27%27Ornith-1.5-35B-Q6_K.gguf%3B+filename%3D%22Ornith-1.5-35B-Q6_K.gguf%22%3B&Expires=1787824052&Policy=eyJTdGF0ZW1lbnQiOlt7IlJlc291cmNlIjoiaHR0cHM6Ly91cy5hd3MuY2RuLmhmLmNvL3hldC1icmlkZ2UtdXMvNmE4M2ZkZjE5OTNmYmI1M2VmODNkYmIxL2M1ZTRiZDRlNWFlYWQ1NmMyOWFmNjJmYjQxODBmNjliNzdhMmY2NGNjZWQ0ZDExNzk4N2JmYmZiNjQ4NjBiZTRcXD9YLVhldC1DYXMtVWlkPXB1YmxpYyZ1c2VyX2lkPXB1YmxpYyZyZXNwb25zZS1jb250ZW50LWRpc3Bvc2l0aW9uPWlubGluZSUzQitmaWxlbmFtZSUyQSUzRFVURi04JTI3JTI3T3JuaXRoLTEuNS0zNUItUTZfSy5nZ3VmJTNCK2ZpbGVuYW1lJTNEJTIyT3JuaXRoLTEuNS0zNUItUTZfSy5nZ3VmJTIyJTNCIiwiQ29uZGl0aW9uIjp7IkRhdGVMZXNzVGhhbiI6eyJFcG9jaFRpbWUiOjE3ODc4MjQwNTJ9fX1dfQ__&Signature=MEUCIFntklY8n7wxkYxLttMSVVR87mANpwbWqXXwpJNeGisnAiEApHPLv9u6kvipBT3g08pa55k8mzRC0O5grhua9g4b9AA_&Key-Pair-Id=01KXEF4KZ1B6FV465MAWR4M21F
[#8b2ec5 8.5GiB/27GiB(31%) CN:11 DL:3.5MiB ETA:1h28m42s]

08/27 16:47:34 [[1;32mNOTICE[0m] CUID#15 - Redirecting to https://us.aws.cdn.hf.co/xet-bridge-us/6a83fdf1993fbb53ef83dbb1/c5e4bd4e5aead56c29af62fb4180f69b77a2f64cced4d117987bfbfb64860be4?X-Xet-Cas-Uid=public&response-content-disposition=inline%3B+filename*%3DUTF-8%27%27Ornith-1.5-35B-Q6_K.gguf%3B+filename%3D%22Ornith-1.5-35B-Q6_K.gguf%22%3B&user_id=public&Expires=1787824054&Policy=eyJTdGF0ZW1lbnQiOlt7IlJlc291cmNlIjoiaHR0cHM6Ly91cy5hd3MuY2RuLmhmLmNvL3hldC1icmlkZ2UtdXMvNmE4M2ZkZjE5OTNmYmI1M2VmODNkYmIxL2M1ZTRiZDRlNWFlYWQ1NmMyOWFmNjJmYjQxODBmNjliNzdhMmY2NGNjZWQ0ZDExNzk4N2JmYmZiNjQ4NjBiZTRcXD9YLVhldC1DYXMtVWlkPXB1YmxpYyZyZXNwb25zZS1jb250ZW50LWRpc3Bvc2l0aW9uPWlubGluZSUzQitmaWxlbmFtZSUyQSUzRFVURi04JTI3JTI3T3JuaXRoLTEuNS0zNUItUTZfSy5nZ3VmJTNCK2ZpbGVuYW1lJTNEJTIyT3JuaXRoLTEuNS0zNUItUTZfSy5nZ3VmJTIyJTNCJnVzZXJfaWQ9cHVibGljIiwiQ29uZGl0aW9uIjp7IkRhdGVMZXNzVGhhbiI6eyJFcG9jaFRpbWUiOjE3ODc4MjQwNTR9fX1dfQ__&Signature=MEYCIQCaQc--WoGbMbU1oxICPg-0ow9vnGdQ-bYxOaSEmyHGzQIhAOjjSSwYx7hBvY-AE6rwISeSaxS1l8NhqTjLGO5dtGn4&Key-Pair-Id=01KXEF4KZ1B6FV465MAWR4M21F

08/27 16:47:35 [[1;32mNOTICE[0m] CUID#9 - Redirecting to https://us.aws.cdn.hf.co/xet-bridge-us/6a83fdf1993fbb53ef83dbb1/c5e4bd4e5aead56c29af62fb4180f69b77a2f64cced4d117987bfbfb64860be4?user_id=public&X-Xet-Cas-Uid=public&response-content-disposition=inline%3B+filename*%3DUTF-8%27%27Ornith-1.5-35B-Q6_K.gguf%3B+filename%3D%22Ornith-1.5-35B-Q6_K.gguf%22%3B&Expires=1787824053&Policy=eyJTdGF0ZW1lbnQiOlt7IlJlc291cmNlIjoiaHR0cHM6Ly91cy5hd3MuY2RuLmhmLmNvL3hldC1icmlkZ2UtdXMvNmE4M2ZkZjE5OTNmYmI1M2VmODNkYmIxL2M1ZTRiZDRlNWFlYWQ1NmMyOWFmNjJmYjQxODBmNjliNzdhMmY2NGNjZWQ0ZDExNzk4N2JmYmZiNjQ4NjBiZTRcXD91c2VyX2lkPXB1YmxpYyZYLVhldC1DYXMtVWlkPXB1YmxpYyZyZXNwb25zZS1jb250ZW50LWRpc3Bvc2l0aW9uPWlubGluZSUzQitmaWxlbmFtZSUyQSUzRFVURi04JTI3JTI3T3JuaXRoLTEuNS0zNUItUTZfSy5nZ3VmJTNCK2ZpbGVuYW1lJTNEJTIyT3JuaXRoLTEuNS0zNUItUTZfSy5nZ3VmJTIyJTNCIiwiQ29uZGl0aW9uIjp7IkRhdGVMZXNzVGhhbiI6eyJFcG9jaFRpbWUiOjE3ODc4MjQwNTN9fX1dfQ__&Signature=MEUCIQCN19uo3pELnOHsozA925FOl1XDkOOu5ULoDQWOnJa69AIgLnyJf6RInULUSOUayUoTDhhXQbWlAdNEw45I4xViWhU_&Key-Pair-Id=01KXEF4KZ1B6FV465MAWR4M21F
[#8b2ec5 8.5GiB/27GiB(31%) CN:11 DL:3.1MiB ETA:1h39m41s]
[#8b2ec5 8.5GiB/27GiB(31%) CN:11 DL:2.5MiB ETA:2h3m20s]

08/27 16:47:36 [[1;32mNOTICE[0m] CUID#14 - Redirecting to https://us.aws.cdn.hf.co/xet-bridge-us/6a83fdf1993fbb53ef83dbb1/c5e4bd4e5aead56c29af62fb4180f69b77a2f64cced4d117987bfbfb64860be4?X-Xet-Cas-Uid=public&response-content-disposition=inline%3B+filename*%3DUTF-8%27%27Ornith-1.5-35B-Q6_K.gguf%3B+filename%3D%22Ornith-1.5-35B-Q6_K.gguf%22%3B&user_id=public&Expires=1787824056&Policy=eyJTdGF0ZW1lbnQiOlt7IlJlc291cmNlIjoiaHR0cHM6Ly91cy5hd3MuY2RuLmhmLmNvL3hldC1icmlkZ2UtdXMvNmE4M2ZkZjE5OTNmYmI1M2VmODNkYmIxL2M1ZTRiZDRlNWFlYWQ1NmMyOWFmNjJmYjQxODBmNjliNzdhMmY2NGNjZWQ0ZDExNzk4N2JmYmZiNjQ4NjBiZTRcXD9YLVhldC1DYXMtVWlkPXB1YmxpYyZyZXNwb25zZS1jb250ZW50LWRpc3Bvc2l0aW9uPWlubGluZSUzQitmaWxlbmFtZSUyQSUzRFVURi04JTI3JTI3T3JuaXRoLTEuNS0zNUItUTZfSy5nZ3VmJTNCK2ZpbGVuYW1lJTNEJTIyT3JuaXRoLTEuNS0zNUItUTZfSy5nZ3VmJTIyJTNCJnVzZXJfaWQ9cHVibGljIiwiQ29uZGl0aW9uIjp7IkRhdGVMZXNzVGhhbiI6eyJFcG9jaFRpbWUiOjE3ODc4MjQwNTZ9fX1dfQ__&Signature=MEUCIQDi8sBrn2-JubNS8ZR6KQ0-M-NrGV2SmFSkh1V30sDqkAIgAhMBQ5DH3CaX1HxddXFViQapmNJCEXDIVQAhNMcuqGo_&Key-Pair-Id=01KXEF4KZ1B6FV465MAWR4M21F
[#8b2ec5 8.5GiB/27GiB(31%) CN:11 DL:2.2MiB ETA:2h21m42s]
[#8b2ec5 8.5GiB/27GiB(31%) CN:11 DL:2.0MiB ETA:2h35m56s]
[#8b2ec5 8.5GiB/27GiB(31%) CN:11 DL:2.1MiB ETA:2h30m36s]
[#8b2ec5 8.5GiB/27GiB(31%) CN:11 DL:2.6MiB ETA:1h57m49s]
[#8b2ec5 8.5GiB/27GiB(31%) CN:11 DL:3.4MiB ETA:1h31m18s]
[#8b2ec5 8.5GiB/27GiB(31%) CN:11 DL:4.2MiB ETA:1h15m6s]
[#8b2ec5 8.5GiB/27GiB(31%) CN:11 DL:4.9MiB ETA:1h4m24s]
[#8b2ec5 8.6GiB/27GiB(31%) CN:11 DL:5.9MiB ETA:53m12s]

08/27 16:47:45 [[1;32mNOTICE[0m] CUID#23 - Redirecting to https://us.aws.cdn.hf.co/xet-bridge-us/6a83fdf1993fbb53ef83dbb1/c5e4bd4e5aead56c29af62fb4180f69b77a2f64cced4d117987bfbfb64860be4?X-Xet-Cas-Uid=public&response-content-disposition=inline%3B+filename*%3DUTF-8%27%27Ornith-1.5-35B-Q6_K.gguf%3B+filename%3D%22Ornith-1.5-35B-Q6_K.gguf%22%3B&user_id=public&Expires=1787824065&Policy=eyJTdGF0ZW1lbnQiOlt7IlJlc291cmNlIjoiaHR0cHM6Ly91cy5hd3MuY2RuLmhmLmNvL3hldC1icmlkZ2UtdXMvNmE4M2ZkZjE5OTNmYmI1M2VmODNkYmIxL2M1ZTRiZDRlNWFlYWQ1NmMyOWFmNjJmYjQxODBmNjliNzdhMmY2NGNjZWQ0ZDExNzk4N2JmYmZiNjQ4NjBiZTRcXD9YLVhldC1DYXMtVWlkPXB1YmxpYyZyZXNwb25zZS1jb250ZW50LWRpc3Bvc2l0aW9uPWlubGluZSUzQitmaWxlbmFtZSUyQSUzRFVURi04JTI3JTI3T3JuaXRoLTEuNS0zNUItUTZfSy5nZ3VmJTNCK2ZpbGVuYW1lJTNEJTIyT3JuaXRoLTEuNS0zNUItUTZfSy5nZ3VmJTIyJTNCJnVzZXJfaWQ9cHVibGljIiwiQ29uZGl0aW9uIjp7IkRhdGVMZXNzVGhhbiI6eyJFcG9jaFRpbWUiOjE3ODc4MjQwNjV9fX1dfQ__&Signature=MEQCIH9ARLqqPJf8GAkf5wfT%7E2sHjuNsoO7mdx0e0ZCzcsgVAiBjoX4Z4E-HdlTee1MQFdQr6ZETA-llVzzSdE5MGn-5DA__&Key-Pair-Id=01KXEF4KZ1B6FV465MAWR4M21F
[#8b2ec5 8.6GiB/27GiB(31%) CN:11 DL:6.2MiB ETA:50m54s]
[#8b2ec5 8.6GiB/27GiB(31%) CN:11 DL:7.1MiB ETA:44m36s]
[#8b2ec5 8.6GiB/27GiB(31%) CN:11 DL:7.3MiB ETA:43m4s]
[#8b2ec5 8.6GiB/27GiB(31%) CN:11 DL:7.7MiB ETA:40m55s]
[#8b2ec5 8.6GiB/27GiB(31%) CN:11 DL:7.4MiB ETA:42m38s]
 *** Download Progress Summary as of Thu Aug 27 16:47:50 2026 *** 
===============================================================================
[#8b2ec5 8.6GiB/27GiB(31%) CN:11 DL:7.4MiB ETA:42m22s]
FILE: /Users/wilsonxu/Models/ornith-256k/llamacpp/models/Ornith-1.5-35B-Q6_K.gguf
-------------------------------------------------------------------------------

[#8b2ec5 8.6GiB/27GiB(31%) CN:11 DL:7.4MiB ETA:42m22s]

08/27 16:47:51 [[1;32mNOTICE[0m] CUID#21 - Redirecting to https://us.aws.cdn.hf.co/xet-bridge-us/6a83fdf1993fbb53ef83dbb1/c5e4bd4e5aead56c29af62fb4180f69b77a2f64cced4d117987bfbfb64860be4?response-content-disposition=inline%3B+filename*%3DUTF-8%27%27Ornith-1.5-35B-Q6_K.gguf%3B+filename%3D%22Ornith-1.5-35B-Q6_K.gguf%22%3B&user_id=public&X-Xet-Cas-Uid=public&Expires=1787824071&Policy=eyJTdGF0ZW1lbnQiOlt7IlJlc291cmNlIjoiaHR0cHM6Ly91cy5hd3MuY2RuLmhmLmNvL3hldC1icmlkZ2UtdXMvNmE4M2ZkZjE5OTNmYmI1M2VmODNkYmIxL2M1ZTRiZDRlNWFlYWQ1NmMyOWFmNjJmYjQxODBmNjliNzdhMmY2NGNjZWQ0ZDExNzk4N2JmYmZiNjQ4NjBiZTRcXD9yZXNwb25zZS1jb250ZW50LWRpc3Bvc2l0aW9uPWlubGluZSUzQitmaWxlbmFtZSUyQSUzRFVURi04JTI3JTI3T3JuaXRoLTEuNS0zNUItUTZfSy5nZ3VmJTNCK2ZpbGVuYW1lJTNEJTIyT3JuaXRoLTEuNS0zNUItUTZfSy5nZ3VmJTIyJTNCJnVzZXJfaWQ9cHVibGljJlgtWGV0LUNhcy1VaWQ9cHVibGljIiwiQ29uZGl0aW9uIjp7IkRhdGVMZXNzVGhhbiI6eyJFcG9jaFRpbWUiOjE3ODc4MjQwNzF9fX1dfQ__&Signature=MEUCIFOCKIDdx9bfjHgpC6qa9DB3i-CjsvNN9%7Ev4egIttvihAiEA9vm0IUEeZQH7XDwA5whVgx8OOrHRuBpegzrFk8TyiBM_&Key-Pair-Id=01KXEF4KZ1B6FV465MAWR4M21F
[#8b2ec5 8.6GiB/27GiB(31%) CN:11 DL:7.0MiB ETA:45m2s]
[#8b2ec5 8.6GiB/27GiB(31%) CN:11 DL:7.1MiB ETA:44m5s]

08/27 16:47:53 [[1;32mNOTICE[0m] CUID#22 - Redirecting to https://us.aws.cdn.hf.co/xet-bridge-us/6a83fdf1993fbb53ef83dbb1/c5e4bd4e5aead56c29af62fb4180f69b77a2f64cced4d117987bfbfb64860be4?response-content-disposition=inline%3B+filename*%3DUTF-8%27%27Ornith-1.5-35B-Q6_K.gguf%3B+filename%3D%22Ornith-1.5-35B-Q6_K.gguf%22%3B&X-Xet-Cas-Uid=public&user_id=public&Expires=1787824073&Policy=eyJTdGF0ZW1lbnQiOlt7IlJlc291cmNlIjoiaHR0cHM6Ly91cy5hd3MuY2RuLmhmLmNvL3hldC1icmlkZ2UtdXMvNmE4M2ZkZjE5OTNmYmI1M2VmODNkYmIxL2M1ZTRiZDRlNWFlYWQ1NmMyOWFmNjJmYjQxODBmNjliNzdhMmY2NGNjZWQ0ZDExNzk4N2JmYmZiNjQ4NjBiZTRcXD9yZXNwb25zZS1jb250ZW50LWRpc3Bvc2l0aW9uPWlubGluZSUzQitmaWxlbmFtZSUyQSUzRFVURi04JTI3JTI3T3JuaXRoLTEuNS0zNUItUTZfSy5nZ3VmJTNCK2ZpbGVuYW1lJTNEJTIyT3JuaXRoLTEuNS0zNUItUTZfSy5nZ3VmJTIyJTNCJlgtWGV0LUNhcy1VaWQ9cHVibGljJnVzZXJfaWQ9cHVibGljIiwiQ29uZGl0aW9uIjp7IkRhdGVMZXNzVGhhbiI6eyJFcG9jaFRpbWUiOjE3ODc4MjQwNzN9fX1dfQ__&Signature=MEQCIAz6eSFt1PRkgmv8xIS74%7EdC2mYQ1E5n-t1O4BcI-WeuAiBiTwuhsT23wsObTnR6B3qRaFW4UOcqTKkhkwVwkLSANQ__&Key-Pair-Id=01KXEF4KZ1B6FV465MAWR4M21F
[#8b2ec5 8.6GiB/27GiB(31%) CN:11 DL:6.3MiB ETA:49m37s]
[#8b2ec5 8.6GiB/27GiB(31%) CN:11 DL:6.5MiB ETA:48m18s]
[#8b2ec5 8.6GiB/27GiB(31%) CN:11 DL:5.9MiB ETA:52m47s]
[#8b2ec5 8.6GiB/27GiB(31%) CN:11 DL:5.9MiB ETA:52m59s]
[#8b2ec5 8.6GiB/27GiB(31%) CN:11 DL:5.9MiB ETA:53m16s]
[#8b2ec5 8.6GiB/27GiB(31%) CN:11 DL:6.1MiB ETA:51m30s]
[#8b2ec5 8.6GiB/27GiB(31%) CN:11 DL:5.6MiB ETA:56m4s]
[#8b2ec5 8.7GiB/27GiB(32%) CN:11 DL:5.7MiB ETA:55m13s]
[#8b2ec5 8.7GiB/27GiB(32%) CN:11 DL:5.3MiB ETA:58m38s]
[#8b2ec5 8.7GiB/27GiB(32%) CN:11 DL:5.6MiB ETA:55m34s]
[#8b2ec5 8.7GiB/27GiB(32%) CN:11 DL:5.4MiB ETA:58m19s]

08/27 16:48:04 [[1;32mNOTICE[0m] CUID#18 - Redirecting to https://us.aws.cdn.hf.co/xet-bridge-us/6a83fdf1993fbb53ef83dbb1/c5e4bd4e5aead56c29af62fb4180f69b77a2f64cced4d117987bfbfb64860be4?user_id=public&X-Xet-Cas-Uid=public&response-content-disposition=inline%3B+filename*%3DUTF-8%27%27Ornith-1.5-35B-Q6_K.gguf%3B+filename%3D%22Ornith-1.5-35B-Q6_K.gguf%22%3B&Expires=1787824084&Policy=eyJTdGF0ZW1lbnQiOlt7IlJlc291cmNlIjoiaHR0cHM6Ly91cy5hd3MuY2RuLmhmLmNvL3hldC1icmlkZ2UtdXMvNmE4M2ZkZjE5OTNmYmI1M2VmODNkYmIxL2M1ZTRiZDRlNWFlYWQ1NmMyOWFmNjJmYjQxODBmNjliNzdhMmY2NGNjZWQ0ZDExNzk4N2JmYmZiNjQ4NjBiZTRcXD91c2VyX2lkPXB1YmxpYyZYLVhldC1DYXMtVWlkPXB1YmxpYyZyZXNwb25zZS1jb250ZW50LWRpc3Bvc2l0aW9uPWlubGluZSUzQitmaWxlbmFtZSUyQSUzRFVURi04JTI3JTI3T3JuaXRoLTEuNS0zNUItUTZfSy5nZ3VmJTNCK2ZpbGVuYW1lJTNEJTIyT3JuaXRoLTEuNS0zNUItUTZfSy5nZ3VmJTIyJTNCIiwiQ29uZGl0aW9uIjp7IkRhdGVMZXNzVGhhbiI6eyJFcG9jaFRpbWUiOjE3ODc4MjQwODR9fX1dfQ__&Signature=MEYCIQCH5EDXQtClG7M31oZdiXXWbC3vSuVzS6sgLGLsejHh1QIhAIzkLu5i5XnNkxLO0ppivlvQtkZ3dJItkRujo3usN%7E-i&Key-Pair-Id=01KXEF4KZ1B6FV465MAWR4M21F
[#8b2ec5 8.7GiB/27GiB(32%) CN:11 DL:6.0MiB ETA:52m18s]
[#8b2ec5 8.7GiB/27GiB(32%) CN:11 DL:5.6MiB ETA:55m21s]
[#8b2ec5 8.7GiB/27GiB(32%) CN:11 DL:5.5MiB ETA:56m32s]
[#8b2ec5 8.7GiB/27GiB(32%) CN:11 DL:5.8MiB ETA:54m1s]
[#8b2ec5 8.7GiB/27GiB(32%) CN:11 DL:5.8MiB ETA:53m44s]
[#8b2ec5 8.7GiB/27GiB(32%) CN:11 DL:6.1MiB ETA:51m8s]
[#8b2ec5 8.7GiB/27GiB(32%) CN:11 DL:6.6MiB ETA:47m14s]
[#8b2ec5 8.7GiB/27GiB(32%) CN:11 DL:6.8MiB ETA:45m45s]
[#8b2ec5 8.7GiB/27GiB(32%) CN:11 DL:7.2MiB ETA:43m29s]
[#8b2ec5 8.7GiB/27GiB(32%) CN:11 DL:7.4MiB ETA:42m8s]
[#8b2ec5 8.8GiB/27GiB(32%) CN:11 DL:7.7MiB ETA:40m45s]
[#8b2ec5 8.8GiB/27GiB(32%) CN:11 DL:7.7MiB ETA:40m33s]
[#8b2ec5 8.8GiB/27GiB(32%) CN:11 DL:7.8MiB ETA:39m44s]
[#8b2ec5 8.8GiB/27GiB(32%) CN:11 DL:7.5MiB ETA:41m25s]
[#8b2ec5 8.8GiB/27GiB(32%) CN:11 DL:7.9MiB ETA:39m32s]
[#8b2ec5 8.8GiB/27GiB(32%) CN:11 DL:7.1MiB ETA:43m53s]
[#8b2ec5 8.8GiB/27GiB(32%) CN:11 DL:6.9MiB ETA:45m7s]
[#8b2ec5 8.8GiB/27GiB(32%) CN:11 DL:6.7MiB ETA:46m23s]
[#8b2ec5 8.8GiB/27GiB(32%) CN:11 DL:6.7MiB ETA:46m22s]
[#8b2ec5 8.8GiB/27GiB(32%) CN:11 DL:6.8MiB ETA:45m52s]
[#8b2ec5 8.8GiB/27GiB(32%) CN:11 DL:6.9MiB ETA:45m18s]
[#8b2ec5 8.8GiB/27GiB(32%) CN:11 DL:6.6MiB ETA:46m47s]
[#8b2ec5 8.8GiB/27GiB(32%) CN:11 DL:7.0MiB ETA:44m19s]
[#8b2ec5 8.8GiB/27GiB(32%) CN:11 DL:6.6MiB ETA:46m50s]
[#8b2ec5 8.9GiB/27GiB(32%) CN:11 DL:6.9MiB ETA:45m5s]
[#8b2ec5 8.9GiB/27GiB(32%) CN:11 DL:6.7MiB ETA:46m5s]
[#8b2ec5 8.9GiB/27GiB(32%) CN:11 DL:7.3MiB ETA:42m35s]
[#8b2ec5 8.9GiB/27GiB(32%) CN:11 DL:6.9MiB ETA:45m2s]
[#8b2ec5 8.9GiB/27GiB(32%) CN:11 DL:7.2MiB ETA:43m14s]
[#8b2ec5 8.9GiB/27GiB(32%) CN:11 DL:7.0MiB ETA:44m8s]
[#8b2ec5 8.9GiB/27GiB(32%) CN:11 DL:7.1MiB ETA:43m47s]
[#8b2ec5 8.9GiB/27GiB(32%) CN:11 DL:6.7MiB ETA:45m57s]
[#8b2ec5 8.9GiB/27GiB(32%) CN:11 DL:7.0MiB ETA:44m28s]
[#8b2ec5 8.9GiB/27GiB(32%) CN:11 DL:6.9MiB ETA:44m44s]
[#8b2ec5 8.9GiB/27GiB(32%) CN:11 DL:6.9MiB ETA:44m45s]
[#8b2ec5 8.9GiB/27GiB(33%) CN:11 DL:6.5MiB ETA:47m29s]
[#8b2ec5 8.9GiB/27GiB(33%) CN:11 DL:6.7MiB ETA:45m51s]
[#8b2ec5 8.9GiB/27GiB(33%) CN:11 DL:6.6MiB ETA:47m]
[#8b2ec5 8.9GiB/27GiB(33%) CN:11 DL:6.6MiB ETA:46m52s]
[#8b2ec5 9.0GiB/27GiB(33%) CN:11 DL:6.6MiB ETA:46m41s]
[#8b2ec5 9.0GiB/27GiB(33%) CN:11 DL:7.1MiB ETA:43m12s]
[#8b2ec5 9.0GiB/27GiB(33%) CN:11 DL:6.7MiB ETA:45m50s]
[#8b2ec5 9.0GiB/27GiB(33%) CN:11 DL:6.8MiB ETA:45m21s]
[#8b2ec5 9.0GiB/27GiB(33%) CN:11 DL:6.5MiB ETA:47m9s]
 *** Download Progress Summary as of Thu Aug 27 16:48:51 2026 *** 
===============================================================================
[#8b2ec5 9.0GiB/27GiB(33%) CN:11 DL:6.1MiB ETA:50m6s]
FILE: /Users/wilsonxu/Models/ornith-256k/llamacpp/models/Ornith-1.5-35B-Q6_K.gguf
-------------------------------------------------------------------------------

[#8b2ec5 9.0GiB/27GiB(33%) CN:11 DL:6.1MiB ETA:50m6s]
[#8b2ec5 9.0GiB/27GiB(33%) CN:11 DL:6.1MiB ETA:50m17s]
[#8b2ec5 9.0GiB/27GiB(33%) CN:11 DL:6.2MiB ETA:49m32s]
[#8b2ec5 9.0GiB/27GiB(33%) CN:11 DL:6.1MiB ETA:50m13s]
[#8b2ec5 9.0GiB/27GiB(33%) CN:11 DL:6.0MiB ETA:51m11s]
[#8b2ec5 9.0GiB/27GiB(33%) CN:11 DL:5.5MiB ETA:56m13s]
[#8b2ec5 9.0GiB/27GiB(33%) CN:11 DL:5.9MiB ETA:52m23s]
[#8b2ec5 9.0GiB/27GiB(33%) CN:11 DL:5.6MiB ETA:55m8s]
[#8b2ec5 9.0GiB/27GiB(33%) CN:11 DL:5.8MiB ETA:53m16s]
[#8b2ec5 9.0GiB/27GiB(33%) CN:11 DL:6.0MiB ETA:50m55s]
[#8b2ec5 9.1GiB/27GiB(33%) CN:11 DL:6.2MiB ETA:49m12s]
[#8b2ec5 9.1GiB/27GiB(33%) CN:11 DL:5.9MiB ETA:51m31s]
[#8b2ec5 9.1GiB/27GiB(33%) CN:11 DL:6.2MiB ETA:49m47s]
[#8b2ec5 9.1GiB/27GiB(33%) CN:11 DL:6.0MiB ETA:51m16s]
[#8b2ec5 9.1GiB/27GiB(33%) CN:11 DL:6.3MiB ETA:48m50s]
[#8b2ec5 9.1GiB/27GiB(33%) CN:11 DL:6.3MiB ETA:48m56s]
[#8b2ec5 9.1GiB/27GiB(33%) CN:11 DL:6.6MiB ETA:46m21s]
[#8b2ec5 9.1GiB/27GiB(33%) CN:11 DL:6.2MiB ETA:49m19s]
[#8b2ec5 9.1GiB/27GiB(33%) CN:11 DL:6.3MiB ETA:48m49s]
[#8b2ec5 9.1GiB/27GiB(33%) CN:11 DL:6.3MiB ETA:48m30s]
[#8b2ec5 9.1GiB/27GiB(33%) CN:11 DL:6.5MiB ETA:47m7s]
[#8b2ec5 9.1GiB/27GiB(33%) CN:11 DL:6.5MiB ETA:46m37s]
[#8b2ec5 9.1GiB/27GiB(33%) CN:11 DL:6.7MiB ETA:45m14s]
[#8b2ec5 9.1GiB/27GiB(33%) CN:11 DL:6.6MiB ETA:46m3s]
[#8b2ec5 9.1GiB/27GiB(33%) CN:11 DL:6.4MiB ETA:47m43s]
[#8b2ec5 9.2GiB/27GiB(33%) CN:11 DL:6.4MiB ETA:47m55s]
[#8b2ec5 9.2GiB/27GiB(33%) CN:11 DL:6.5MiB ETA:46m52s]
[#8b2ec5 9.2GiB/27GiB(33%) CN:11 DL:6.5MiB ETA:47m]
[#8b2ec5 9.2GiB/27GiB(33%) CN:11 DL:6.4MiB ETA:47m38s]
[#8b2ec5 9.2GiB/27GiB(33%) CN:11 DL:6.3MiB ETA:48m22s]
[#8b2ec5 9.2GiB/27GiB(33%) CN:11 DL:6.3MiB ETA:47m58s]
[#8b2ec5 9.2GiB/27GiB(33%) CN:11 DL:6.2MiB ETA:48m43s]
[#8b2ec5 9.2GiB/27GiB(33%) CN:11 DL:6.5MiB ETA:46m55s]
[#8b2ec5 9.2GiB/27GiB(34%) CN:11 DL:6.5MiB ETA:46m43s]
[#8b2ec5 9.2GiB/27GiB(34%) CN:11 DL:6.4MiB ETA:47m29s]
[#8b2ec5 9.2GiB/27GiB(34%) CN:11 DL:6.6MiB ETA:46m17s]
[#8b2ec5 9.2GiB/27GiB(34%) CN:11 DL:6.6MiB ETA:45m46s]
[#8b2ec5 9.2GiB/27GiB(34%) CN:11 DL:6.5MiB ETA:47m3s]
[#8b2ec5 9.2GiB/27GiB(34%) CN:11 DL:6.5MiB ETA:46m52s]
[#8b2ec5 9.2GiB/27GiB(34%) CN:11 DL:6.5MiB ETA:47m1s]
[#8b2ec5 9.2GiB/27GiB(34%) CN:11 DL:6.5MiB ETA:46m57s]
[#8b2ec5 9.3GiB/27GiB(34%) CN:11 DL:6.4MiB ETA:47m24s]
[#8b2ec5 9.3GiB/27GiB(34%) CN:11 DL:6.5MiB ETA:46m30s]
[#8b2ec5 9.3GiB/27GiB(34%) CN:11 DL:6.5MiB ETA:46m56s]
[#8b2ec5 9.3GiB/27GiB(34%) CN:11 DL:6.4MiB ETA:47m23s]
[#8b2ec5 9.3GiB/27GiB(34%) CN:11 DL:6.5MiB ETA:46m43s]
[#8b2ec5 9.3GiB/27GiB(34%) CN:11 DL:6.8MiB ETA:44m43s]
[#8b2ec5 9.3GiB/27GiB(34%) CN:11 DL:6.5MiB ETA:46m11s]
[#8b2ec5 9.3GiB/27GiB(34%) CN:11 DL:6.6MiB ETA:45m48s]
[#8b2ec5 9.3GiB/27GiB(34%) CN:11 DL:6.6MiB ETA:45m44s]
[#8b2ec5 9.3GiB/27GiB(34%) CN:11 DL:6.6MiB ETA:45m44s]
[#8b2ec5 9.3GiB/27GiB(34%) CN:11 DL:6.7MiB ETA:45m23s]
[#8b2ec5 9.3GiB/27GiB(34%) CN:11 DL:6.7MiB ETA:44m43s]
[#8b2ec5 9.3GiB/27GiB(34%) CN:11 DL:6.8MiB ETA:44m25s]
[#8b2ec5 9.3GiB/27GiB(34%) CN:11 DL:6.5MiB ETA:46m7s]
[#8b2ec5 9.4GiB/27GiB(34%) CN:11 DL:6.5MiB ETA:46m22s]
[#8b2ec5 9.4GiB/27GiB(34%) CN:11 DL:7.0MiB ETA:42m48s]
[#8b2ec5 9.4GiB/27GiB(34%) CN:11 DL:6.6MiB ETA:45m26s]
 *** Download Progress Summary as of Thu Aug 27 16:49:52 2026 *** 
===============================================================================
[#8b2ec5 9.4GiB/27GiB(34%) CN:11 DL:6.8MiB ETA:44m20s]
FILE: /Users/wilsonxu/Models/ornith-256k/llamacpp/models/Ornith-1.5-35B-Q6_K.gguf
-------------------------------------------------------------------------------

[#8b2ec5 9.4GiB/27GiB(34%) CN:11 DL:6.8MiB ETA:44m20s]
[#8b2ec5 9.4GiB/27GiB(34%) CN:11 DL:6.8MiB ETA:44m34s]
[#8b2ec5 9.4GiB/27GiB(34%) CN:11 DL:6.7MiB ETA:45m2s]
[#8b2ec5 9.4GiB/27GiB(34%) CN:11 DL:6.8MiB ETA:44m28s]
[#8b2ec5 9.4GiB/27GiB(34%) CN:11 DL:6.7MiB ETA:45m11s]
[#8b2ec5 9.4GiB/27GiB(34%) CN:11 DL:6.8MiB ETA:44m26s]
[#8b2ec5 9.4GiB/27GiB(34%) CN:11 DL:6.5MiB ETA:46m2s]
[#8b2ec5 9.4GiB/27GiB(34%) CN:11 DL:6.4MiB ETA:47m1s]
[#8b2ec5 9.4GiB/27GiB(34%) CN:11 DL:6.5MiB ETA:45m57s]
[#8b2ec5 9.4GiB/27GiB(34%) CN:11 DL:6.2MiB ETA:48m36s]
[#8b2ec5 9.4GiB/27GiB(34%) CN:11 DL:6.1MiB ETA:49m23s]
[#8b2ec5 9.4GiB/27GiB(34%) CN:11 DL:5.9MiB ETA:50m26s]
[#8b2ec5 9.5GiB/27GiB(34%) CN:11 DL:6.0MiB ETA:50m7s]
[#8b2ec5 9.5GiB/27GiB(34%) CN:11 DL:6.0MiB ETA:50m5s]
[#8b2ec5 9.5GiB/27GiB(34%) CN:11 DL:5.9MiB ETA:50m32s]
[#8b2ec5 9.5GiB/27GiB(34%) CN:11 DL:5.9MiB ETA:50m25s]
[#8b2ec5 9.5GiB/27GiB(35%) CN:11 DL:5.7MiB ETA:52m46s]
[#8b2ec5 9.5GiB/27GiB(35%) CN:11 DL:5.9MiB ETA:50m49s]
[#8b2ec5 9.5GiB/27GiB(35%) CN:11 DL:6.0MiB ETA:49m41s]
[#8b2ec5 9.5GiB/27GiB(35%) CN:11 DL:5.8MiB ETA:51m10s]
[#8b2ec5 9.5GiB/27GiB(35%) CN:11 DL:5.7MiB ETA:52m15s]
[#8b2ec5 9.5GiB/27GiB(35%) CN:11 DL:5.5MiB ETA:53m59s]
[#8b2ec5 9.5GiB/27GiB(35%) CN:11 DL:5.5MiB ETA:54m7s]
[#8b2ec5 9.5GiB/27GiB(35%) CN:11 DL:5.5MiB ETA:54m22s]
[#8b2ec5 9.5GiB/27GiB(35%) CN:11 DL:5.6MiB ETA:53m29s]
[#8b2ec5 9.5GiB/27GiB(35%) CN:11 DL:5.5MiB ETA:53m50s]
[#8b2ec5 9.5GiB/27GiB(35%) CN:11 DL:5.3MiB ETA:56m4s]
[#8b2ec5 9.5GiB/27GiB(35%) CN:11 DL:5.3MiB ETA:55m49s]
[#8b2ec5 9.5GiB/27GiB(35%) CN:11 DL:5.5MiB ETA:53m47s]
[#8b2ec5 9.5GiB/27GiB(35%) CN:11 DL:5.5MiB ETA:53m58s]
[#8b2ec5 9.6GiB/27GiB(35%) CN:11 DL:5.4MiB ETA:55m35s]
[#8b2ec5 9.6GiB/27GiB(35%) CN:11 DL:5.1MiB ETA:57m56s]
[#8b2ec5 9.6GiB/27GiB(35%) CN:11 DL:5.2MiB ETA:57m32s]
[#8b2ec5 9.6GiB/27GiB(35%) CN:11 DL:5.0MiB ETA:59m31s]
[#8b2ec5 9.6GiB/27GiB(35%) CN:11 DL:5.2MiB ETA:57m31s]

08/27 16:50:29 [[1;31mERROR[0m] CUID#15 - Download aborted. URI=https://huggingface.co/ornith-ai/Ornith-1.5-35B-A3B-GGUF/resolve/main/Ornith-1.5-35B-Q6_K.gguf
Exception: [AbstractCommand.cc:351] errorCode=1 URI=https://huggingface.co/ornith-ai/Ornith-1.5-35B-A3B-GGUF/resolve/main/Ornith-1.5-35B-Q6_K.gguf
  -> [SocketCore.cc:1022] errorCode=1 SSL/TLS handshake failure: Connection aborted
[#8b2ec5 9.6GiB/27GiB(35%) CN:10 DL:4.9MiB ETA:1h26s]
[#8b2ec5 9.6GiB/27GiB(35%) CN:10 DL:4.4MiB ETA:1h7m]
[#8b2ec5 9.6GiB/27GiB(35%) CN:10 DL:3.8MiB ETA:1h17m44s]

08/27 16:50:32 [[1;32mNOTICE[0m] CUID#17 - Redirecting to https://us.aws.cdn.hf.co/xet-bridge-us/6a83fdf1993fbb53ef83dbb1/c5e4bd4e5aead56c29af62fb4180f69b77a2f64cced4d117987bfbfb64860be4?X-Xet-Cas-Uid=public&user_id=public&response-content-disposition=inline%3B+filename*%3DUTF-8%27%27Ornith-1.5-35B-Q6_K.gguf%3B+filename%3D%22Ornith-1.5-35B-Q6_K.gguf%22%3B&Expires=1787824230&Policy=eyJTdGF0ZW1lbnQiOlt7IlJlc291cmNlIjoiaHR0cHM6Ly91cy5hd3MuY2RuLmhmLmNvL3hldC1icmlkZ2UtdXMvNmE4M2ZkZjE5OTNmYmI1M2VmODNkYmIxL2M1ZTRiZDRlNWFlYWQ1NmMyOWFmNjJmYjQxODBmNjliNzdhMmY2NGNjZWQ0ZDExNzk4N2JmYmZiNjQ4NjBiZTRcXD9YLVhldC1DYXMtVWlkPXB1YmxpYyZ1c2VyX2lkPXB1YmxpYyZyZXNwb25zZS1jb250ZW50LWRpc3Bvc2l0aW9uPWlubGluZSUzQitmaWxlbmFtZSUyQSUzRFVURi04JTI3JTI3T3JuaXRoLTEuNS0zNUItUTZfSy5nZ3VmJTNCK2ZpbGVuYW1lJTNEJTIyT3JuaXRoLTEuNS0zNUItUTZfSy5nZ3VmJTIyJTNCIiwiQ29uZGl0aW9uIjp7IkRhdGVMZXNzVGhhbiI6eyJFcG9jaFRpbWUiOjE3ODc4MjQyMzB9fX1dfQ__&Signature=MEUCIQCIL1bK1jUpMcpifm-m-uCKh%7EDRAqq8pYskW9FtG1nUBAIgdgDtgPfV1oPmWMe3gHbU5wWXrFPp4GL2ex9Cuh1cwb0_&Key-Pair-Id=01KXEF4KZ1B6FV465MAWR4M21F
[#8b2ec5 9.6GiB/27GiB(35%) CN:10 DL:3.4MiB ETA:1h25m54s]

08/27 16:50:32 [[1;32mNOTICE[0m] CUID#14 - Redirecting to https://us.aws.cdn.hf.co/xet-bridge-us/6a83fdf1993fbb53ef83dbb1/c5e4bd4e5aead56c29af62fb4180f69b77a2f64cced4d117987bfbfb64860be4?user_id=public&X-Xet-Cas-Uid=public&response-content-disposition=inline%3B+filename*%3DUTF-8%27%27Ornith-1.5-35B-Q6_K.gguf%3B+filename%3D%22Ornith-1.5-35B-Q6_K.gguf%22%3B&Expires=1787824231&Policy=eyJTdGF0ZW1lbnQiOlt7IlJlc291cmNlIjoiaHR0cHM6Ly91cy5hd3MuY2RuLmhmLmNvL3hldC1icmlkZ2UtdXMvNmE4M2ZkZjE5OTNmYmI1M2VmODNkYmIxL2M1ZTRiZDRlNWFlYWQ1NmMyOWFmNjJmYjQxODBmNjliNzdhMmY2NGNjZWQ0ZDExNzk4N2JmYmZiNjQ4NjBiZTRcXD91c2VyX2lkPXB1YmxpYyZYLVhldC1DYXMtVWlkPXB1YmxpYyZyZXNwb25zZS1jb250ZW50LWRpc3Bvc2l0aW9uPWlubGluZSUzQitmaWxlbmFtZSUyQSUzRFVURi04JTI3JTI3T3JuaXRoLTEuNS0zNUItUTZfSy5nZ3VmJTNCK2ZpbGVuYW1lJTNEJTIyT3JuaXRoLTEuNS0zNUItUTZfSy5nZ3VmJTIyJTNCIiwiQ29uZGl0aW9uIjp7IkRhdGVMZXNzVGhhbiI6eyJFcG9jaFRpbWUiOjE3ODc4MjQyMzF9fX1dfQ__&Signature=MEUCIAoGnfAV6l9dNthgP5VkLethJGtZNRnPA0VfvuGlkfxUAiEA7oTbbkYVkV49IEaIIClbAOCcJvU398rEGVQQBEOCc3s_&Key-Pair-Id=01KXEF4KZ1B6FV465MAWR4M21F

08/27 16:50:32 [[1;32mNOTICE[0m] CUID#9 - Redirecting to https://us.aws.cdn.hf.co/xet-bridge-us/6a83fdf1993fbb53ef83dbb1/c5e4bd4e5aead56c29af62fb4180f69b77a2f64cced4d117987bfbfb64860be4?response-content-disposition=inline%3B+filename*%3DUTF-8%27%27Ornith-1.5-35B-Q6_K.gguf%3B+filename%3D%22Ornith-1.5-35B-Q6_K.gguf%22%3B&user_id=public&X-Xet-Cas-Uid=public&Expires=1787824232&Policy=eyJTdGF0ZW1lbnQiOlt7IlJlc291cmNlIjoiaHR0cHM6Ly91cy5hd3MuY2RuLmhmLmNvL3hldC1icmlkZ2UtdXMvNmE4M2ZkZjE5OTNmYmI1M2VmODNkYmIxL2M1ZTRiZDRlNWFlYWQ1NmMyOWFmNjJmYjQxODBmNjliNzdhMmY2NGNjZWQ0ZDExNzk4N2JmYmZiNjQ4NjBiZTRcXD9yZXNwb25zZS1jb250ZW50LWRpc3Bvc2l0aW9uPWlubGluZSUzQitmaWxlbmFtZSUyQSUzRFVURi04JTI3JTI3T3JuaXRoLTEuNS0zNUItUTZfSy5nZ3VmJTNCK2ZpbGVuYW1lJTNEJTIyT3JuaXRoLTEuNS0zNUItUTZfSy5nZ3VmJTIyJTNCJnVzZXJfaWQ9cHVibGljJlgtWGV0LUNhcy1VaWQ9cHVibGljIiwiQ29uZGl0aW9uIjp7IkRhdGVMZXNzVGhhbiI6eyJFcG9jaFRpbWUiOjE3ODc4MjQyMzJ9fX1dfQ__&Signature=MEYCIQCs9zcWByamij4T-uYhZWPLK8zsGSNVGAGk1SasQtapvwIhAKMU-MgvfCTeSoTFhoAvgP0GF2bx0ZXmzZnQ5Aa9rb9S&Key-Pair-Id=01KXEF4KZ1B6FV465MAWR4M21F
[#8b2ec5 9.6GiB/27GiB(35%) CN:10 DL:3.0MiB ETA:1h39m39s]

08/27 16:50:33 [[1;32mNOTICE[0m] CUID#18 - Redirecting to https://us.aws.cdn.hf.co/xet-bridge-us/6a83fdf1993fbb53ef83dbb1/c5e4bd4e5aead56c29af62fb4180f69b77a2f64cced4d117987bfbfb64860be4?X-Xet-Cas-Uid=public&response-content-disposition=inline%3B+filename*%3DUTF-8%27%27Ornith-1.5-35B-Q6_K.gguf%3B+filename%3D%22Ornith-1.5-35B-Q6_K.gguf%22%3B&user_id=public&Expires=1787824233&Policy=eyJTdGF0ZW1lbnQiOlt7IlJlc291cmNlIjoiaHR0cHM6Ly91cy5hd3MuY2RuLmhmLmNvL3hldC1icmlkZ2UtdXMvNmE4M2ZkZjE5OTNmYmI1M2VmODNkYmIxL2M1ZTRiZDRlNWFlYWQ1NmMyOWFmNjJmYjQxODBmNjliNzdhMmY2NGNjZWQ0ZDExNzk4N2JmYmZiNjQ4NjBiZTRcXD9YLVhldC1DYXMtVWlkPXB1YmxpYyZyZXNwb25zZS1jb250ZW50LWRpc3Bvc2l0aW9uPWlubGluZSUzQitmaWxlbmFtZSUyQSUzRFVURi04JTI3JTI3T3JuaXRoLTEuNS0zNUItUTZfSy5nZ3VmJTNCK2ZpbGVuYW1lJTNEJTIyT3JuaXRoLTEuNS0zNUItUTZfSy5nZ3VmJTIyJTNCJnVzZXJfaWQ9cHVibGljIiwiQ29uZGl0aW9uIjp7IkRhdGVMZXNzVGhhbiI6eyJFcG9jaFRpbWUiOjE3ODc4MjQyMzN9fX1dfQ__&Signature=MEYCIQDR24OCSLZsvEKEq0%7EuAQwY7IqJ6n9PfLqjrAoKjzUjIQIhAKCcRkuwBmjQvOBe0Maar23oS7wZW5YMQYhvmw1uNLeU&Key-Pair-Id=01KXEF4KZ1B6FV465MAWR4M21F
[#8b2ec5 9.6GiB/27GiB(35%) CN:10 DL:2.6MiB ETA:1h53m39s]
[#8b2ec5 9.6GiB/27GiB(35%) CN:10 DL:2.0MiB ETA:2h26m46s]
[#8b2ec5 9.6GiB/27GiB(35%) CN:10 DL:1.6MiB ETA:3h39s]
[#8b2ec5 9.6GiB/27GiB(35%) CN:10 DL:1.1MiB ETA:4h27m32s]
[#8b2ec5 9.6GiB/27GiB(35%) CN:10 DL:1.0MiB ETA:4h50m35s]
[#8b2ec5 9.6GiB/27GiB(35%) CN:10 DL:2.0MiB ETA:2h28m20s]
[#8b2ec5 9.6GiB/27GiB(35%) CN:10 DL:2.6MiB ETA:1h54m48s]
[#8b2ec5 9.6GiB/27GiB(35%) CN:10 DL:3.3MiB ETA:1h29m22s]
[#8b2ec5 9.6GiB/27GiB(35%) CN:10 DL:4.6MiB ETA:1h4m54s]
[#8b2ec5 9.6GiB/27GiB(35%) CN:10 DL:5.7MiB ETA:52m]
[#8b2ec5 9.6GiB/27GiB(35%) CN:10 DL:6.6MiB ETA:45m1s]
[#8b2ec5 9.6GiB/27GiB(35%) CN:10 DL:7.1MiB ETA:42m1s]
[#8b2ec5 9.7GiB/27GiB(35%) CN:10 DL:7.6MiB ETA:38m52s]
[#8b2ec5 9.7GiB/27GiB(35%) CN:10 DL:8.3MiB ETA:35m49s]
[#8b2ec5 9.7GiB/27GiB(35%) CN:10 DL:8.1MiB ETA:36m44s]
[#8b2ec5 9.7GiB/27GiB(35%) CN:10 DL:8.3MiB ETA:35m54s]
[#8b2ec5 9.7GiB/27GiB(35%) CN:10 DL:8.0MiB ETA:36m56s]
[#8b2ec5 9.7GiB/27GiB(35%) CN:10 DL:7.7MiB ETA:38m28s]
 *** Download Progress Summary as of Thu Aug 27 16:50:53 2026 *** 
===============================================================================
[#8b2ec5 9.7GiB/27GiB(35%) CN:10 DL:7.1MiB ETA:41m40s]
FILE: /Users/wilsonxu/Models/ornith-256k/llamacpp/models/Ornith-1.5-35B-Q6_K.gguf
-------------------------------------------------------------------------------

[#8b2ec5 9.7GiB/27GiB(35%) CN:10 DL:7.1MiB ETA:41m40s]
[#8b2ec5 9.7GiB/27GiB(35%) CN:10 DL:6.8MiB ETA:43m9s]
[#8b2ec5 9.7GiB/27GiB(35%) CN:10 DL:7.3MiB ETA:40m45s]
[#8b2ec5 9.7GiB/27GiB(35%) CN:10 DL:7.2MiB ETA:41m11s]
[#8b2ec5 9.7GiB/27GiB(35%) CN:10 DL:7.2MiB ETA:40m43s]
[#8b2ec5 9.7GiB/27GiB(35%) CN:10 DL:7.2MiB ETA:41m15s]

08/27 16:50:59 [[1;32mNOTICE[0m] CUID#22 - Redirecting to https://us.aws.cdn.hf.co/xet-bridge-us/6a83fdf1993fbb53ef83dbb1/c5e4bd4e5aead56c29af62fb4180f69b77a2f64cced4d117987bfbfb64860be4?user_id=public&X-Xet-Cas-Uid=public&response-content-disposition=inline%3B+filename*%3DUTF-8%27%27Ornith-1.5-35B-Q6_K.gguf%3B+filename%3D%22Ornith-1.5-35B-Q6_K.gguf%22%3B&Expires=1787824259&Policy=eyJTdGF0ZW1lbnQiOlt7IlJlc291cmNlIjoiaHR0cHM6Ly91cy5hd3MuY2RuLmhmLmNvL3hldC1icmlkZ2UtdXMvNmE4M2ZkZjE5OTNmYmI1M2VmODNkYmIxL2M1ZTRiZDRlNWFlYWQ1NmMyOWFmNjJmYjQxODBmNjliNzdhMmY2NGNjZWQ0ZDExNzk4N2JmYmZiNjQ4NjBiZTRcXD91c2VyX2lkPXB1YmxpYyZYLVhldC1DYXMtVWlkPXB1YmxpYyZyZXNwb25zZS1jb250ZW50LWRpc3Bvc2l0aW9uPWlubGluZSUzQitmaWxlbmFtZSUyQSUzRFVURi04JTI3JTI3T3JuaXRoLTEuNS0zNUItUTZfSy5nZ3VmJTNCK2ZpbGVuYW1lJTNEJTIyT3JuaXRoLTEuNS0zNUItUTZfSy5nZ3VmJTIyJTNCIiwiQ29uZGl0aW9uIjp7IkRhdGVMZXNzVGhhbiI6eyJFcG9jaFRpbWUiOjE3ODc4MjQyNTl9fX1dfQ__&Signature=MEUCIDMspy-KQbArsY4MKEYdop-lfRhO0oiy9%7ETbB%7EvP2-vPAiEAy2In-6J4hvLVO0VplrsAhQZuJPU1hwXfigZqj9fg5zg_&Key-Pair-Id=01KXEF4KZ1B6FV465MAWR4M21F
[#8b2ec5 9.7GiB/27GiB(36%) CN:10 DL:6.8MiB ETA:43m21s]
[#8b2ec5 9.8GiB/27GiB(36%) CN:10 DL:6.9MiB ETA:42m32s]
[#8b2ec5 9.8GiB/27GiB(36%) CN:10 DL:6.8MiB ETA:43m39s]
[#8b2ec5 9.8GiB/27GiB(36%) CN:10 DL:6.9MiB ETA:42m37s]
[#8b2ec5 9.8GiB/27GiB(36%) CN:10 DL:7.0MiB ETA:42m3s]
[#8b2ec5 9.8GiB/27GiB(36%) CN:10 DL:6.8MiB ETA:43m22s]
[#8b2ec5 9.8GiB/27GiB(36%) CN:10 DL:7.0MiB ETA:42m11s]

08/27 16:51:06 [[1;32mNOTICE[0m] CUID#13 - Redirecting to https://us.aws.cdn.hf.co/xet-bridge-us/6a83fdf1993fbb53ef83dbb1/c5e4bd4e5aead56c29af62fb4180f69b77a2f64cced4d117987bfbfb64860be4?response-content-disposition=inline%3B+filename*%3DUTF-8%27%27Ornith-1.5-35B-Q6_K.gguf%3B+filename%3D%22Ornith-1.5-35B-Q6_K.gguf%22%3B&user_id=public&X-Xet-Cas-Uid=public&Expires=1787824266&Policy=eyJTdGF0ZW1lbnQiOlt7IlJlc291cmNlIjoiaHR0cHM6Ly91cy5hd3MuY2RuLmhmLmNvL3hldC1icmlkZ2UtdXMvNmE4M2ZkZjE5OTNmYmI1M2VmODNkYmIxL2M1ZTRiZDRlNWFlYWQ1NmMyOWFmNjJmYjQxODBmNjliNzdhMmY2NGNjZWQ0ZDExNzk4N2JmYmZiNjQ4NjBiZTRcXD9yZXNwb25zZS1jb250ZW50LWRpc3Bvc2l0aW9uPWlubGluZSUzQitmaWxlbmFtZSUyQSUzRFVURi04JTI3JTI3T3JuaXRoLTEuNS0zNUItUTZfSy5nZ3VmJTNCK2ZpbGVuYW1lJTNEJTIyT3JuaXRoLTEuNS0zNUItUTZfSy5nZ3VmJTIyJTNCJnVzZXJfaWQ9cHVibGljJlgtWGV0LUNhcy1VaWQ9cHVibGljIiwiQ29uZGl0aW9uIjp7IkRhdGVMZXNzVGhhbiI6eyJFcG9jaFRpbWUiOjE3ODc4MjQyNjZ9fX1dfQ__&Signature=MEUCIEKmtWRB6x8n2VkUXtR8sLCN5ike-EBaZ6JzUNcotp7KAiEA3maIWEQDmVbQ8e7D4jRGaMsTL5WGwavHwOLCII0Jo68_&Key-Pair-Id=01KXEF4KZ1B6FV465MAWR4M21F
[#8b2ec5 9.8GiB/27GiB(36%) CN:10 DL:7.1MiB ETA:41m12s]
[#8b2ec5 9.8GiB/27GiB(36%) CN:10 DL:7.3MiB ETA:40m16s]
[#8b2ec5 9.8GiB/27GiB(36%) CN:10 DL:7.9MiB ETA:37m25s]
[#8b2ec5 9.8GiB/27GiB(36%) CN:10 DL:8.0MiB ETA:36m51s]
[#8b2ec5 9.8GiB/27GiB(36%) CN:10 DL:8.5MiB ETA:34m41s]
[#8b2ec5 9.8GiB/27GiB(36%) CN:10 DL:8.5MiB ETA:34m41s]
[#8b2ec5 9.9GiB/27GiB(36%) CN:10 DL:8.9MiB ETA:32m54s]

08/27 16:51:13 [[1;32mNOTICE[0m] CUID#23 - Redirecting to https://us.aws.cdn.hf.co/xet-bridge-us/6a83fdf1993fbb53ef83dbb1/c5e4bd4e5aead56c29af62fb4180f69b77a2f64cced4d117987bfbfb64860be4?user_id=public&response-content-disposition=inline%3B+filename*%3DUTF-8%27%27Ornith-1.5-35B-Q6_K.gguf%3B+filename%3D%22Ornith-1.5-35B-Q6_K.gguf%22%3B&X-Xet-Cas-Uid=public&Expires=1787824273&Policy=eyJTdGF0ZW1lbnQiOlt7IlJlc291cmNlIjoiaHR0cHM6Ly91cy5hd3MuY2RuLmhmLmNvL3hldC1icmlkZ2UtdXMvNmE4M2ZkZjE5OTNmYmI1M2VmODNkYmIxL2M1ZTRiZDRlNWFlYWQ1NmMyOWFmNjJmYjQxODBmNjliNzdhMmY2NGNjZWQ0ZDExNzk4N2JmYmZiNjQ4NjBiZTRcXD91c2VyX2lkPXB1YmxpYyZyZXNwb25zZS1jb250ZW50LWRpc3Bvc2l0aW9uPWlubGluZSUzQitmaWxlbmFtZSUyQSUzRFVURi04JTI3JTI3T3JuaXRoLTEuNS0zNUItUTZfSy5nZ3VmJTNCK2ZpbGVuYW1lJTNEJTIyT3JuaXRoLTEuNS0zNUItUTZfSy5nZ3VmJTIyJTNCJlgtWGV0LUNhcy1VaWQ9cHVibGljIiwiQ29uZGl0aW9uIjp7IkRhdGVMZXNzVGhhbiI6eyJFcG9jaFRpbWUiOjE3ODc4MjQyNzN9fX1dfQ__&Signature=MEYCIQC6IQ7no7a0h1AQKo628LRUqIgizbbxtePPo34GgxNPhAIhAMrADHnnRz7YZhFAMuLAWQB%7Ev%7EPnOWnUd7LjzP46W-eH&Key-Pair-Id=01KXEF4KZ1B6FV465MAWR4M21F
[#8b2ec5 9.9GiB/27GiB(36%) CN:10 DL:9.2MiB ETA:32m2s]
[#8b2ec5 9.9GiB/27GiB(36%) CN:10 DL:9.5MiB ETA:31m]
[#8b2ec5 9.9GiB/27GiB(36%) CN:10 DL:9.1MiB ETA:32m20s]
[#8b2ec5 9.9GiB/27GiB(36%) CN:10 DL:9.3MiB ETA:31m35s]
[#8b2ec5 9.9GiB/27GiB(36%) CN:10 DL:9.4MiB ETA:31m1s]
[#8b2ec5 9.9GiB/27GiB(36%) CN:10 DL:9.5MiB ETA:30m48s]
[#8b2ec5 9.9GiB/27GiB(36%) CN:10 DL:9.6MiB ETA:30m22s]

08/27 16:51:21 [[1;32mNOTICE[0m] CUID#20 - Redirecting to https://us.aws.cdn.hf.co/xet-bridge-us/6a83fdf1993fbb53ef83dbb1/c5e4bd4e5aead56c29af62fb4180f69b77a2f64cced4d117987bfbfb64860be4?response-content-disposition=inline%3B+filename*%3DUTF-8%27%27Ornith-1.5-35B-Q6_K.gguf%3B+filename%3D%22Ornith-1.5-35B-Q6_K.gguf%22%3B&user_id=public&X-Xet-Cas-Uid=public&Expires=1787824280&Policy=eyJTdGF0ZW1lbnQiOlt7IlJlc291cmNlIjoiaHR0cHM6Ly91cy5hd3MuY2RuLmhmLmNvL3hldC1icmlkZ2UtdXMvNmE4M2ZkZjE5OTNmYmI1M2VmODNkYmIxL2M1ZTRiZDRlNWFlYWQ1NmMyOWFmNjJmYjQxODBmNjliNzdhMmY2NGNjZWQ0ZDExNzk4N2JmYmZiNjQ4NjBiZTRcXD9yZXNwb25zZS1jb250ZW50LWRpc3Bvc2l0aW9uPWlubGluZSUzQitmaWxlbmFtZSUyQSUzRFVURi04JTI3JTI3T3JuaXRoLTEuNS0zNUItUTZfSy5nZ3VmJTNCK2ZpbGVuYW1lJTNEJTIyT3JuaXRoLTEuNS0zNUItUTZfSy5nZ3VmJTIyJTNCJnVzZXJfaWQ9cHVibGljJlgtWGV0LUNhcy1VaWQ9cHVibGljIiwiQ29uZGl0aW9uIjp7IkRhdGVMZXNzVGhhbiI6eyJFcG9jaFRpbWUiOjE3ODc4MjQyODB9fX1dfQ__&Signature=MEUCIEyOVS007ZfAOIluleO6LiZx11d2zRogjl0ySEdn3x%7ExAiEAr0zyzmaCplHwoEwMnr9SwB2ETIVNXEFbyGXAooXAM-c_&Key-Pair-Id=01KXEF4KZ1B6FV465MAWR4M21F
[#8b2ec5 9.9GiB/27GiB(36%) CN:10 DL:10MiB ETA:28m43s]
[#8b2ec5 9.9GiB/27GiB(36%) CN:10 DL:10MiB ETA:28m41s]
[#8b2ec5 10GiB/27GiB(36%) CN:10 DL:10MiB ETA:27m47s]
[#8b2ec5 10GiB/27GiB(36%) CN:10 DL:10MiB ETA:27m1s]
[#8b2ec5 10GiB/27GiB(36%) CN:10 DL:11MiB ETA:26m11s]
[#8b2ec5 10GiB/27GiB(36%) CN:10 DL:11MiB ETA:26m18s]
[#8b2ec5 10GiB/27GiB(36%) CN:10 DL:11MiB ETA:25m38s]

08/27 16:51:28 [[1;32mNOTICE[0m] CUID#19 - Redirecting to https://us.aws.cdn.hf.co/xet-bridge-us/6a83fdf1993fbb53ef83dbb1/c5e4bd4e5aead56c29af62fb4180f69b77a2f64cced4d117987bfbfb64860be4?response-content-disposition=inline%3B+filename*%3DUTF-8%27%27Ornith-1.5-35B-Q6_K.gguf%3B+filename%3D%22Ornith-1.5-35B-Q6_K.gguf%22%3B&X-Xet-Cas-Uid=public&user_id=public&Expires=1787824288&Policy=eyJTdGF0ZW1lbnQiOlt7IlJlc291cmNlIjoiaHR0cHM6Ly91cy5hd3MuY2RuLmhmLmNvL3hldC1icmlkZ2UtdXMvNmE4M2ZkZjE5OTNmYmI1M2VmODNkYmIxL2M1ZTRiZDRlNWFlYWQ1NmMyOWFmNjJmYjQxODBmNjliNzdhMmY2NGNjZWQ0ZDExNzk4N2JmYmZiNjQ4NjBiZTRcXD9yZXNwb25zZS1jb250ZW50LWRpc3Bvc2l0aW9uPWlubGluZSUzQitmaWxlbmFtZSUyQSUzRFVURi04JTI3JTI3T3JuaXRoLTEuNS0zNUItUTZfSy5nZ3VmJTNCK2ZpbGVuYW1lJTNEJTIyT3JuaXRoLTEuNS0zNUItUTZfSy5nZ3VmJTIyJTNCJlgtWGV0LUNhcy1VaWQ9cHVibGljJnVzZXJfaWQ9cHVibGljIiwiQ29uZGl0aW9uIjp7IkRhdGVMZXNzVGhhbiI6eyJFcG9jaFRpbWUiOjE3ODc4MjQyODh9fX1dfQ__&Signature=MEUCIQC9Yu2rJmp-GqCR4w3mFi4g9ug1Q97Bo7Zfnow51FpVgAIgChbsUSSG-ejKIXD59z9zCRdXGM4C5B4ULfP34%7EDSQTs_&Key-Pair-Id=01KXEF4KZ1B6FV465MAWR4M21F
[#8b2ec5 10GiB/27GiB(37%) CN:10 DL:11MiB ETA:24m57s]
[#8b2ec5 10GiB/27GiB(37%) CN:10 DL:11MiB ETA:25m2s]
[#8b2ec5 10GiB/27GiB(37%) CN:10 DL:11MiB ETA:24m27s]

08/27 16:51:31 [[1;32mNOTICE[0m] CUID#21 - Redirecting to https://us.aws.cdn.hf.co/xet-bridge-us/6a83fdf1993fbb53ef83dbb1/c5e4bd4e5aead56c29af62fb4180f69b77a2f64cced4d117987bfbfb64860be4?response-content-disposition=inline%3B+filename*%3DUTF-8%27%27Ornith-1.5-35B-Q6_K.gguf%3B+filename%3D%22Ornith-1.5-35B-Q6_K.gguf%22%3B&X-Xet-Cas-Uid=public&user_id=public&Expires=1787824291&Policy=eyJTdGF0ZW1lbnQiOlt7IlJlc291cmNlIjoiaHR0cHM6Ly91cy5hd3MuY2RuLmhmLmNvL3hldC1icmlkZ2UtdXMvNmE4M2ZkZjE5OTNmYmI1M2VmODNkYmIxL2M1ZTRiZDRlNWFlYWQ1NmMyOWFmNjJmYjQxODBmNjliNzdhMmY2NGNjZWQ0ZDExNzk4N2JmYmZiNjQ4NjBiZTRcXD9yZXNwb25zZS1jb250ZW50LWRpc3Bvc2l0aW9uPWlubGluZSUzQitmaWxlbmFtZSUyQSUzRFVURi04JTI3JTI3T3JuaXRoLTEuNS0zNUItUTZfSy5nZ3VmJTNCK2ZpbGVuYW1lJTNEJTIyT3JuaXRoLTEuNS0zNUItUTZfSy5nZ3VmJTIyJTNCJlgtWGV0LUNhcy1VaWQ9cHVibGljJnVzZXJfaWQ9cHVibGljIiwiQ29uZGl0aW9uIjp7IkRhdGVMZXNzVGhhbiI6eyJFcG9jaFRpbWUiOjE3ODc4MjQyOTF9fX1dfQ__&Signature=MEQCIBB%7Et-1InNyMPKumFeZXT5%7EYRfqcXS80WvfqdRi9vj4PAiA7fHD4BS0LRTnnlKXrokjLZC7ABqN6ys22vcMLTIYXpA__&Key-Pair-Id=01KXEF4KZ1B6FV465MAWR4M21F
[#8b2ec5 10GiB/27GiB(37%) CN:10 DL:11MiB ETA:24m32s]
[#8b2ec5 10GiB/27GiB(37%) CN:10 DL:11MiB ETA:24m53s]
[#8b2ec5 10GiB/27GiB(37%) CN:10 DL:11MiB ETA:24m41s]
[#8b2ec5 10GiB/27GiB(37%) CN:10 DL:12MiB ETA:23m54s]
[#8b2ec5 10GiB/27GiB(37%) CN:10 DL:12MiB ETA:23m29s]
[#8b2ec5 10GiB/27GiB(37%) CN:10 DL:12MiB ETA:23m56s]
[#8b2ec5 10GiB/27GiB(37%) CN:10 DL:12MiB ETA:23m31s]
[#8b2ec5 10GiB/27GiB(37%) CN:10 DL:12MiB ETA:23m1s]
[#8b2ec5 10GiB/27GiB(37%) CN:10 DL:12MiB ETA:22m57s]
[#8b2ec5 10GiB/27GiB(37%) CN:10 DL:12MiB ETA:22m26s]
[#8b2ec5 10GiB/27GiB(37%) CN:10 DL:13MiB ETA:21m13s]
[#8b2ec5 10GiB/27GiB(37%) CN:10 DL:12MiB ETA:22m25s]
[#8b2ec5 10GiB/27GiB(37%) CN:10 DL:13MiB ETA:22m1s]
[#8b2ec5 10GiB/27GiB(37%) CN:10 DL:13MiB ETA:21m58s]
[#8b2ec5 10GiB/27GiB(37%) CN:10 DL:13MiB ETA:21m29s]
[#8b2ec5 10GiB/27GiB(37%) CN:10 DL:12MiB ETA:22m16s]
[#8b2ec5 10GiB/27GiB(37%) CN:10 DL:12MiB ETA:22m21s]
[#8b2ec5 10GiB/27GiB(37%) CN:10 DL:12MiB ETA:23m]
[#8b2ec5 10GiB/27GiB(38%) CN:10 DL:12MiB ETA:22m55s]
[#8b2ec5 10GiB/27GiB(38%) CN:10 DL:12MiB ETA:23m53s]
[#8b2ec5 10GiB/27GiB(38%) CN:10 DL:12MiB ETA:22m15s]
 *** Download Progress Summary as of Thu Aug 27 16:51:54 2026 *** 
===============================================================================
[#8b2ec5 10GiB/27GiB(38%) CN:10 DL:12MiB ETA:23m35s]
FILE: /Users/wilsonxu/Models/ornith-256k/llamacpp/models/Ornith-1.5-35B-Q6_K.gguf
-------------------------------------------------------------------------------

[#8b2ec5 10GiB/27GiB(38%) CN:10 DL:12MiB ETA:23m35s]
[#8b2ec5 10GiB/27GiB(38%) CN:10 DL:11MiB ETA:24m12s]
[#8b2ec5 10GiB/27GiB(38%) CN:10 DL:11MiB ETA:24m57s]
[#8b2ec5 10GiB/27GiB(38%) CN:10 DL:11MiB ETA:24m10s]
[#8b2ec5 10GiB/27GiB(38%) CN:10 DL:11MiB ETA:24m58s]
[#8b2ec5 10GiB/27GiB(38%) CN:10 DL:11MiB ETA:25m44s]
[#8b2ec5 10GiB/27GiB(38%) CN:10 DL:11MiB ETA:25m18s]
[#8b2ec5 10GiB/27GiB(38%) CN:10 DL:10MiB ETA:26m18s]
[#8b2ec5 10GiB/27GiB(38%) CN:10 DL:10MiB ETA:27m15s]
[#8b2ec5 10GiB/27GiB(38%) CN:10 DL:10MiB ETA:26m55s]
[#8b2ec5 10GiB/27GiB(38%) CN:10 DL:10MiB ETA:26m54s]
[#8b2ec5 10GiB/27GiB(38%) CN:10 DL:10MiB ETA:26m47s]
[#8b2ec5 10GiB/27GiB(38%) CN:10 DL:10MiB ETA:27m36s]
[#8b2ec5 10GiB/27GiB(38%) CN:10 DL:10MiB ETA:27m10s]
[#8b2ec5 10GiB/27GiB(38%) CN:10 DL:10MiB ETA:26m5s]
[#8b2ec5 10GiB/27GiB(38%) CN:10 DL:10MiB ETA:27m51s]
[#8b2ec5 10GiB/27GiB(38%) CN:10 DL:10MiB ETA:27m35s]
[#8b2ec5 10GiB/27GiB(38%) CN:10 DL:10MiB ETA:27m19s]
[#8b2ec5 10GiB/27GiB(38%) CN:10 DL:10MiB ETA:27m31s]
[#8b2ec5 10GiB/27GiB(38%) CN:10 DL:10MiB ETA:27m6s]
[#8b2ec5 10GiB/27GiB(38%) CN:10 DL:10MiB ETA:27m5s]
[#8b2ec5 10GiB/27GiB(38%) CN:10 DL:10MiB ETA:27m41s]
[#8b2ec5 10GiB/27GiB(39%) CN:10 DL:10MiB ETA:27m11s]
[#8b2ec5 10GiB/27GiB(39%) CN:10 DL:10MiB ETA:27m46s]
[#8b2ec5 10GiB/27GiB(39%) CN:10 DL:10MiB ETA:28m3s]
[#8b2ec5 10GiB/27GiB(39%) CN:10 DL:9.8MiB ETA:28m41s]
[#8b2ec5 10GiB/27GiB(39%) CN:10 DL:10MiB ETA:27m46s]
[#8b2ec5 10GiB/27GiB(39%) CN:10 DL:10MiB ETA:27m25s]
[#8b2ec5 10GiB/27GiB(39%) CN:10 DL:10MiB ETA:27m24s]
[#8b2ec5 10GiB/27GiB(39%) CN:10 DL:10MiB ETA:28m4s]
[#8b2ec5 10GiB/27GiB(39%) CN:10 DL:10MiB ETA:27m4s]
[#8b2ec5 10GiB/27GiB(39%) CN:10 DL:9.9MiB ETA:28m20s]
[#8b2ec5 10GiB/27GiB(39%) CN:10 DL:10MiB ETA:27m42s]
[#8b2ec5 10GiB/27GiB(39%) CN:10 DL:10MiB ETA:26m14s]
[#8b2ec5 10GiB/27GiB(39%) CN:10 DL:10MiB ETA:26m5s]
[#8b2ec5 10GiB/27GiB(39%) CN:10 DL:10MiB ETA:27m41s]
[#8b2ec5 10GiB/27GiB(39%) CN:10 DL:10MiB ETA:27m40s]
[#8b2ec5 10GiB/27GiB(39%) CN:10 DL:10MiB ETA:27m47s]
[#8b2ec5 10GiB/27GiB(39%) CN:10 DL:10MiB ETA:27m5s]
[#8b2ec5 10GiB/27GiB(39%) CN:10 DL:10MiB ETA:27m20s]
[#8b2ec5 10GiB/27GiB(39%) CN:10 DL:10MiB ETA:27m12s]
[#8b2ec5 10GiB/27GiB(39%) CN:10 DL:10MiB ETA:27m52s]
[#8b2ec5 10GiB/27GiB(39%) CN:10 DL:9.6MiB ETA:28m54s]
[#8b2ec5 10GiB/27GiB(39%) CN:10 DL:9.8MiB ETA:28m23s]
[#8b2ec5 10GiB/27GiB(39%) CN:10 DL:9.7MiB ETA:28m40s]
[#8b2ec5 10GiB/27GiB(39%) CN:10 DL:9.3MiB ETA:29m47s]
[#8b2ec5 10GiB/27GiB(39%) CN:10 DL:9.3MiB ETA:29m45s]
[#8b2ec5 10GiB/27GiB(39%) CN:10 DL:9.1MiB ETA:30m33s]
[#8b2ec5 10GiB/27GiB(39%) CN:10 DL:9.1MiB ETA:30m31s]
[#8b2ec5 10GiB/27GiB(40%) CN:10 DL:9.2MiB ETA:30m12s]
[#8b2ec5 10GiB/27GiB(40%) CN:10 DL:9.0MiB ETA:30m37s]
[#8b2ec5 10GiB/27GiB(40%) CN:10 DL:8.8MiB ETA:31m21s]
[#8b2ec5 10GiB/27GiB(40%) CN:10 DL:8.8MiB ETA:31m27s]
[#8b2ec5 10GiB/27GiB(40%) CN:10 DL:9.1MiB ETA:30m21s]
[#8b2ec5 10GiB/27GiB(40%) CN:10 DL:9.0MiB ETA:30m50s]
[#8b2ec5 10GiB/27GiB(40%) CN:10 DL:8.8MiB ETA:31m22s]
[#8b2ec5 10GiB/27GiB(40%) CN:10 DL:9.0MiB ETA:30m28s]
[#8b2ec5 10GiB/27GiB(40%) CN:10 DL:8.9MiB ETA:31m6s]
 *** Download Progress Summary as of Thu Aug 27 16:52:55 2026 *** 
===============================================================================
[#8b2ec5 10GiB/27GiB(40%) CN:10 DL:8.7MiB ETA:31m30s]
FILE: /Users/wilsonxu/Models/ornith-256k/llamacpp/models/Ornith-1.5-35B-Q6_K.gguf
-------------------------------------------------------------------------------

[#8b2ec5 10GiB/27GiB(40%) CN:10 DL:8.7MiB ETA:31m30s]
[#8b2ec5 10GiB/27GiB(40%) CN:10 DL:8.9MiB ETA:30m52s]
[#8b2ec5 10GiB/27GiB(40%) CN:10 DL:8.9MiB ETA:31m1s]
[#8b2ec5 10GiB/27GiB(40%) CN:10 DL:8.7MiB ETA:31m36s]
[#8b2ec5 11GiB/27GiB(40%) CN:10 DL:8.5MiB ETA:32m10s]
[#8b2ec5 11GiB/27GiB(40%) CN:10 DL:8.7MiB ETA:31m36s]
[#8b2ec5 11GiB/27GiB(40%) CN:10 DL:8.4MiB ETA:32m41s]
[#8b2ec5 11GiB/27GiB(40%) CN:10 DL:8.0MiB ETA:34m18s]
[#8b2ec5 11GiB/27GiB(40%) CN:10 DL:7.8MiB ETA:35m4s]
[#8b2ec5 11GiB/27GiB(40%) CN:10 DL:7.8MiB ETA:35m5s]
[#8b2ec5 11GiB/27GiB(40%) CN:10 DL:7.8MiB ETA:35m2s]
[#8b2ec5 11GiB/27GiB(40%) CN:10 DL:7.8MiB ETA:35m11s]
[#8b2ec5 11GiB/27GiB(40%) CN:10 DL:7.8MiB ETA:35m12s]
[#8b2ec5 11GiB/27GiB(40%) CN:10 DL:7.7MiB ETA:35m42s]
[#8b2ec5 11GiB/27GiB(40%) CN:10 DL:7.8MiB ETA:35m5s]
[#8b2ec5 11GiB/27GiB(40%) CN:10 DL:7.9MiB ETA:34m35s]
[#8b2ec5 11GiB/27GiB(40%) CN:10 DL:8.1MiB ETA:33m44s]
[#8b2ec5 11GiB/27GiB(40%) CN:10 DL:8.3MiB ETA:32m53s]
[#8b2ec5 11GiB/27GiB(40%) CN:10 DL:8.1MiB ETA:33m40s]
[#8b2ec5 11GiB/27GiB(40%) CN:10 DL:7.9MiB ETA:34m40s]
[#8b2ec5 11GiB/27GiB(40%) CN:10 DL:8.1MiB ETA:33m46s]
[#8b2ec5 11GiB/27GiB(40%) CN:10 DL:8.3MiB ETA:32m40s]
[#8b2ec5 11GiB/27GiB(40%) CN:10 DL:8.3MiB ETA:32m51s]
[#8b2ec5 11GiB/27GiB(41%) CN:10 DL:8.2MiB ETA:33m22s]
[#8b2ec5 11GiB/27GiB(41%) CN:10 DL:8.3MiB ETA:32m46s]
[#8b2ec5 11GiB/27GiB(41%) CN:10 DL:8.3MiB ETA:32m55s]
[#8b2ec5 11GiB/27GiB(41%) CN:10 DL:8.1MiB ETA:33m42s]
[#8b2ec5 11GiB/27GiB(41%) CN:10 DL:7.9MiB ETA:34m10s]
[#8b2ec5 11GiB/27GiB(41%) CN:10 DL:7.8MiB ETA:34m51s]
[#8b2ec5 11GiB/27GiB(41%) CN:10 DL:7.5MiB ETA:36m24s]
[#8b2ec5 11GiB/27GiB(41%) CN:10 DL:7.1MiB ETA:38m17s]
[#8b2ec5 11GiB/27GiB(41%) CN:10 DL:6.9MiB ETA:39m26s]

08/27 16:53:28 [[1;31mERROR[0m] CUID#9 - Download aborted. URI=https://huggingface.co/ornith-ai/Ornith-1.5-35B-A3B-GGUF/resolve/main/Ornith-1.5-35B-Q6_K.gguf
Exception: [AbstractCommand.cc:351] errorCode=1 URI=https://huggingface.co/ornith-ai/Ornith-1.5-35B-A3B-GGUF/resolve/main/Ornith-1.5-35B-Q6_K.gguf
  -> [SocketCore.cc:1022] errorCode=1 SSL/TLS handshake failure: Connection aborted
[#8b2ec5 11GiB/27GiB(41%) CN:9 DL:6.8MiB ETA:40m4s]
[#8b2ec5 11GiB/27GiB(41%) CN:9 DL:6.1MiB ETA:43m59s]
[#8b2ec5 11GiB/27GiB(41%) CN:9 DL:5.5MiB ETA:49m26s]

08/27 16:53:31 [[1;32mNOTICE[0m] CUID#23 - Redirecting to https://us.aws.cdn.hf.co/xet-bridge-us/6a83fdf1993fbb53ef83dbb1/c5e4bd4e5aead56c29af62fb4180f69b77a2f64cced4d117987bfbfb64860be4?X-Xet-Cas-Uid=public&response-content-disposition=inline%3B+filename*%3DUTF-8%27%27Ornith-1.5-35B-Q6_K.gguf%3B+filename%3D%22Ornith-1.5-35B-Q6_K.gguf%22%3B&user_id=public&Expires=1787824410&Policy=eyJTdGF0ZW1lbnQiOlt7IlJlc291cmNlIjoiaHR0cHM6Ly91cy5hd3MuY2RuLmhmLmNvL3hldC1icmlkZ2UtdXMvNmE4M2ZkZjE5OTNmYmI1M2VmODNkYmIxL2M1ZTRiZDRlNWFlYWQ1NmMyOWFmNjJmYjQxODBmNjliNzdhMmY2NGNjZWQ0ZDExNzk4N2JmYmZiNjQ4NjBiZTRcXD9YLVhldC1DYXMtVWlkPXB1YmxpYyZyZXNwb25zZS1jb250ZW50LWRpc3Bvc2l0aW9uPWlubGluZSUzQitmaWxlbmFtZSUyQSUzRFVURi04JTI3JTI3T3JuaXRoLTEuNS0zNUItUTZfSy5nZ3VmJTNCK2ZpbGVuYW1lJTNEJTIyT3JuaXRoLTEuNS0zNUItUTZfSy5nZ3VmJTIyJTNCJnVzZXJfaWQ9cHVibGljIiwiQ29uZGl0aW9uIjp7IkRhdGVMZXNzVGhhbiI6eyJFcG9jaFRpbWUiOjE3ODc4MjQ0MTB9fX1dfQ__&Signature=MEUCIEurSe3EblTogwxLnlzrDfIcvj-2k0jZWy6s3RnIWG72AiEAnomGB9Zd-69mA-WhgXNCYrrcio7rWJzm3R4mMb3TqxY_&Key-Pair-Id=01KXEF4KZ1B6FV465MAWR4M21F

08/27 16:53:31 [[1;32mNOTICE[0m] CUID#17 - Redirecting to https://us.aws.cdn.hf.co/xet-bridge-us/6a83fdf1993fbb53ef83dbb1/c5e4bd4e5aead56c29af62fb4180f69b77a2f64cced4d117987bfbfb64860be4?response-content-disposition=inline%3B+filename*%3DUTF-8%27%27Ornith-1.5-35B-Q6_K.gguf%3B+filename%3D%22Ornith-1.5-35B-Q6_K.gguf%22%3B&user_id=public&X-Xet-Cas-Uid=public&Expires=1787824411&Policy=eyJTdGF0ZW1lbnQiOlt7IlJlc291cmNlIjoiaHR0cHM6Ly91cy5hd3MuY2RuLmhmLmNvL3hldC1icmlkZ2UtdXMvNmE4M2ZkZjE5OTNmYmI1M2VmODNkYmIxL2M1ZTRiZDRlNWFlYWQ1NmMyOWFmNjJmYjQxODBmNjliNzdhMmY2NGNjZWQ0ZDExNzk4N2JmYmZiNjQ4NjBiZTRcXD9yZXNwb25zZS1jb250ZW50LWRpc3Bvc2l0aW9uPWlubGluZSUzQitmaWxlbmFtZSUyQSUzRFVURi04JTI3JTI3T3JuaXRoLTEuNS0zNUItUTZfSy5nZ3VmJTNCK2ZpbGVuYW1lJTNEJTIyT3JuaXRoLTEuNS0zNUItUTZfSy5nZ3VmJTIyJTNCJnVzZXJfaWQ9cHVibGljJlgtWGV0LUNhcy1VaWQ9cHVibGljIiwiQ29uZGl0aW9uIjp7IkRhdGVMZXNzVGhhbiI6eyJFcG9jaFRpbWUiOjE3ODc4MjQ0MTF9fX1dfQ__&Signature=MEQCIGipZj2jSE1PjSW1NIkyjp6HDrwgdgPnP%7E4eulT3XZhGAiB0WyheH8GcDQsa7zI5rEkt7-Fj-xUMTvaMgJrrurh1GA__&Key-Pair-Id=01KXEF4KZ1B6FV465MAWR4M21F
[#8b2ec5 11GiB/27GiB(41%) CN:9 DL:4.9MiB ETA:55m4s]
[#8b2ec5 11GiB/27GiB(41%) CN:9 DL:4.3MiB ETA:1h2m17s]

08/27 16:53:32 [[1;32mNOTICE[0m] CUID#22 - Redirecting to https://us.aws.cdn.hf.co/xet-bridge-us/6a83fdf1993fbb53ef83dbb1/c5e4bd4e5aead56c29af62fb4180f69b77a2f64cced4d117987bfbfb64860be4?response-content-disposition=inline%3B+filename*%3DUTF-8%27%27Ornith-1.5-35B-Q6_K.gguf%3B+filename%3D%22Ornith-1.5-35B-Q6_K.gguf%22%3B&user_id=public&X-Xet-Cas-Uid=public&Expires=1787824412&Policy=eyJTdGF0ZW1lbnQiOlt7IlJlc291cmNlIjoiaHR0cHM6Ly91cy5hd3MuY2RuLmhmLmNvL3hldC1icmlkZ2UtdXMvNmE4M2ZkZjE5OTNmYmI1M2VmODNkYmIxL2M1ZTRiZDRlNWFlYWQ1NmMyOWFmNjJmYjQxODBmNjliNzdhMmY2NGNjZWQ0ZDExNzk4N2JmYmZiNjQ4NjBiZTRcXD9yZXNwb25zZS1jb250ZW50LWRpc3Bvc2l0aW9uPWlubGluZSUzQitmaWxlbmFtZSUyQSUzRFVURi04JTI3JTI3T3JuaXRoLTEuNS0zNUItUTZfSy5nZ3VmJTNCK2ZpbGVuYW1lJTNEJTIyT3JuaXRoLTEuNS0zNUItUTZfSy5nZ3VmJTIyJTNCJnVzZXJfaWQ9cHVibGljJlgtWGV0LUNhcy1VaWQ9cHVibGljIiwiQ29uZGl0aW9uIjp7IkRhdGVMZXNzVGhhbiI6eyJFcG9jaFRpbWUiOjE3ODc4MjQ0MTJ9fX1dfQ__&Signature=MEUCIQCG%7EhiX4suEZeSdB-KzZMNmxrHdDPgT9qA0LEoWc0idFQIgai7Fetw%7E3Pg3B8iIbZadGduETC2BVS8N%7Emv7H3PzcAQ_&Key-Pair-Id=01KXEF4KZ1B6FV465MAWR4M21F

08/27 16:53:33 [[1;32mNOTICE[0m] CUID#21 - Redirecting to https://us.aws.cdn.hf.co/xet-bridge-us/6a83fdf1993fbb53ef83dbb1/c5e4bd4e5aead56c29af62fb4180f69b77a2f64cced4d117987bfbfb64860be4?X-Xet-Cas-Uid=public&response-content-disposition=inline%3B+filename*%3DUTF-8%27%27Ornith-1.5-35B-Q6_K.gguf%3B+filename%3D%22Ornith-1.5-35B-Q6_K.gguf%22%3B&user_id=public&Expires=1787824412&Policy=eyJTdGF0ZW1lbnQiOlt7IlJlc291cmNlIjoiaHR0cHM6Ly91cy5hd3MuY2RuLmhmLmNvL3hldC1icmlkZ2UtdXMvNmE4M2ZkZjE5OTNmYmI1M2VmODNkYmIxL2M1ZTRiZDRlNWFlYWQ1NmMyOWFmNjJmYjQxODBmNjliNzdhMmY2NGNjZWQ0ZDExNzk4N2JmYmZiNjQ4NjBiZTRcXD9YLVhldC1DYXMtVWlkPXB1YmxpYyZyZXNwb25zZS1jb250ZW50LWRpc3Bvc2l0aW9uPWlubGluZSUzQitmaWxlbmFtZSUyQSUzRFVURi04JTI3JTI3T3JuaXRoLTEuNS0zNUItUTZfSy5nZ3VmJTNCK2ZpbGVuYW1lJTNEJTIyT3JuaXRoLTEuNS0zNUItUTZfSy5nZ3VmJTIyJTNCJnVzZXJfaWQ9cHVibGljIiwiQ29uZGl0aW9uIjp7IkRhdGVMZXNzVGhhbiI6eyJFcG9jaFRpbWUiOjE3ODc4MjQ0MTJ9fX1dfQ__&Signature=MEYCIQCf6ja%7ElNy0Ds9ssYvs3UyFFabzb7le1Vbu8po5nZyDYAIhAOlqgbo2OTpbydYwvO-yM0PCWdCxFjZevkL7eOZRfxUl&Key-Pair-Id=01KXEF4KZ1B6FV465MAWR4M21F
[#8b2ec5 11GiB/27GiB(41%) CN:9 DL:3.7MiB ETA:1h12m54s]

08/27 16:53:34 [[1;32mNOTICE[0m] CUID#18 - Redirecting to https://us.aws.cdn.hf.co/xet-bridge-us/6a83fdf1993fbb53ef83dbb1/c5e4bd4e5aead56c29af62fb4180f69b77a2f64cced4d117987bfbfb64860be4?response-content-disposition=inline%3B+filename*%3DUTF-8%27%27Ornith-1.5-35B-Q6_K.gguf%3B+filename%3D%22Ornith-1.5-35B-Q6_K.gguf%22%3B&X-Xet-Cas-Uid=public&user_id=public&Expires=1787824411&Policy=eyJTdGF0ZW1lbnQiOlt7IlJlc291cmNlIjoiaHR0cHM6Ly91cy5hd3MuY2RuLmhmLmNvL3hldC1icmlkZ2UtdXMvNmE4M2ZkZjE5OTNmYmI1M2VmODNkYmIxL2M1ZTRiZDRlNWFlYWQ1NmMyOWFmNjJmYjQxODBmNjliNzdhMmY2NGNjZWQ0ZDExNzk4N2JmYmZiNjQ4NjBiZTRcXD9yZXNwb25zZS1jb250ZW50LWRpc3Bvc2l0aW9uPWlubGluZSUzQitmaWxlbmFtZSUyQSUzRFVURi04JTI3JTI3T3JuaXRoLTEuNS0zNUItUTZfSy5nZ3VmJTNCK2ZpbGVuYW1lJTNEJTIyT3JuaXRoLTEuNS0zNUItUTZfSy5nZ3VmJTIyJTNCJlgtWGV0LUNhcy1VaWQ9cHVibGljJnVzZXJfaWQ9cHVibGljIiwiQ29uZGl0aW9uIjp7IkRhdGVMZXNzVGhhbiI6eyJFcG9jaFRpbWUiOjE3ODc4MjQ0MTF9fX1dfQ__&Signature=MEUCIQCYi62siRVghnU17I4Ymc0pNADnjbrhXDOsaMqq8HN3zQIgHsGj8IEw5PQ4etabjkDb6jFr1SIX%7Ecokvvt98U5K0U0_&Key-Pair-Id=01KXEF4KZ1B6FV465MAWR4M21F

08/27 16:53:34 [[1;32mNOTICE[0m] CUID#20 - Redirecting to https://us.aws.cdn.hf.co/xet-bridge-us/6a83fdf1993fbb53ef83dbb1/c5e4bd4e5aead56c29af62fb4180f69b77a2f64cced4d117987bfbfb64860be4?response-content-disposition=inline%3B+filename*%3DUTF-8%27%27Ornith-1.5-35B-Q6_K.gguf%3B+filename%3D%22Ornith-1.5-35B-Q6_K.gguf%22%3B&user_id=public&X-Xet-Cas-Uid=public&Expires=1787824413&Policy=eyJTdGF0ZW1lbnQiOlt7IlJlc291cmNlIjoiaHR0cHM6Ly91cy5hd3MuY2RuLmhmLmNvL3hldC1icmlkZ2UtdXMvNmE4M2ZkZjE5OTNmYmI1M2VmODNkYmIxL2M1ZTRiZDRlNWFlYWQ1NmMyOWFmNjJmYjQxODBmNjliNzdhMmY2NGNjZWQ0ZDExNzk4N2JmYmZiNjQ4NjBiZTRcXD9yZXNwb25zZS1jb250ZW50LWRpc3Bvc2l0aW9uPWlubGluZSUzQitmaWxlbmFtZSUyQSUzRFVURi04JTI3JTI3T3JuaXRoLTEuNS0zNUItUTZfSy5nZ3VmJTNCK2ZpbGVuYW1lJTNEJTIyT3JuaXRoLTEuNS0zNUItUTZfSy5nZ3VmJTIyJTNCJnVzZXJfaWQ9cHVibGljJlgtWGV0LUNhcy1VaWQ9cHVibGljIiwiQ29uZGl0aW9uIjp7IkRhdGVMZXNzVGhhbiI6eyJFcG9jaFRpbWUiOjE3ODc4MjQ0MTN9fX1dfQ__&Signature=MEUCIFW1Sgy%7EYUFNBCi%7EBGgSOSpWuXzDhC0QPWckvMJvWF7xAiEA10rpTgUksK6FSqBz2jbj-AUnO4D8hhTw2qqfwAE%7EVJU_&Key-Pair-Id=01KXEF4KZ1B6FV465MAWR4M21F
[#8b2ec5 11GiB/27GiB(41%) CN:9 DL:3.1MiB ETA:1h26m10s]
[#8b2ec5 11GiB/27GiB(41%) CN:9 DL:2.5MiB ETA:1h45m50s]
[#8b2ec5 11GiB/27GiB(41%) CN:9 DL:2.1MiB ETA:2h9m23s]
[#8b2ec5 11GiB/27GiB(41%) CN:9 DL:1.9MiB ETA:2h17m41s]

08/27 16:53:38 [[1;32mNOTICE[0m] CUID#13 - Redirecting to https://us.aws.cdn.hf.co/xet-bridge-us/6a83fdf1993fbb53ef83dbb1/c5e4bd4e5aead56c29af62fb4180f69b77a2f64cced4d117987bfbfb64860be4?user_id=public&response-content-disposition=inline%3B+filename*%3DUTF-8%27%27Ornith-1.5-35B-Q6_K.gguf%3B+filename%3D%22Ornith-1.5-35B-Q6_K.gguf%22%3B&X-Xet-Cas-Uid=public&Expires=1787824418&Policy=eyJTdGF0ZW1lbnQiOlt7IlJlc291cmNlIjoiaHR0cHM6Ly91cy5hd3MuY2RuLmhmLmNvL3hldC1icmlkZ2UtdXMvNmE4M2ZkZjE5OTNmYmI1M2VmODNkYmIxL2M1ZTRiZDRlNWFlYWQ1NmMyOWFmNjJmYjQxODBmNjliNzdhMmY2NGNjZWQ0ZDExNzk4N2JmYmZiNjQ4NjBiZTRcXD91c2VyX2lkPXB1YmxpYyZyZXNwb25zZS1jb250ZW50LWRpc3Bvc2l0aW9uPWlubGluZSUzQitmaWxlbmFtZSUyQSUzRFVURi04JTI3JTI3T3JuaXRoLTEuNS0zNUItUTZfSy5nZ3VmJTNCK2ZpbGVuYW1lJTNEJTIyT3JuaXRoLTEuNS0zNUItUTZfSy5nZ3VmJTIyJTNCJlgtWGV0LUNhcy1VaWQ9cHVibGljIiwiQ29uZGl0aW9uIjp7IkRhdGVMZXNzVGhhbiI6eyJFcG9jaFRpbWUiOjE3ODc4MjQ0MTh9fX1dfQ__&Signature=MEYCIQCUeKFgzCTSQqKEHWBDo8yZgOZVz7oaRkg7SnekWyzftgIhAJNw209Mr9vxedr5QujYsw4xFZHLYdpzXGt-dVzjWrsk&Key-Pair-Id=01KXEF4KZ1B6FV465MAWR4M21F
[#8b2ec5 11GiB/27GiB(41%) CN:9 DL:2.4MiB ETA:1h53m5s]
[#8b2ec5 11GiB/27GiB(41%) CN:9 DL:3.1MiB ETA:1h26m58s]
[#8b2ec5 11GiB/27GiB(41%) CN:9 DL:3.9MiB ETA:1h8m3s]
[#8b2ec5 11GiB/27GiB(41%) CN:9 DL:5.2MiB ETA:51m42s]
[#8b2ec5 11GiB/27GiB(41%) CN:9 DL:5.6MiB ETA:48m19s]
[#8b2ec5 11GiB/27GiB(41%) CN:9 DL:6.8MiB ETA:39m39s]
[#8b2ec5 11GiB/27GiB(41%) CN:9 DL:7.7MiB ETA:35m1s]
[#8b2ec5 11GiB/27GiB(41%) CN:9 DL:8.5MiB ETA:31m45s]
[#8b2ec5 11GiB/27GiB(41%) CN:9 DL:8.9MiB ETA:30m16s]
[#8b2ec5 11GiB/27GiB(41%) CN:9 DL:9.2MiB ETA:29m17s]
[#8b2ec5 11GiB/27GiB(41%) CN:9 DL:9.4MiB ETA:28m30s]
[#8b2ec5 11GiB/27GiB(41%) CN:9 DL:9.3MiB ETA:28m55s]
[#8b2ec5 11GiB/27GiB(41%) CN:9 DL:8.9MiB ETA:30m3s]
[#8b2ec5 11GiB/27GiB(41%) CN:9 DL:9.5MiB ETA:28m20s]
[#8b2ec5 11GiB/27GiB(41%) CN:9 DL:8.7MiB ETA:30m49s]
[#8b2ec5 11GiB/27GiB(41%) CN:9 DL:8.7MiB ETA:30m43s]
 *** Download Progress Summary as of Thu Aug 27 16:53:55 2026 *** 
===============================================================================
[#8b2ec5 11GiB/27GiB(41%) CN:9 DL:8.5MiB ETA:31m27s]
FILE: /Users/wilsonxu/Models/ornith-256k/llamacpp/models/Ornith-1.5-35B-Q6_K.gguf
-------------------------------------------------------------------------------

[#8b2ec5 11GiB/27GiB(41%) CN:9 DL:8.5MiB ETA:31m27s]
[#8b2ec5 11GiB/27GiB(41%) CN:9 DL:8.7MiB ETA:30m41s]
[#8b2ec5 11GiB/27GiB(41%) CN:9 DL:8.5MiB ETA:31m20s]
[#8b2ec5 11GiB/27GiB(41%) CN:9 DL:8.3MiB ETA:32m17s]
[#8b2ec5 11GiB/27GiB(42%) CN:9 DL:8.3MiB ETA:32m9s]
[#8b2ec5 11GiB/27GiB(42%) CN:9 DL:8.0MiB ETA:33m37s]
[#8b2ec5 11GiB/27GiB(42%) CN:9 DL:8.0MiB ETA:33m32s]
[#8b2ec5 11GiB/27GiB(42%) CN:9 DL:8.3MiB ETA:32m12s]
[#8b2ec5 11GiB/27GiB(42%) CN:9 DL:7.8MiB ETA:34m6s]
[#8b2ec5 11GiB/27GiB(42%) CN:9 DL:7.5MiB ETA:35m42s]
[#8b2ec5 11GiB/27GiB(42%) CN:9 DL:7.4MiB ETA:36m]
[#8b2ec5 11GiB/27GiB(42%) CN:9 DL:7.2MiB ETA:37m3s]
[#8b2ec5 11GiB/27GiB(42%) CN:9 DL:6.7MiB ETA:39m30s]
[#8b2ec5 11GiB/27GiB(42%) CN:9 DL:6.7MiB ETA:39m57s]
[#8b2ec5 11GiB/27GiB(42%) CN:9 DL:6.8MiB ETA:38m52s]
[#8b2ec5 11GiB/27GiB(42%) CN:9 DL:6.4MiB ETA:41m30s]
[#8b2ec5 11GiB/27GiB(42%) CN:9 DL:6.1MiB ETA:43m37s]
[#8b2ec5 11GiB/27GiB(42%) CN:9 DL:6.4MiB ETA:41m38s]
[#8b2ec5 11GiB/27GiB(42%) CN:9 DL:6.5MiB ETA:40m32s]

08/27 16:54:14 [[1;32mNOTICE[0m] CUID#19 - Redirecting to https://us.aws.cdn.hf.co/xet-bridge-us/6a83fdf1993fbb53ef83dbb1/c5e4bd4e5aead56c29af62fb4180f69b77a2f64cced4d117987bfbfb64860be4?X-Xet-Cas-Uid=public&response-content-disposition=inline%3B+filename*%3DUTF-8%27%27Ornith-1.5-35B-Q6_K.gguf%3B+filename%3D%22Ornith-1.5-35B-Q6_K.gguf%22%3B&user_id=public&Expires=1787824453&Policy=eyJTdGF0ZW1lbnQiOlt7IlJlc291cmNlIjoiaHR0cHM6Ly91cy5hd3MuY2RuLmhmLmNvL3hldC1icmlkZ2UtdXMvNmE4M2ZkZjE5OTNmYmI1M2VmODNkYmIxL2M1ZTRiZDRlNWFlYWQ1NmMyOWFmNjJmYjQxODBmNjliNzdhMmY2NGNjZWQ0ZDExNzk4N2JmYmZiNjQ4NjBiZTRcXD9YLVhldC1DYXMtVWlkPXB1YmxpYyZyZXNwb25zZS1jb250ZW50LWRpc3Bvc2l0aW9uPWlubGluZSUzQitmaWxlbmFtZSUyQSUzRFVURi04JTI3JTI3T3JuaXRoLTEuNS0zNUItUTZfSy5nZ3VmJTNCK2ZpbGVuYW1lJTNEJTIyT3JuaXRoLTEuNS0zNUItUTZfSy5nZ3VmJTIyJTNCJnVzZXJfaWQ9cHVibGljIiwiQ29uZGl0aW9uIjp7IkRhdGVMZXNzVGhhbiI6eyJFcG9jaFRpbWUiOjE3ODc4MjQ0NTN9fX1dfQ__&Signature=MEUCID1l6fEqBRRhgkzUvmcoG1uZxdxPQTw6zDLiJCtZKOJsAiEAp7DCzuedTsHVPTKqKWuo0o3-S6mPRz0hUCQnF9DOIwM_&Key-Pair-Id=01KXEF4KZ1B6FV465MAWR4M21F
[#8b2ec5 11GiB/27GiB(42%) CN:9 DL:5.9MiB ETA:44m55s]
[#8b2ec5 11GiB/27GiB(42%) CN:9 DL:6.0MiB ETA:44m27s]
[#8b2ec5 11GiB/27GiB(42%) CN:9 DL:6.1MiB ETA:43m36s]
[#8b2ec5 11GiB/27GiB(42%) CN:9 DL:5.7MiB ETA:46m13s]
[#8b2ec5 11GiB/27GiB(42%) CN:9 DL:5.6MiB ETA:47m3s]
[#8b2ec5 11GiB/27GiB(42%) CN:9 DL:5.8MiB ETA:45m55s]
[#8b2ec5 11GiB/27GiB(42%) CN:9 DL:5.7MiB ETA:46m33s]
[#8b2ec5 11GiB/27GiB(42%) CN:9 DL:5.6MiB ETA:47m34s]
[#8b2ec5 11GiB/27GiB(42%) CN:9 DL:5.2MiB ETA:50m36s]
[#8b2ec5 11GiB/27GiB(42%) CN:9 DL:5.5MiB ETA:48m24s]
[#8b2ec5 11GiB/27GiB(42%) CN:9 DL:5.3MiB ETA:49m38s]
[#8b2ec5 11GiB/27GiB(42%) CN:9 DL:5.1MiB ETA:51m23s]
[#8b2ec5 11GiB/27GiB(42%) CN:9 DL:5.1MiB ETA:51m26s]
[#8b2ec5 11GiB/27GiB(42%) CN:9 DL:5.1MiB ETA:51m50s]
[#8b2ec5 11GiB/27GiB(42%) CN:9 DL:4.9MiB ETA:54m19s]
[#8b2ec5 11GiB/27GiB(42%) CN:9 DL:5.0MiB ETA:53m2s]
[#8b2ec5 11GiB/27GiB(42%) CN:9 DL:4.7MiB ETA:55m44s]
[#8b2ec5 11GiB/27GiB(42%) CN:9 DL:4.8MiB ETA:54m26s]
[#8b2ec5 11GiB/27GiB(42%) CN:9 DL:4.8MiB ETA:54m48s]
[#8b2ec5 11GiB/27GiB(42%) CN:9 DL:4.7MiB ETA:56m2s]
[#8b2ec5 11GiB/27GiB(42%) CN:9 DL:4.5MiB ETA:59m1s]
[#8b2ec5 11GiB/27GiB(42%) CN:9 DL:4.7MiB ETA:56m5s]
[#8b2ec5 11GiB/27GiB(42%) CN:9 DL:4.3MiB ETA:1h22s]
[#8b2ec5 11GiB/27GiB(42%) CN:9 DL:4.4MiB ETA:59m1s]
[#8b2ec5 11GiB/27GiB(42%) CN:9 DL:4.4MiB ETA:1h8s]
[#8b2ec5 11GiB/27GiB(42%) CN:9 DL:4.2MiB ETA:1h1m42s]
[#8b2ec5 11GiB/27GiB(42%) CN:9 DL:4.2MiB ETA:1h2m39s]
[#8b2ec5 11GiB/27GiB(42%) CN:9 DL:4.0MiB ETA:1h5m29s]
[#8b2ec5 11GiB/27GiB(42%) CN:9 DL:3.9MiB ETA:1h7m10s]
[#8b2ec5 11GiB/27GiB(42%) CN:9 DL:4.0MiB ETA:1h5m2s]
[#8b2ec5 11GiB/27GiB(42%) CN:9 DL:3.6MiB ETA:1h11m54s]
[#8b2ec5 11GiB/27GiB(42%) CN:9 DL:3.8MiB ETA:1h9m6s]
[#8b2ec5 11GiB/27GiB(42%) CN:9 DL:3.6MiB ETA:1h11m54s]
[#8b2ec5 11GiB/27GiB(42%) CN:9 DL:3.6MiB ETA:1h13m25s]
[#8b2ec5 11GiB/27GiB(42%) CN:9 DL:3.6MiB ETA:1h13m12s]
[#8b2ec5 11GiB/27GiB(42%) CN:9 DL:3.6MiB ETA:1h13m29s]
[#8b2ec5 11GiB/27GiB(42%) CN:9 DL:3.5MiB ETA:1h15m13s]
[#8b2ec5 11GiB/27GiB(42%) CN:9 DL:3.5MiB ETA:1h15m16s]
[#8b2ec5 11GiB/27GiB(43%) CN:9 DL:3.3MiB ETA:1h18m17s]
 *** Download Progress Summary as of Thu Aug 27 16:54:56 2026 *** 
===============================================================================
[#8b2ec5 11GiB/27GiB(43%) CN:9 DL:3.6MiB ETA:1h13m6s]
FILE: /Users/wilsonxu/Models/ornith-256k/llamacpp/models/Ornith-1.5-35B-Q6_K.gguf
-------------------------------------------------------------------------------

[#8b2ec5 11GiB/27GiB(43%) CN:9 DL:3.6MiB ETA:1h13m6s]
[#8b2ec5 11GiB/27GiB(43%) CN:9 DL:3.4MiB ETA:1h17m10s]
[#8b2ec5 11GiB/27GiB(43%) CN:9 DL:3.4MiB ETA:1h17m8s]
[#8b2ec5 11GiB/27GiB(43%) CN:9 DL:3.3MiB ETA:1h18m58s]
[#8b2ec5 11GiB/27GiB(43%) CN:9 DL:3.3MiB ETA:1h19m35s]
[#8b2ec5 11GiB/27GiB(43%) CN:9 DL:3.3MiB ETA:1h19m23s]
[#8b2ec5 11GiB/27GiB(43%) CN:9 DL:3.3MiB ETA:1h18m18s]

08/27 16:55:03 [[1;32mNOTICE[0m] CUID#14 - Redirecting to https://us.aws.cdn.hf.co/xet-bridge-us/6a83fdf1993fbb53ef83dbb1/c5e4bd4e5aead56c29af62fb4180f69b77a2f64cced4d117987bfbfb64860be4?user_id=public&response-content-disposition=inline%3B+filename*%3DUTF-8%27%27Ornith-1.5-35B-Q6_K.gguf%3B+filename%3D%22Ornith-1.5-35B-Q6_K.gguf%22%3B&X-Xet-Cas-Uid=public&Expires=1787824502&Policy=eyJTdGF0ZW1lbnQiOlt7IlJlc291cmNlIjoiaHR0cHM6Ly91cy5hd3MuY2RuLmhmLmNvL3hldC1icmlkZ2UtdXMvNmE4M2ZkZjE5OTNmYmI1M2VmODNkYmIxL2M1ZTRiZDRlNWFlYWQ1NmMyOWFmNjJmYjQxODBmNjliNzdhMmY2NGNjZWQ0ZDExNzk4N2JmYmZiNjQ4NjBiZTRcXD91c2VyX2lkPXB1YmxpYyZyZXNwb25zZS1jb250ZW50LWRpc3Bvc2l0aW9uPWlubGluZSUzQitmaWxlbmFtZSUyQSUzRFVURi04JTI3JTI3T3JuaXRoLTEuNS0zNUItUTZfSy5nZ3VmJTNCK2ZpbGVuYW1lJTNEJTIyT3JuaXRoLTEuNS0zNUItUTZfSy5nZ3VmJTIyJTNCJlgtWGV0LUNhcy1VaWQ9cHVibGljIiwiQ29uZGl0aW9uIjp7IkRhdGVMZXNzVGhhbiI6eyJFcG9jaFRpbWUiOjE3ODc4MjQ1MDJ9fX1dfQ__&Signature=MEQCIDSdqLLVnh1dPe2tL84UTbtRELbGpA8riSbkHchQvrtfAiBkrRx5vb4Jy8DC92TdijtIOBNFVbSG75HCH77OtmVfHA__&Key-Pair-Id=01KXEF4KZ1B6FV465MAWR4M21F
[#8b2ec5 11GiB/27GiB(43%) CN:9 DL:3.3MiB ETA:1h19m48s]
[#8b2ec5 11GiB/27GiB(43%) CN:9 DL:3.4MiB ETA:1h16m38s]
[#8b2ec5 11GiB/27GiB(43%) CN:9 DL:3.2MiB ETA:1h21m13s]
[#8b2ec5 11GiB/27GiB(43%) CN:9 DL:3.3MiB ETA:1h19m44s]
[#8b2ec5 11GiB/27GiB(43%) CN:9 DL:3.1MiB ETA:1h23m11s]
[#8b2ec5 11GiB/27GiB(43%) CN:9 DL:3.1MiB ETA:1h22m51s]
[#8b2ec5 11GiB/27GiB(43%) CN:9 DL:3.2MiB ETA:1h21m31s]
[#8b2ec5 11GiB/27GiB(43%) CN:9 DL:3.1MiB ETA:1h22m34s]
[#8b2ec5 11GiB/27GiB(43%) CN:9 DL:3.2MiB ETA:1h21m10s]
[#8b2ec5 11GiB/27GiB(43%) CN:9 DL:3.2MiB ETA:1h21m53s]
[#8b2ec5 11GiB/27GiB(43%) CN:9 DL:3.2MiB ETA:1h21m26s]
[#8b2ec5 11GiB/27GiB(43%) CN:9 DL:3.2MiB ETA:1h21m59s]
[#8b2ec5 11GiB/27GiB(43%) CN:9 DL:3.2MiB ETA:1h20m59s]
[#8b2ec5 11GiB/27GiB(43%) CN:9 DL:3.3MiB ETA:1h18m26s]
[#8b2ec5 11GiB/27GiB(43%) CN:9 DL:3.3MiB ETA:1h19m41s]
[#8b2ec5 11GiB/27GiB(43%) CN:9 DL:3.2MiB ETA:1h20m24s]
[#8b2ec5 11GiB/27GiB(43%) CN:9 DL:3.3MiB ETA:1h19m32s]
[#8b2ec5 11GiB/27GiB(43%) CN:9 DL:3.2MiB ETA:1h22m12s]
[#8b2ec5 11GiB/27GiB(43%) CN:9 DL:3.3MiB ETA:1h18m8s]
[#8b2ec5 11GiB/27GiB(43%) CN:9 DL:3.3MiB ETA:1h19m21s]
[#8b2ec5 11GiB/27GiB(43%) CN:9 DL:3.3MiB ETA:1h19m27s]
[#8b2ec5 11GiB/27GiB(43%) CN:9 DL:3.2MiB ETA:1h20m43s]
[#8b2ec5 11GiB/27GiB(43%) CN:9 DL:3.2MiB ETA:1h19m44s]
[#8b2ec5 11GiB/27GiB(43%) CN:9 DL:3.4MiB ETA:1h17m12s]
[#8b2ec5 11GiB/27GiB(43%) CN:9 DL:3.2MiB ETA:1h21m27s]
[#8b2ec5 11GiB/27GiB(43%) CN:9 DL:3.2MiB ETA:1h21m54s]
[#8b2ec5 11GiB/27GiB(43%) CN:9 DL:3.2MiB ETA:1h20m44s]
[#8b2ec5 11GiB/27GiB(43%) CN:9 DL:3.1MiB ETA:1h23m19s]
[#8b2ec5 11GiB/27GiB(43%) CN:9 DL:3.2MiB ETA:1h20m21s]
[#8b2ec5 11GiB/27GiB(43%) CN:9 DL:3.3MiB ETA:1h19m28s]
[#8b2ec5 11GiB/27GiB(43%) CN:9 DL:3.2MiB ETA:1h19m41s]
[#8b2ec5 11GiB/27GiB(43%) CN:9 DL:3.2MiB ETA:1h20m36s]
[#8b2ec5 11GiB/27GiB(43%) CN:9 DL:3.3MiB ETA:1h18m51s]
[#8b2ec5 11GiB/27GiB(43%) CN:9 DL:3.4MiB ETA:1h15m20s]
[#8b2ec5 11GiB/27GiB(43%) CN:9 DL:3.3MiB ETA:1h18m49s]
[#8b2ec5 11GiB/27GiB(43%) CN:9 DL:3.3MiB ETA:1h18m16s]
[#8b2ec5 11GiB/27GiB(43%) CN:9 DL:3.3MiB ETA:1h17m19s]
[#8b2ec5 11GiB/27GiB(43%) CN:9 DL:3.3MiB ETA:1h18m41s]
[#8b2ec5 11GiB/27GiB(43%) CN:9 DL:3.4MiB ETA:1h15m40s]
[#8b2ec5 11GiB/27GiB(43%) CN:9 DL:3.5MiB ETA:1h13m19s]
[#8b2ec5 11GiB/27GiB(43%) CN:9 DL:3.5MiB ETA:1h12m51s]
[#8b2ec5 11GiB/27GiB(43%) CN:9 DL:3.5MiB ETA:1h13m43s]
[#8b2ec5 11GiB/27GiB(43%) CN:9 DL:3.6MiB ETA:1h11m57s]
[#8b2ec5 11GiB/27GiB(43%) CN:9 DL:3.9MiB ETA:1h6m9s]
[#8b2ec5 11GiB/27GiB(43%) CN:9 DL:3.7MiB ETA:1h10m18s]
[#8b2ec5 11GiB/27GiB(43%) CN:9 DL:3.8MiB ETA:1h8m39s]
[#8b2ec5 11GiB/27GiB(43%) CN:9 DL:3.8MiB ETA:1h8m22s]
[#8b2ec5 11GiB/27GiB(43%) CN:9 DL:3.7MiB ETA:1h9m56s]
[#8b2ec5 11GiB/27GiB(43%) CN:9 DL:3.7MiB ETA:1h9m22s]
[#8b2ec5 11GiB/27GiB(43%) CN:9 DL:3.7MiB ETA:1h10m20s]
[#8b2ec5 11GiB/27GiB(43%) CN:9 DL:3.6MiB ETA:1h11m6s]
 *** Download Progress Summary as of Thu Aug 27 16:55:57 2026 *** 
===============================================================================
[#8b2ec5 11GiB/27GiB(43%) CN:9 DL:3.5MiB ETA:1h14m10s]
FILE: /Users/wilsonxu/Models/ornith-256k/llamacpp/models/Ornith-1.5-35B-Q6_K.gguf
-------------------------------------------------------------------------------

[#8b2ec5 11GiB/27GiB(43%) CN:9 DL:3.5MiB ETA:1h14m10s]
[#8b2ec5 11GiB/27GiB(43%) CN:9 DL:3.4MiB ETA:1h16m23s]
[#8b2ec5 11GiB/27GiB(43%) CN:9 DL:3.4MiB ETA:1h15m26s]
[#8b2ec5 11GiB/27GiB(43%) CN:9 DL:3.1MiB ETA:1h23m25s]

08/27 16:56:00 [[1;32mNOTICE[0m] CUID#17 - Redirecting to https://us.aws.cdn.hf.co/xet-bridge-us/6a83fdf1993fbb53ef83dbb1/c5e4bd4e5aead56c29af62fb4180f69b77a2f64cced4d117987bfbfb64860be4?response-content-disposition=inline%3B+filename*%3DUTF-8%27%27Ornith-1.5-35B-Q6_K.gguf%3B+filename%3D%22Ornith-1.5-35B-Q6_K.gguf%22%3B&user_id=public&X-Xet-Cas-Uid=public&Expires=1787824559&Policy=eyJTdGF0ZW1lbnQiOlt7IlJlc291cmNlIjoiaHR0cHM6Ly91cy5hd3MuY2RuLmhmLmNvL3hldC1icmlkZ2UtdXMvNmE4M2ZkZjE5OTNmYmI1M2VmODNkYmIxL2M1ZTRiZDRlNWFlYWQ1NmMyOWFmNjJmYjQxODBmNjliNzdhMmY2NGNjZWQ0ZDExNzk4N2JmYmZiNjQ4NjBiZTRcXD9yZXNwb25zZS1jb250ZW50LWRpc3Bvc2l0aW9uPWlubGluZSUzQitmaWxlbmFtZSUyQSUzRFVURi04JTI3JTI3T3JuaXRoLTEuNS0zNUItUTZfSy5nZ3VmJTNCK2ZpbGVuYW1lJTNEJTIyT3JuaXRoLTEuNS0zNUItUTZfSy5nZ3VmJTIyJTNCJnVzZXJfaWQ9cHVibGljJlgtWGV0LUNhcy1VaWQ9cHVibGljIiwiQ29uZGl0aW9uIjp7IkRhdGVMZXNzVGhhbiI6eyJFcG9jaFRpbWUiOjE3ODc4MjQ1NTl9fX1dfQ__&Signature=MEUCIFFk7O0G2Hq51-7fRUyC3bw7aMvhLh7rkWQ5oWkGqZmdAiEA6hqhybj8vMzy4a1Jzv6B09Foke498WlKhGCFaJCvoFg_&Key-Pair-Id=01KXEF4KZ1B6FV465MAWR4M21F
[#8b2ec5 11GiB/27GiB(43%) CN:9 DL:2.8MiB ETA:1h31m23s]

08/27 16:56:01 [[1;32mNOTICE[0m] CUID#18 - Redirecting to https://us.aws.cdn.hf.co/xet-bridge-us/6a83fdf1993fbb53ef83dbb1/c5e4bd4e5aead56c29af62fb4180f69b77a2f64cced4d117987bfbfb64860be4?response-content-disposition=inline%3B+filename*%3DUTF-8%27%27Ornith-1.5-35B-Q6_K.gguf%3B+filename%3D%22Ornith-1.5-35B-Q6_K.gguf%22%3B&X-Xet-Cas-Uid=public&user_id=public&Expires=1787824561&Policy=eyJTdGF0ZW1lbnQiOlt7IlJlc291cmNlIjoiaHR0cHM6Ly91cy5hd3MuY2RuLmhmLmNvL3hldC1icmlkZ2UtdXMvNmE4M2ZkZjE5OTNmYmI1M2VmODNkYmIxL2M1ZTRiZDRlNWFlYWQ1NmMyOWFmNjJmYjQxODBmNjliNzdhMmY2NGNjZWQ0ZDExNzk4N2JmYmZiNjQ4NjBiZTRcXD9yZXNwb25zZS1jb250ZW50LWRpc3Bvc2l0aW9uPWlubGluZSUzQitmaWxlbmFtZSUyQSUzRFVURi04JTI3JTI3T3JuaXRoLTEuNS0zNUItUTZfSy5nZ3VmJTNCK2ZpbGVuYW1lJTNEJTIyT3JuaXRoLTEuNS0zNUItUTZfSy5nZ3VmJTIyJTNCJlgtWGV0LUNhcy1VaWQ9cHVibGljJnVzZXJfaWQ9cHVibGljIiwiQ29uZGl0aW9uIjp7IkRhdGVMZXNzVGhhbiI6eyJFcG9jaFRpbWUiOjE3ODc4MjQ1NjF9fX1dfQ__&Signature=MEQCIAhdehzrilXl8NGDBxIp7b8y8uq35bpK3D6jM1xyAMNCAiBnJkbFT3583vzbG5AoMtSyBXYd2XTCvX4AkMBhdtOvow__&Key-Pair-Id=01KXEF4KZ1B6FV465MAWR4M21F
[#8b2ec5 11GiB/27GiB(43%) CN:9 DL:2.5MiB ETA:1h41m14s]
[#8b2ec5 11GiB/27GiB(43%) CN:9 DL:2.2MiB ETA:1h56m2s]
[#8b2ec5 11GiB/27GiB(43%) CN:9 DL:2.0MiB ETA:2h6m51s]
[#8b2ec5 11GiB/27GiB(43%) CN:9 DL:1.7MiB ETA:2h26m3s]

08/27 16:56:06 [[1;32mNOTICE[0m] CUID#22 - Redirecting to https://us.aws.cdn.hf.co/xet-bridge-us/6a83fdf1993fbb53ef83dbb1/c5e4bd4e5aead56c29af62fb4180f69b77a2f64cced4d117987bfbfb64860be4?user_id=public&X-Xet-Cas-Uid=public&response-content-disposition=inline%3B+filename*%3DUTF-8%27%27Ornith-1.5-35B-Q6_K.gguf%3B+filename%3D%22Ornith-1.5-35B-Q6_K.gguf%22%3B&Expires=1787824565&Policy=eyJTdGF0ZW1lbnQiOlt7IlJlc291cmNlIjoiaHR0cHM6Ly91cy5hd3MuY2RuLmhmLmNvL3hldC1icmlkZ2UtdXMvNmE4M2ZkZjE5OTNmYmI1M2VmODNkYmIxL2M1ZTRiZDRlNWFlYWQ1NmMyOWFmNjJmYjQxODBmNjliNzdhMmY2NGNjZWQ0ZDExNzk4N2JmYmZiNjQ4NjBiZTRcXD91c2VyX2lkPXB1YmxpYyZYLVhldC1DYXMtVWlkPXB1YmxpYyZyZXNwb25zZS1jb250ZW50LWRpc3Bvc2l0aW9uPWlubGluZSUzQitmaWxlbmFtZSUyQSUzRFVURi04JTI3JTI3T3JuaXRoLTEuNS0zNUItUTZfSy5nZ3VmJTNCK2ZpbGVuYW1lJTNEJTIyT3JuaXRoLTEuNS0zNUItUTZfSy5nZ3VmJTIyJTNCIiwiQ29uZGl0aW9uIjp7IkRhdGVMZXNzVGhhbiI6eyJFcG9jaFRpbWUiOjE3ODc4MjQ1NjV9fX1dfQ__&Signature=MEQCIES8ogAJnyb4YpkQF0Rujmh63n8YqU2bNE2cMNH-JyH8AiAMPtTg9kGCEiLMFJTCxRDfdt2fuhldEdgkcGubwPHbLw__&Key-Pair-Id=01KXEF4KZ1B6FV465MAWR4M21F
[#8b2ec5 11GiB/27GiB(43%) CN:9 DL:1.5MiB ETA:2h48m31s]
[#8b2ec5 11GiB/27GiB(43%) CN:9 DL:1.2MiB ETA:3h32m39s]
[#8b2ec5 11GiB/27GiB(43%) CN:9 DL:1.1MiB ETA:3h50m3s]
[#8b2ec5 11GiB/27GiB(43%) CN:9 DL:1.0MiB ETA:4h3m29s]
[#8b2ec5 11GiB/27GiB(43%) CN:9 DL:1.0MiB ETA:4h16m59s]
[#8b2ec5 11GiB/27GiB(43%) CN:9 DL:1.0MiB ETA:4h13m12s]

08/27 16:56:12 [[1;32mNOTICE[0m] CUID#21 - Redirecting to https://us.aws.cdn.hf.co/xet-bridge-us/6a83fdf1993fbb53ef83dbb1/c5e4bd4e5aead56c29af62fb4180f69b77a2f64cced4d117987bfbfb64860be4?X-Xet-Cas-Uid=public&response-content-disposition=inline%3B+filename*%3DUTF-8%27%27Ornith-1.5-35B-Q6_K.gguf%3B+filename%3D%22Ornith-1.5-35B-Q6_K.gguf%22%3B&user_id=public&Expires=1787824571&Policy=eyJTdGF0ZW1lbnQiOlt7IlJlc291cmNlIjoiaHR0cHM6Ly91cy5hd3MuY2RuLmhmLmNvL3hldC1icmlkZ2UtdXMvNmE4M2ZkZjE5OTNmYmI1M2VmODNkYmIxL2M1ZTRiZDRlNWFlYWQ1NmMyOWFmNjJmYjQxODBmNjliNzdhMmY2NGNjZWQ0ZDExNzk4N2JmYmZiNjQ4NjBiZTRcXD9YLVhldC1DYXMtVWlkPXB1YmxpYyZyZXNwb25zZS1jb250ZW50LWRpc3Bvc2l0aW9uPWlubGluZSUzQitmaWxlbmFtZSUyQSUzRFVURi04JTI3JTI3T3JuaXRoLTEuNS0zNUItUTZfSy5nZ3VmJTNCK2ZpbGVuYW1lJTNEJTIyT3JuaXRoLTEuNS0zNUItUTZfSy5nZ3VmJTIyJTNCJnVzZXJfaWQ9cHVibGljIiwiQ29uZGl0aW9uIjp7IkRhdGVMZXNzVGhhbiI6eyJFcG9jaFRpbWUiOjE3ODc4MjQ1NzF9fX1dfQ__&Signature=MEYCIQDyUA6r9lYDT7PJ03yCIysXEdzIcW%7ER1DfduB095OHfZAIhAK6vNFxvXeEoaVPhwFzqbkD8PnjRsXCJCYRlSy37ZYDT&Key-Pair-Id=01KXEF4KZ1B6FV465MAWR4M21F

08/27 16:56:12 [[1;32mNOTICE[0m] CUID#14 - Redirecting to https://us.aws.cdn.hf.co/xet-bridge-us/6a83fdf1993fbb53ef83dbb1/c5e4bd4e5aead56c29af62fb4180f69b77a2f64cced4d117987bfbfb64860be4?user_id=public&response-content-disposition=inline%3B+filename*%3DUTF-8%27%27Ornith-1.5-35B-Q6_K.gguf%3B+filename%3D%22Ornith-1.5-35B-Q6_K.gguf%22%3B&X-Xet-Cas-Uid=public&Expires=1787824572&Policy=eyJTdGF0ZW1lbnQiOlt7IlJlc291cmNlIjoiaHR0cHM6Ly91cy5hd3MuY2RuLmhmLmNvL3hldC1icmlkZ2UtdXMvNmE4M2ZkZjE5OTNmYmI1M2VmODNkYmIxL2M1ZTRiZDRlNWFlYWQ1NmMyOWFmNjJmYjQxODBmNjliNzdhMmY2NGNjZWQ0ZDExNzk4N2JmYmZiNjQ4NjBiZTRcXD91c2VyX2lkPXB1YmxpYyZyZXNwb25zZS1jb250ZW50LWRpc3Bvc2l0aW9uPWlubGluZSUzQitmaWxlbmFtZSUyQSUzRFVURi04JTI3JTI3T3JuaXRoLTEuNS0zNUItUTZfSy5nZ3VmJTNCK2ZpbGVuYW1lJTNEJTIyT3JuaXRoLTEuNS0zNUItUTZfSy5nZ3VmJTIyJTNCJlgtWGV0LUNhcy1VaWQ9cHVibGljIiwiQ29uZGl0aW9uIjp7IkRhdGVMZXNzVGhhbiI6eyJFcG9jaFRpbWUiOjE3ODc4MjQ1NzJ9fX1dfQ__&Signature=MEUCIF5VMI-2g90PcwCtV3NQnIl0YC6AYtqsy2BpKjh6OxfaAiEAy9jpfOFnWsvm0iEY-jDV3WvJoDlkN9iDDL0hVV3E5qw_&Key-Pair-Id=01KXEF4KZ1B6FV465MAWR4M21F
[#8b2ec5 11GiB/27GiB(43%) CN:9 DL:1.2MiB ETA:3h37m8s]
[#8b2ec5 11GiB/27GiB(43%) CN:9 DL:1.4MiB ETA:3h22s]
[#8b2ec5 11GiB/27GiB(43%) CN:9 DL:1.5MiB ETA:2h44m55s]

08/27 16:56:16 [[1;32mNOTICE[0m] CUID#13 - Redirecting to https://us.aws.cdn.hf.co/xet-bridge-us/6a83fdf1993fbb53ef83dbb1/c5e4bd4e5aead56c29af62fb4180f69b77a2f64cced4d117987bfbfb64860be4?user_id=public&X-Xet-Cas-Uid=public&response-content-disposition=inline%3B+filename*%3DUTF-8%27%27Ornith-1.5-35B-Q6_K.gguf%3B+filename%3D%22Ornith-1.5-35B-Q6_K.gguf%22%3B&Expires=1787824575&Policy=eyJTdGF0ZW1lbnQiOlt7IlJlc291cmNlIjoiaHR0cHM6Ly91cy5hd3MuY2RuLmhmLmNvL3hldC1icmlkZ2UtdXMvNmE4M2ZkZjE5OTNmYmI1M2VmODNkYmIxL2M1ZTRiZDRlNWFlYWQ1NmMyOWFmNjJmYjQxODBmNjliNzdhMmY2NGNjZWQ0ZDExNzk4N2JmYmZiNjQ4NjBiZTRcXD91c2VyX2lkPXB1YmxpYyZYLVhldC1DYXMtVWlkPXB1YmxpYyZyZXNwb25zZS1jb250ZW50LWRpc3Bvc2l0aW9uPWlubGluZSUzQitmaWxlbmFtZSUyQSUzRFVURi04JTI3JTI3T3JuaXRoLTEuNS0zNUItUTZfSy5nZ3VmJTNCK2ZpbGVuYW1lJTNEJTIyT3JuaXRoLTEuNS0zNUItUTZfSy5nZ3VmJTIyJTNCIiwiQ29uZGl0aW9uIjp7IkRhdGVMZXNzVGhhbiI6eyJFcG9jaFRpbWUiOjE3ODc4MjQ1NzV9fX1dfQ__&Signature=MEUCIBUy3rjJBwwX4s1vUvvsCbXyyY-HUz-HeBqO8QwxI%7EVQAiEAiqPhda9H4dD%7EVVlwGmEAs0L0MzBB%7EmoTbvOwl5jx0wU_&Key-Pair-Id=01KXEF4KZ1B6FV465MAWR4M21F
[#8b2ec5 11GiB/27GiB(43%) CN:9 DL:1.9MiB ETA:2h15m1s]
[#8b2ec5 11GiB/27GiB(43%) CN:9 DL:2.0MiB ETA:2h8m55s]

08/27 16:56:17 [[1;32mNOTICE[0m] CUID#19 - Redirecting to https://us.aws.cdn.hf.co/xet-bridge-us/6a83fdf1993fbb53ef83dbb1/c5e4bd4e5aead56c29af62fb4180f69b77a2f64cced4d117987bfbfb64860be4?X-Xet-Cas-Uid=public&response-content-disposition=inline%3B+filename*%3DUTF-8%27%27Ornith-1.5-35B-Q6_K.gguf%3B+filename%3D%22Ornith-1.5-35B-Q6_K.gguf%22%3B&user_id=public&Expires=1787824577&Policy=eyJTdGF0ZW1lbnQiOlt7IlJlc291cmNlIjoiaHR0cHM6Ly91cy5hd3MuY2RuLmhmLmNvL3hldC1icmlkZ2UtdXMvNmE4M2ZkZjE5OTNmYmI1M2VmODNkYmIxL2M1ZTRiZDRlNWFlYWQ1NmMyOWFmNjJmYjQxODBmNjliNzdhMmY2NGNjZWQ0ZDExNzk4N2JmYmZiNjQ4NjBiZTRcXD9YLVhldC1DYXMtVWlkPXB1YmxpYyZyZXNwb25zZS1jb250ZW50LWRpc3Bvc2l0aW9uPWlubGluZSUzQitmaWxlbmFtZSUyQSUzRFVURi04JTI3JTI3T3JuaXRoLTEuNS0zNUItUTZfSy5nZ3VmJTNCK2ZpbGVuYW1lJTNEJTIyT3JuaXRoLTEuNS0zNUItUTZfSy5nZ3VmJTIyJTNCJnVzZXJfaWQ9cHVibGljIiwiQ29uZGl0aW9uIjp7IkRhdGVMZXNzVGhhbiI6eyJFcG9jaFRpbWUiOjE3ODc4MjQ1Nzd9fX1dfQ__&Signature=MEUCIGXwRgev266xd1S7SBRJ6xj33sIBkDEaYDWIT7ZJQngtAiEA4I0nt-fbgiwm-kEMIiPp6ke8fHdrmifpss4ETZvuVTw_&Key-Pair-Id=01KXEF4KZ1B6FV465MAWR4M21F
[#8b2ec5 11GiB/27GiB(43%) CN:9 DL:2.1MiB ETA:2h3m26s]
[#8b2ec5 11GiB/27GiB(43%) CN:9 DL:2.1MiB ETA:1h58m52s]
[#8b2ec5 11GiB/27GiB(43%) CN:9 DL:2.4MiB ETA:1h46m35s]
[#8b2ec5 11GiB/27GiB(43%) CN:9 DL:2.7MiB ETA:1h35m14s]
[#8b2ec5 11GiB/27GiB(43%) CN:9 DL:2.5MiB ETA:1h40m40s]

08/27 16:56:23 [[1;32mNOTICE[0m] CUID#20 - Redirecting to https://us.aws.cdn.hf.co/xet-bridge-us/6a83fdf1993fbb53ef83dbb1/c5e4bd4e5aead56c29af62fb4180f69b77a2f64cced4d117987bfbfb64860be4?user_id=public&X-Xet-Cas-Uid=public&response-content-disposition=inline%3B+filename*%3DUTF-8%27%27Ornith-1.5-35B-Q6_K.gguf%3B+filename%3D%22Ornith-1.5-35B-Q6_K.gguf%22%3B&Expires=1787824582&Policy=eyJTdGF0ZW1lbnQiOlt7IlJlc291cmNlIjoiaHR0cHM6Ly91cy5hd3MuY2RuLmhmLmNvL3hldC1icmlkZ2UtdXMvNmE4M2ZkZjE5OTNmYmI1M2VmODNkYmIxL2M1ZTRiZDRlNWFlYWQ1NmMyOWFmNjJmYjQxODBmNjliNzdhMmY2NGNjZWQ0ZDExNzk4N2JmYmZiNjQ4NjBiZTRcXD91c2VyX2lkPXB1YmxpYyZYLVhldC1DYXMtVWlkPXB1YmxpYyZyZXNwb25zZS1jb250ZW50LWRpc3Bvc2l0aW9uPWlubGluZSUzQitmaWxlbmFtZSUyQSUzRFVURi04JTI3JTI3T3JuaXRoLTEuNS0zNUItUTZfSy5nZ3VmJTNCK2ZpbGVuYW1lJTNEJTIyT3JuaXRoLTEuNS0zNUItUTZfSy5nZ3VmJTIyJTNCIiwiQ29uZGl0aW9uIjp7IkRhdGVMZXNzVGhhbiI6eyJFcG9jaFRpbWUiOjE3ODc4MjQ1ODJ9fX1dfQ__&Signature=MEYCIQDkfDZ2KIvEgeVpC%7ETWidkohoOlS-os6GcxPdxFIbMEcAIhAINQY4KwLO10dhL%7Ev4JmRNcwuo7SQl8Uf216SKuwcSxF&Key-Pair-Id=01KXEF4KZ1B6FV465MAWR4M21F
[#8b2ec5 11GiB/27GiB(43%) CN:9 DL:2.6MiB ETA:1h37m21s]
[#8b2ec5 11GiB/27GiB(43%) CN:9 DL:2.8MiB ETA:1h32m3s]
[#8b2ec5 11GiB/27GiB(43%) CN:9 DL:2.8MiB ETA:1h30m45s]
[#8b2ec5 11GiB/27GiB(43%) CN:9 DL:2.9MiB ETA:1h29m16s]
[#8b2ec5 11GiB/27GiB(44%) CN:9 DL:3.4MiB ETA:1h14m47s]
[#8b2ec5 11GiB/27GiB(44%) CN:9 DL:3.5MiB ETA:1h12m52s]
[#8b2ec5 11GiB/27GiB(44%) CN:9 DL:3.8MiB ETA:1h7m8s]
[#8b2ec5 11GiB/27GiB(44%) CN:9 DL:3.7MiB ETA:1h9m16s]
[#8b2ec5 11GiB/27GiB(44%) CN:9 DL:4.0MiB ETA:1h4m5s]
[#8b2ec5 11GiB/27GiB(44%) CN:9 DL:4.2MiB ETA:1h57s]
[#8b2ec5 11GiB/27GiB(44%) CN:9 DL:4.4MiB ETA:58m40s]
[#8b2ec5 12GiB/27GiB(44%) CN:9 DL:4.5MiB ETA:56m50s]
[#8b2ec5 12GiB/27GiB(44%) CN:9 DL:4.6MiB ETA:55m40s]
[#8b2ec5 12GiB/27GiB(44%) CN:9 DL:4.5MiB ETA:56m23s]
[#8b2ec5 12GiB/27GiB(44%) CN:9 DL:4.6MiB ETA:55m42s]
[#8b2ec5 12GiB/27GiB(44%) CN:9 DL:4.3MiB ETA:58m56s]
[#8b2ec5 12GiB/27GiB(44%) CN:9 DL:4.5MiB ETA:56m31s]
[#8b2ec5 12GiB/27GiB(44%) CN:9 DL:4.6MiB ETA:55m14s]
[#8b2ec5 12GiB/27GiB(44%) CN:9 DL:4.6MiB ETA:55m22s]
[#8b2ec5 12GiB/27GiB(44%) CN:9 DL:4.3MiB ETA:59m25s]
[#8b2ec5 12GiB/27GiB(44%) CN:9 DL:4.3MiB ETA:59m47s]
[#8b2ec5 12GiB/27GiB(44%) CN:9 DL:4.4MiB ETA:57m36s]
[#8b2ec5 12GiB/27GiB(44%) CN:9 DL:4.3MiB ETA:58m53s]
[#8b2ec5 12GiB/27GiB(44%) CN:9 DL:4.5MiB ETA:56m17s]
[#8b2ec5 12GiB/27GiB(44%) CN:9 DL:4.6MiB ETA:55m]
[#8b2ec5 12GiB/27GiB(44%) CN:9 DL:4.6MiB ETA:55m14s]
[#8b2ec5 12GiB/27GiB(44%) CN:9 DL:4.5MiB ETA:56m30s]

08/27 16:56:51 [[1;32mNOTICE[0m] CUID#23 - Redirecting to https://us.aws.cdn.hf.co/xet-bridge-us/6a83fdf1993fbb53ef83dbb1/c5e4bd4e5aead56c29af62fb4180f69b77a2f64cced4d117987bfbfb64860be4?X-Xet-Cas-Uid=public&response-content-disposition=inline%3B+filename*%3DUTF-8%27%27Ornith-1.5-35B-Q6_K.gguf%3B+filename%3D%22Ornith-1.5-35B-Q6_K.gguf%22%3B&user_id=public&Expires=1787824611&Policy=eyJTdGF0ZW1lbnQiOlt7IlJlc291cmNlIjoiaHR0cHM6Ly91cy5hd3MuY2RuLmhmLmNvL3hldC1icmlkZ2UtdXMvNmE4M2ZkZjE5OTNmYmI1M2VmODNkYmIxL2M1ZTRiZDRlNWFlYWQ1NmMyOWFmNjJmYjQxODBmNjliNzdhMmY2NGNjZWQ0ZDExNzk4N2JmYmZiNjQ4NjBiZTRcXD9YLVhldC1DYXMtVWlkPXB1YmxpYyZyZXNwb25zZS1jb250ZW50LWRpc3Bvc2l0aW9uPWlubGluZSUzQitmaWxlbmFtZSUyQSUzRFVURi04JTI3JTI3T3JuaXRoLTEuNS0zNUItUTZfSy5nZ3VmJTNCK2ZpbGVuYW1lJTNEJTIyT3JuaXRoLTEuNS0zNUItUTZfSy5nZ3VmJTIyJTNCJnVzZXJfaWQ9cHVibGljIiwiQ29uZGl0aW9uIjp7IkRhdGVMZXNzVGhhbiI6eyJFcG9jaFRpbWUiOjE3ODc4MjQ2MTF9fX1dfQ__&Signature=MEQCIFbYafq%7EmaPcMrLn87JHgX9fq0kEwLNdJqQbtyEdmZMvAiBlWWKjeNpaPBY4M4NbdirMLfcpq18YOH5NU64PSDi3DA__&Key-Pair-Id=01KXEF4KZ1B6FV465MAWR4M21F
[#8b2ec5 12GiB/27GiB(44%) CN:9 DL:4.4MiB ETA:58m37s]
[#8b2ec5 12GiB/27GiB(44%) CN:9 DL:4.6MiB ETA:56m3s]
[#8b2ec5 12GiB/27GiB(44%) CN:9 DL:4.3MiB ETA:59m16s]
[#8b2ec5 12GiB/27GiB(44%) CN:9 DL:4.3MiB ETA:59m4s]
[#8b2ec5 12GiB/27GiB(44%) CN:9 DL:4.3MiB ETA:58m46s]
[#8b2ec5 12GiB/27GiB(44%) CN:9 DL:4.3MiB ETA:59m1s]
 *** Download Progress Summary as of Thu Aug 27 16:56:58 2026 *** 
===============================================================================
[#8b2ec5 12GiB/27GiB(44%) CN:9 DL:4.6MiB ETA:55m34s]
FILE: /Users/wilsonxu/Models/ornith-256k/llamacpp/models/Ornith-1.5-35B-Q6_K.gguf
-------------------------------------------------------------------------------

[#8b2ec5 12GiB/27GiB(44%) CN:9 DL:4.6MiB ETA:55m34s]
[#8b2ec5 12GiB/27GiB(44%) CN:9 DL:4.6MiB ETA:55m36s]
[#8b2ec5 12GiB/27GiB(44%) CN:9 DL:5.0MiB ETA:51m17s]
[#8b2ec5 12GiB/27GiB(44%) CN:9 DL:5.0MiB ETA:51m16s]
[#8b2ec5 12GiB/27GiB(44%) CN:9 DL:5.2MiB ETA:48m43s]
[#8b2ec5 12GiB/27GiB(44%) CN:9 DL:5.2MiB ETA:48m51s]
[#8b2ec5 12GiB/27GiB(44%) CN:9 DL:5.2MiB ETA:48m39s]
[#8b2ec5 12GiB/27GiB(44%) CN:9 DL:5.3MiB ETA:48m12s]
[#8b2ec5 12GiB/27GiB(44%) CN:9 DL:5.2MiB ETA:49m5s]
[#8b2ec5 12GiB/27GiB(44%) CN:9 DL:5.0MiB ETA:51m]
[#8b2ec5 12GiB/27GiB(44%) CN:9 DL:5.2MiB ETA:48m38s]
[#8b2ec5 12GiB/27GiB(44%) CN:9 DL:5.1MiB ETA:50m9s]
[#8b2ec5 12GiB/27GiB(44%) CN:9 DL:5.1MiB ETA:50m6s]
[#8b2ec5 12GiB/27GiB(44%) CN:9 DL:4.9MiB ETA:51m58s]
[#8b2ec5 12GiB/27GiB(44%) CN:9 DL:5.0MiB ETA:50m34s]
[#8b2ec5 12GiB/27GiB(44%) CN:9 DL:5.3MiB ETA:48m8s]
[#8b2ec5 12GiB/27GiB(44%) CN:9 DL:5.3MiB ETA:48m3s]
[#8b2ec5 12GiB/27GiB(44%) CN:9 DL:5.3MiB ETA:47m54s]
[#8b2ec5 12GiB/27GiB(44%) CN:9 DL:5.3MiB ETA:47m57s]
[#8b2ec5 12GiB/27GiB(44%) CN:9 DL:5.3MiB ETA:47m38s]
[#8b2ec5 12GiB/27GiB(44%) CN:9 DL:5.2MiB ETA:49m4s]
[#8b2ec5 12GiB/27GiB(44%) CN:9 DL:5.5MiB ETA:46m29s]
[#8b2ec5 12GiB/27GiB(44%) CN:9 DL:5.5MiB ETA:45m59s]
[#8b2ec5 12GiB/27GiB(44%) CN:9 DL:5.6MiB ETA:44m51s]
[#8b2ec5 12GiB/27GiB(44%) CN:9 DL:5.7MiB ETA:44m35s]
[#8b2ec5 12GiB/27GiB(45%) CN:9 DL:5.7MiB ETA:44m16s]
[#8b2ec5 12GiB/27GiB(45%) CN:9 DL:5.6MiB ETA:45m1s]
[#8b2ec5 12GiB/27GiB(45%) CN:9 DL:5.6MiB ETA:45m2s]
[#8b2ec5 12GiB/27GiB(45%) CN:9 DL:5.9MiB ETA:42m59s]
[#8b2ec5 12GiB/27GiB(45%) CN:9 DL:5.9MiB ETA:42m54s]
[#8b2ec5 12GiB/27GiB(45%) CN:9 DL:5.9MiB ETA:43m2s]
[#8b2ec5 12GiB/27GiB(45%) CN:9 DL:6.1MiB ETA:41m25s]
[#8b2ec5 12GiB/27GiB(45%) CN:9 DL:5.9MiB ETA:43m1s]
[#8b2ec5 12GiB/27GiB(45%) CN:9 DL:6.1MiB ETA:41m8s]
[#8b2ec5 12GiB/27GiB(45%) CN:9 DL:6.2MiB ETA:40m47s]
[#8b2ec5 12GiB/27GiB(45%) CN:9 DL:6.4MiB ETA:39m22s]
[#8b2ec5 12GiB/27GiB(45%) CN:9 DL:6.3MiB ETA:40m15s]
[#8b2ec5 12GiB/27GiB(45%) CN:9 DL:6.2MiB ETA:40m45s]
[#8b2ec5 12GiB/27GiB(45%) CN:9 DL:6.0MiB ETA:41m49s]
[#8b2ec5 12GiB/27GiB(45%) CN:9 DL:6.0MiB ETA:41m53s]
[#8b2ec5 12GiB/27GiB(45%) CN:9 DL:6.1MiB ETA:41m22s]
[#8b2ec5 12GiB/27GiB(45%) CN:9 DL:5.9MiB ETA:42m39s]
[#8b2ec5 12GiB/27GiB(45%) CN:9 DL:5.7MiB ETA:43m49s]
[#8b2ec5 12GiB/27GiB(45%) CN:9 DL:5.5MiB ETA:45m44s]
[#8b2ec5 12GiB/27GiB(45%) CN:9 DL:5.6MiB ETA:44m46s]
[#8b2ec5 12GiB/27GiB(45%) CN:9 DL:5.5MiB ETA:45m18s]
[#8b2ec5 12GiB/27GiB(45%) CN:9 DL:5.4MiB ETA:46m27s]
[#8b2ec5 12GiB/27GiB(45%) CN:9 DL:5.4MiB ETA:46m15s]
[#8b2ec5 12GiB/27GiB(45%) CN:9 DL:5.2MiB ETA:48m37s]
[#8b2ec5 12GiB/27GiB(45%) CN:9 DL:5.1MiB ETA:48m39s]
[#8b2ec5 12GiB/27GiB(45%) CN:9 DL:5.2MiB ETA:48m9s]
[#8b2ec5 12GiB/27GiB(45%) CN:9 DL:5.2MiB ETA:47m47s]
[#8b2ec5 12GiB/27GiB(45%) CN:9 DL:5.1MiB ETA:49m8s]
[#8b2ec5 12GiB/27GiB(45%) CN:9 DL:5.1MiB ETA:49m29s]
[#8b2ec5 12GiB/27GiB(45%) CN:9 DL:5.2MiB ETA:48m22s]
[#8b2ec5 12GiB/27GiB(45%) CN:9 DL:5.1MiB ETA:49m10s]
[#8b2ec5 12GiB/27GiB(45%) CN:9 DL:4.9MiB ETA:51m11s]
[#8b2ec5 12GiB/27GiB(45%) CN:9 DL:4.9MiB ETA:51m18s]
 *** Download Progress Summary as of Thu Aug 27 16:57:59 2026 *** 
===============================================================================
[#8b2ec5 12GiB/27GiB(45%) CN:9 DL:4.9MiB ETA:51m18s]
FILE: /Users/wilsonxu/Models/ornith-256k/llamacpp/models/Ornith-1.5-35B-Q6_K.gguf
-------------------------------------------------------------------------------

[#8b2ec5 12GiB/27GiB(45%) CN:9 DL:4.9MiB ETA:51m18s]
[#8b2ec5 12GiB/27GiB(45%) CN:9 DL:4.9MiB ETA:51m7s]
[#8b2ec5 12GiB/27GiB(45%) CN:9 DL:4.7MiB ETA:53m29s]
[#8b2ec5 12GiB/27GiB(45%) CN:9 DL:4.8MiB ETA:51m28s]
[#8b2ec5 12GiB/27GiB(45%) CN:9 DL:4.8MiB ETA:51m32s]
[#8b2ec5 12GiB/27GiB(45%) CN:9 DL:4.8MiB ETA:52m13s]
[#8b2ec5 12GiB/27GiB(45%) CN:9 DL:4.9MiB ETA:50m58s]
[#8b2ec5 12GiB/27GiB(45%) CN:9 DL:4.9MiB ETA:50m43s]
[#8b2ec5 12GiB/27GiB(45%) CN:9 DL:4.7MiB ETA:52m42s]
[#8b2ec5 12GiB/27GiB(45%) CN:9 DL:4.7MiB ETA:52m43s]
[#8b2ec5 12GiB/27GiB(45%) CN:9 DL:4.8MiB ETA:51m24s]
[#8b2ec5 12GiB/27GiB(45%) CN:9 DL:4.6MiB ETA:54m23s]
[#8b2ec5 12GiB/27GiB(45%) CN:9 DL:4.7MiB ETA:53m3s]
[#8b2ec5 12GiB/27GiB(45%) CN:9 DL:4.9MiB ETA:51m6s]
[#8b2ec5 12GiB/27GiB(45%) CN:9 DL:4.8MiB ETA:51m55s]
[#8b2ec5 12GiB/27GiB(45%) CN:9 DL:4.7MiB ETA:52m55s]
[#8b2ec5 12GiB/27GiB(45%) CN:9 DL:4.8MiB ETA:51m34s]
[#8b2ec5 12GiB/27GiB(46%) CN:9 DL:5.0MiB ETA:49m55s]
[#8b2ec5 12GiB/27GiB(46%) CN:9 DL:4.8MiB ETA:51m51s]
[#8b2ec5 12GiB/27GiB(46%) CN:9 DL:4.8MiB ETA:52m7s]
[#8b2ec5 12GiB/27GiB(46%) CN:9 DL:4.8MiB ETA:51m13s]
[#8b2ec5 12GiB/27GiB(46%) CN:9 DL:4.8MiB ETA:51m18s]
[#8b2ec5 12GiB/27GiB(46%) CN:9 DL:4.8MiB ETA:51m25s]
[#8b2ec5 12GiB/27GiB(46%) CN:9 DL:4.7MiB ETA:52m59s]
[#8b2ec5 12GiB/27GiB(46%) CN:9 DL:4.8MiB ETA:51m9s]
[#8b2ec5 12GiB/27GiB(46%) CN:9 DL:4.7MiB ETA:53m9s]
[#8b2ec5 12GiB/27GiB(46%) CN:9 DL:4.8MiB ETA:51m34s]
[#8b2ec5 12GiB/27GiB(46%) CN:9 DL:4.9MiB ETA:50m15s]
[#8b2ec5 12GiB/27GiB(46%) CN:9 DL:4.5MiB ETA:54m31s]
[#8b2ec5 12GiB/27GiB(46%) CN:9 DL:4.3MiB ETA:56m59s]

08/27 16:58:30 [[1;32mNOTICE[0m] CUID#22 - Redirecting to https://us.aws.cdn.hf.co/xet-bridge-us/6a83fdf1993fbb53ef83dbb1/c5e4bd4e5aead56c29af62fb4180f69b77a2f64cced4d117987bfbfb64860be4?user_id=public&X-Xet-Cas-Uid=public&response-content-disposition=inline%3B+filename*%3DUTF-8%27%27Ornith-1.5-35B-Q6_K.gguf%3B+filename%3D%22Ornith-1.5-35B-Q6_K.gguf%22%3B&Expires=1787824710&Policy=eyJTdGF0ZW1lbnQiOlt7IlJlc291cmNlIjoiaHR0cHM6Ly91cy5hd3MuY2RuLmhmLmNvL3hldC1icmlkZ2UtdXMvNmE4M2ZkZjE5OTNmYmI1M2VmODNkYmIxL2M1ZTRiZDRlNWFlYWQ1NmMyOWFmNjJmYjQxODBmNjliNzdhMmY2NGNjZWQ0ZDExNzk4N2JmYmZiNjQ4NjBiZTRcXD91c2VyX2lkPXB1YmxpYyZYLVhldC1DYXMtVWlkPXB1YmxpYyZyZXNwb25zZS1jb250ZW50LWRpc3Bvc2l0aW9uPWlubGluZSUzQitmaWxlbmFtZSUyQSUzRFVURi04JTI3JTI3T3JuaXRoLTEuNS0zNUItUTZfSy5nZ3VmJTNCK2ZpbGVuYW1lJTNEJTIyT3JuaXRoLTEuNS0zNUItUTZfSy5nZ3VmJTIyJTNCIiwiQ29uZGl0aW9uIjp7IkRhdGVMZXNzVGhhbiI6eyJFcG9jaFRpbWUiOjE3ODc4MjQ3MTB9fX1dfQ__&Signature=MEYCIQCADEw1jQk30rty68SXP4yjSl7DtPUzzwu1FR7I%7Ej5JGQIhANlKSuKWzu5Tl9cQnIe%7E0XBvObioqJnZ3OWS8JHvkh82&Key-Pair-Id=01KXEF4KZ1B6FV465MAWR4M21F

08/27 16:58:30 [[1;32mNOTICE[0m] CUID#23 - Redirecting to https://us.aws.cdn.hf.co/xet-bridge-us/6a83fdf1993fbb53ef83dbb1/c5e4bd4e5aead56c29af62fb4180f69b77a2f64cced4d117987bfbfb64860be4?user_id=public&response-content-disposition=inline%3B+filename*%3DUTF-8%27%27Ornith-1.5-35B-Q6_K.gguf%3B+filename%3D%22Ornith-1.5-35B-Q6_K.gguf%22%3B&X-Xet-Cas-Uid=public&Expires=1787824710&Policy=eyJTdGF0ZW1lbnQiOlt7IlJlc291cmNlIjoiaHR0cHM6Ly91cy5hd3MuY2RuLmhmLmNvL3hldC1icmlkZ2UtdXMvNmE4M2ZkZjE5OTNmYmI1M2VmODNkYmIxL2M1ZTRiZDRlNWFlYWQ1NmMyOWFmNjJmYjQxODBmNjliNzdhMmY2NGNjZWQ0ZDExNzk4N2JmYmZiNjQ4NjBiZTRcXD91c2VyX2lkPXB1YmxpYyZyZXNwb25zZS1jb250ZW50LWRpc3Bvc2l0aW9uPWlubGluZSUzQitmaWxlbmFtZSUyQSUzRFVURi04JTI3JTI3T3JuaXRoLTEuNS0zNUItUTZfSy5nZ3VmJTNCK2ZpbGVuYW1lJTNEJTIyT3JuaXRoLTEuNS0zNUItUTZfSy5nZ3VmJTIyJTNCJlgtWGV0LUNhcy1VaWQ9cHVibGljIiwiQ29uZGl0aW9uIjp7IkRhdGVMZXNzVGhhbiI6eyJFcG9jaFRpbWUiOjE3ODc4MjQ3MTB9fX1dfQ__&Signature=MEQCID5AxPySDtWcykhBVBChIcF%7E6NnLJePYN-E-71EokuPsAiBQLmEQiqE3vxOVA8pfD4BDBbTEDTlI3RcRTadr7J2BFw__&Key-Pair-Id=01KXEF4KZ1B6FV465MAWR4M21F
[#8b2ec5 12GiB/27GiB(46%) CN:9 DL:4.0MiB ETA:1h1m16s]
[#8b2ec5 12GiB/27GiB(46%) CN:9 DL:3.7MiB ETA:1h7m7s]

08/27 16:58:31 [[1;32mNOTICE[0m] CUID#19 - Redirecting to https://us.aws.cdn.hf.co/xet-bridge-us/6a83fdf1993fbb53ef83dbb1/c5e4bd4e5aead56c29af62fb4180f69b77a2f64cced4d117987bfbfb64860be4?response-content-disposition=inline%3B+filename*%3DUTF-8%27%27Ornith-1.5-35B-Q6_K.gguf%3B+filename%3D%22Ornith-1.5-35B-Q6_K.gguf%22%3B&user_id=public&X-Xet-Cas-Uid=public&Expires=1787824711&Policy=eyJTdGF0ZW1lbnQiOlt7IlJlc291cmNlIjoiaHR0cHM6Ly91cy5hd3MuY2RuLmhmLmNvL3hldC1icmlkZ2UtdXMvNmE4M2ZkZjE5OTNmYmI1M2VmODNkYmIxL2M1ZTRiZDRlNWFlYWQ1NmMyOWFmNjJmYjQxODBmNjliNzdhMmY2NGNjZWQ0ZDExNzk4N2JmYmZiNjQ4NjBiZTRcXD9yZXNwb25zZS1jb250ZW50LWRpc3Bvc2l0aW9uPWlubGluZSUzQitmaWxlbmFtZSUyQSUzRFVURi04JTI3JTI3T3JuaXRoLTEuNS0zNUItUTZfSy5nZ3VmJTNCK2ZpbGVuYW1lJTNEJTIyT3JuaXRoLTEuNS0zNUItUTZfSy5nZ3VmJTIyJTNCJnVzZXJfaWQ9cHVibGljJlgtWGV0LUNhcy1VaWQ9cHVibGljIiwiQ29uZGl0aW9uIjp7IkRhdGVMZXNzVGhhbiI6eyJFcG9jaFRpbWUiOjE3ODc4MjQ3MTF9fX1dfQ__&Signature=MEYCIQCEyUxSX%7E%7E7nnh94jsG-uq0qg7Jspq7yl3kWsrkrRt%7EwgIhALKEQZUNTBnqd0x4wZuaWPDjx3yf1kM84RplTFeSW-7n&Key-Pair-Id=01KXEF4KZ1B6FV465MAWR4M21F
[#8b2ec5 12GiB/27GiB(46%) CN:9 DL:3.2MiB ETA:1h16m7s]
[#8b2ec5 12GiB/27GiB(46%) CN:9 DL:2.9MiB ETA:1h26m]
[#8b2ec5 12GiB/27GiB(46%) CN:9 DL:2.3MiB ETA:1h45m59s]
[#8b2ec5 12GiB/27GiB(46%) CN:9 DL:2.0MiB ETA:2h4m40s]
[#8b2ec5 12GiB/27GiB(46%) CN:9 DL:1.6MiB ETA:2h32m58s]
[#8b2ec5 12GiB/27GiB(46%) CN:9 DL:1.4MiB ETA:2h50m35s]

08/27 16:58:37 [[1;32mNOTICE[0m] CUID#20 - Redirecting to https://us.aws.cdn.hf.co/xet-bridge-us/6a83fdf1993fbb53ef83dbb1/c5e4bd4e5aead56c29af62fb4180f69b77a2f64cced4d117987bfbfb64860be4?X-Xet-Cas-Uid=public&user_id=public&response-content-disposition=inline%3B+filename*%3DUTF-8%27%27Ornith-1.5-35B-Q6_K.gguf%3B+filename%3D%22Ornith-1.5-35B-Q6_K.gguf%22%3B&Expires=1787824717&Policy=eyJTdGF0ZW1lbnQiOlt7IlJlc291cmNlIjoiaHR0cHM6Ly91cy5hd3MuY2RuLmhmLmNvL3hldC1icmlkZ2UtdXMvNmE4M2ZkZjE5OTNmYmI1M2VmODNkYmIxL2M1ZTRiZDRlNWFlYWQ1NmMyOWFmNjJmYjQxODBmNjliNzdhMmY2NGNjZWQ0ZDExNzk4N2JmYmZiNjQ4NjBiZTRcXD9YLVhldC1DYXMtVWlkPXB1YmxpYyZ1c2VyX2lkPXB1YmxpYyZyZXNwb25zZS1jb250ZW50LWRpc3Bvc2l0aW9uPWlubGluZSUzQitmaWxlbmFtZSUyQSUzRFVURi04JTI3JTI3T3JuaXRoLTEuNS0zNUItUTZfSy5nZ3VmJTNCK2ZpbGVuYW1lJTNEJTIyT3JuaXRoLTEuNS0zNUItUTZfSy5nZ3VmJTIyJTNCIiwiQ29uZGl0aW9uIjp7IkRhdGVMZXNzVGhhbiI6eyJFcG9jaFRpbWUiOjE3ODc4MjQ3MTd9fX1dfQ__&Signature=MEYCIQDqKbp%7EALVhSePuW6Ktqvsp6Y-Y0O2NIS2czhlKXw9abgIhAIEZ9Qhdfb0vDZgK2J-lya7yil63jAQftlVkhFVkgLkJ&Key-Pair-Id=01KXEF4KZ1B6FV465MAWR4M21F
[#8b2ec5 12GiB/27GiB(46%) CN:9 DL:1.4MiB ETA:2h54m10s]
[#8b2ec5 12GiB/27GiB(46%) CN:9 DL:1.3MiB ETA:3h3m21s]
[#8b2ec5 12GiB/27GiB(46%) CN:9 DL:1.3MiB ETA:3h3m41s]
[#8b2ec5 12GiB/27GiB(46%) CN:9 DL:1.4MiB ETA:2h50m8s]

08/27 16:58:42 [[1;32mNOTICE[0m] CUID#21 - Redirecting to https://us.aws.cdn.hf.co/xet-bridge-us/6a83fdf1993fbb53ef83dbb1/c5e4bd4e5aead56c29af62fb4180f69b77a2f64cced4d117987bfbfb64860be4?response-content-disposition=inline%3B+filename*%3DUTF-8%27%27Ornith-1.5-35B-Q6_K.gguf%3B+filename%3D%22Ornith-1.5-35B-Q6_K.gguf%22%3B&X-Xet-Cas-Uid=public&user_id=public&Expires=1787824721&Policy=eyJTdGF0ZW1lbnQiOlt7IlJlc291cmNlIjoiaHR0cHM6Ly91cy5hd3MuY2RuLmhmLmNvL3hldC1icmlkZ2UtdXMvNmE4M2ZkZjE5OTNmYmI1M2VmODNkYmIxL2M1ZTRiZDRlNWFlYWQ1NmMyOWFmNjJmYjQxODBmNjliNzdhMmY2NGNjZWQ0ZDExNzk4N2JmYmZiNjQ4NjBiZTRcXD9yZXNwb25zZS1jb250ZW50LWRpc3Bvc2l0aW9uPWlubGluZSUzQitmaWxlbmFtZSUyQSUzRFVURi04JTI3JTI3T3JuaXRoLTEuNS0zNUItUTZfSy5nZ3VmJTNCK2ZpbGVuYW1lJTNEJTIyT3JuaXRoLTEuNS0zNUItUTZfSy5nZ3VmJTIyJTNCJlgtWGV0LUNhcy1VaWQ9cHVibGljJnVzZXJfaWQ9cHVibGljIiwiQ29uZGl0aW9uIjp7IkRhdGVMZXNzVGhhbiI6eyJFcG9jaFRpbWUiOjE3ODc4MjQ3MjF9fX1dfQ__&Signature=MEYCIQC%7ERSk1%7EyToKjQrGLi14BRcLkqR%7EItvq5pfh6KaNOERSgIhAMEYs6otctQm3Uf6ok%7ETJhJx4X2asShKGieCGp3aMh%7E2&Key-Pair-Id=01KXEF4KZ1B6FV465MAWR4M21F
[#8b2ec5 12GiB/27GiB(46%) CN:9 DL:1.6MiB ETA:2h29m57s]
[#8b2ec5 12GiB/27GiB(46%) CN:9 DL:1.9MiB ETA:2h7m57s]
[#8b2ec5 12GiB/27GiB(46%) CN:9 DL:2.2MiB ETA:1h48m28s]
[#8b2ec5 12GiB/27GiB(46%) CN:9 DL:2.6MiB ETA:1h35m33s]
[#8b2ec5 12GiB/27GiB(46%) CN:9 DL:3.0MiB ETA:1h22m39s]
[#8b2ec5 12GiB/27GiB(46%) CN:9 DL:3.3MiB ETA:1h13m52s]
[#8b2ec5 12GiB/27GiB(46%) CN:9 DL:3.5MiB ETA:1h9m23s]
[#8b2ec5 12GiB/27GiB(46%) CN:9 DL:3.6MiB ETA:1h8m]
[#8b2ec5 12GiB/27GiB(46%) CN:9 DL:3.9MiB ETA:1h3m47s]
[#8b2ec5 12GiB/27GiB(46%) CN:9 DL:3.9MiB ETA:1h3m38s]
[#8b2ec5 12GiB/27GiB(46%) CN:9 DL:3.7MiB ETA:1h5m44s]
[#8b2ec5 12GiB/27GiB(46%) CN:9 DL:3.8MiB ETA:1h4m55s]
[#8b2ec5 12GiB/27GiB(46%) CN:9 DL:3.5MiB ETA:1h10m15s]
[#8b2ec5 12GiB/27GiB(46%) CN:9 DL:3.5MiB ETA:1h10m59s]
[#8b2ec5 12GiB/27GiB(46%) CN:9 DL:3.3MiB ETA:1h13m28s]
[#8b2ec5 12GiB/27GiB(46%) CN:9 DL:3.5MiB ETA:1h9m40s]
 *** Download Progress Summary as of Thu Aug 27 16:58:59 2026 *** 
===============================================================================
[#8b2ec5 12GiB/27GiB(46%) CN:9 DL:3.8MiB ETA:1h4m34s]
FILE: /Users/wilsonxu/Models/ornith-256k/llamacpp/models/Ornith-1.5-35B-Q6_K.gguf
-------------------------------------------------------------------------------

[#8b2ec5 12GiB/27GiB(46%) CN:9 DL:3.8MiB ETA:1h4m34s]
[#8b2ec5 12GiB/27GiB(46%) CN:9 DL:3.5MiB ETA:1h9m4s]

08/27 16:59:00 [[1;32mNOTICE[0m] CUID#18 - Redirecting to https://us.aws.cdn.hf.co/xet-bridge-us/6a83fdf1993fbb53ef83dbb1/c5e4bd4e5aead56c29af62fb4180f69b77a2f64cced4d117987bfbfb64860be4?X-Xet-Cas-Uid=public&response-content-disposition=inline%3B+filename*%3DUTF-8%27%27Ornith-1.5-35B-Q6_K.gguf%3B+filename%3D%22Ornith-1.5-35B-Q6_K.gguf%22%3B&user_id=public&Expires=1787824739&Policy=eyJTdGF0ZW1lbnQiOlt7IlJlc291cmNlIjoiaHR0cHM6Ly91cy5hd3MuY2RuLmhmLmNvL3hldC1icmlkZ2UtdXMvNmE4M2ZkZjE5OTNmYmI1M2VmODNkYmIxL2M1ZTRiZDRlNWFlYWQ1NmMyOWFmNjJmYjQxODBmNjliNzdhMmY2NGNjZWQ0ZDExNzk4N2JmYmZiNjQ4NjBiZTRcXD9YLVhldC1DYXMtVWlkPXB1YmxpYyZyZXNwb25zZS1jb250ZW50LWRpc3Bvc2l0aW9uPWlubGluZSUzQitmaWxlbmFtZSUyQSUzRFVURi04JTI3JTI3T3JuaXRoLTEuNS0zNUItUTZfSy5nZ3VmJTNCK2ZpbGVuYW1lJTNEJTIyT3JuaXRoLTEuNS0zNUItUTZfSy5nZ3VmJTIyJTNCJnVzZXJfaWQ9cHVibGljIiwiQ29uZGl0aW9uIjp7IkRhdGVMZXNzVGhhbiI6eyJFcG9jaFRpbWUiOjE3ODc4MjQ3Mzl9fX1dfQ__&Signature=MEQCIBSm1hKQ9n4EHVqCml%7EoWJDk9YfMIokUS-XAQ9Gt5XRJAiBc1Fo3RbwtYn65XoelyqDgVX1coKLOzZnEPULZE2pZNQ__&Key-Pair-Id=01KXEF4KZ1B6FV465MAWR4M21F

08/27 16:59:01 [[1;32mNOTICE[0m] CUID#14 - Redirecting to https://us.aws.cdn.hf.co/xet-bridge-us/6a83fdf1993fbb53ef83dbb1/c5e4bd4e5aead56c29af62fb4180f69b77a2f64cced4d117987bfbfb64860be4?response-content-disposition=inline%3B+filename*%3DUTF-8%27%27Ornith-1.5-35B-Q6_K.gguf%3B+filename%3D%22Ornith-1.5-35B-Q6_K.gguf%22%3B&user_id=public&X-Xet-Cas-Uid=public&Expires=1787824741&Policy=eyJTdGF0ZW1lbnQiOlt7IlJlc291cmNlIjoiaHR0cHM6Ly91cy5hd3MuY2RuLmhmLmNvL3hldC1icmlkZ2UtdXMvNmE4M2ZkZjE5OTNmYmI1M2VmODNkYmIxL2M1ZTRiZDRlNWFlYWQ1NmMyOWFmNjJmYjQxODBmNjliNzdhMmY2NGNjZWQ0ZDExNzk4N2JmYmZiNjQ4NjBiZTRcXD9yZXNwb25zZS1jb250ZW50LWRpc3Bvc2l0aW9uPWlubGluZSUzQitmaWxlbmFtZSUyQSUzRFVURi04JTI3JTI3T3JuaXRoLTEuNS0zNUItUTZfSy5nZ3VmJTNCK2ZpbGVuYW1lJTNEJTIyT3JuaXRoLTEuNS0zNUItUTZfSy5nZ3VmJTIyJTNCJnVzZXJfaWQ9cHVibGljJlgtWGV0LUNhcy1VaWQ9cHVibGljIiwiQ29uZGl0aW9uIjp7IkRhdGVMZXNzVGhhbiI6eyJFcG9jaFRpbWUiOjE3ODc4MjQ3NDF9fX1dfQ__&Signature=MEUCIQDnNvNovlmIAOGkaF8V%7EZAaty4cC35PiXIdHm0Q5R009wIgIoxtI16ahQEvzYS0ZEQnIzQ6hFjDr7G%7ENPxfzEghUzI_&Key-Pair-Id=01KXEF4KZ1B6FV465MAWR4M21F
[#8b2ec5 12GiB/27GiB(46%) CN:9 DL:3.5MiB ETA:1h10m16s]
[#8b2ec5 12GiB/27GiB(46%) CN:9 DL:3.5MiB ETA:1h10m54s]
[#8b2ec5 12GiB/27GiB(46%) CN:9 DL:3.1MiB ETA:1h19m14s]
[#8b2ec5 12GiB/27GiB(46%) CN:9 DL:3.1MiB ETA:1h17m46s]
[#8b2ec5 12GiB/27GiB(46%) CN:9 DL:3.1MiB ETA:1h19m39s]
[#8b2ec5 12GiB/27GiB(46%) CN:9 DL:3.0MiB ETA:1h22m10s]
[#8b2ec5 12GiB/27GiB(46%) CN:9 DL:2.9MiB ETA:1h25m19s]
[#8b2ec5 12GiB/27GiB(46%) CN:9 DL:2.5MiB ETA:1h35m34s]
[#8b2ec5 12GiB/27GiB(46%) CN:9 DL:2.6MiB ETA:1h33m23s]
[#8b2ec5 12GiB/27GiB(46%) CN:9 DL:2.3MiB ETA:1h44m56s]
[#8b2ec5 12GiB/27GiB(46%) CN:9 DL:2.3MiB ETA:1h45m46s]
[#8b2ec5 12GiB/27GiB(46%) CN:9 DL:2.3MiB ETA:1h46m55s]
[#8b2ec5 12GiB/27GiB(46%) CN:9 DL:2.3MiB ETA:1h44m5s]
[#8b2ec5 12GiB/27GiB(46%) CN:9 DL:2.2MiB ETA:1h51m19s]
[#8b2ec5 12GiB/27GiB(46%) CN:9 DL:2.2MiB ETA:1h50m38s]
[#8b2ec5 12GiB/27GiB(46%) CN:9 DL:2.1MiB ETA:1h52m35s]
[#8b2ec5 12GiB/27GiB(46%) CN:9 DL:2.3MiB ETA:1h47m15s]
[#8b2ec5 12GiB/27GiB(46%) CN:9 DL:2.2MiB ETA:1h47m52s]

08/27 16:59:20 [[1;32mNOTICE[0m] CUID#17 - Redirecting to https://us.aws.cdn.hf.co/xet-bridge-us/6a83fdf1993fbb53ef83dbb1/c5e4bd4e5aead56c29af62fb4180f69b77a2f64cced4d117987bfbfb64860be4?response-content-disposition=inline%3B+filename*%3DUTF-8%27%27Ornith-1.5-35B-Q6_K.gguf%3B+filename%3D%22Ornith-1.5-35B-Q6_K.gguf%22%3B&user_id=public&X-Xet-Cas-Uid=public&Expires=1787824760&Policy=eyJTdGF0ZW1lbnQiOlt7IlJlc291cmNlIjoiaHR0cHM6Ly91cy5hd3MuY2RuLmhmLmNvL3hldC1icmlkZ2UtdXMvNmE4M2ZkZjE5OTNmYmI1M2VmODNkYmIxL2M1ZTRiZDRlNWFlYWQ1NmMyOWFmNjJmYjQxODBmNjliNzdhMmY2NGNjZWQ0ZDExNzk4N2JmYmZiNjQ4NjBiZTRcXD9yZXNwb25zZS1jb250ZW50LWRpc3Bvc2l0aW9uPWlubGluZSUzQitmaWxlbmFtZSUyQSUzRFVURi04JTI3JTI3T3JuaXRoLTEuNS0zNUItUTZfSy5nZ3VmJTNCK2ZpbGVuYW1lJTNEJTIyT3JuaXRoLTEuNS0zNUItUTZfSy5nZ3VmJTIyJTNCJnVzZXJfaWQ9cHVibGljJlgtWGV0LUNhcy1VaWQ9cHVibGljIiwiQ29uZGl0aW9uIjp7IkRhdGVMZXNzVGhhbiI6eyJFcG9jaFRpbWUiOjE3ODc4MjQ3NjB9fX1dfQ__&Signature=MEYCIQDx1J13e6xlubkbnGbBJGuMfcncMXiyywxIprkqo7qbNwIhANd3nBUXlXIBcpjBKCZoPYhYyhZZmwgvlaIXCOAdG9or&Key-Pair-Id=01KXEF4KZ1B6FV465MAWR4M21F
[#8b2ec5 12GiB/27GiB(46%) CN:9 DL:2.5MiB ETA:1h38m28s]
[#8b2ec5 12GiB/27GiB(46%) CN:9 DL:2.3MiB ETA:1h46m35s]
[#8b2ec5 12GiB/27GiB(46%) CN:9 DL:2.2MiB ETA:1h49m28s]
[#8b2ec5 12GiB/27GiB(46%) CN:9 DL:2.2MiB ETA:1h51m31s]
[#8b2ec5 12GiB/27GiB(46%) CN:9 DL:2.1MiB ETA:1h55m33s]
[#8b2ec5 12GiB/27GiB(46%) CN:9 DL:2.1MiB ETA:1h55m19s]
[#8b2ec5 12GiB/27GiB(46%) CN:9 DL:2.2MiB ETA:1h51m53s]
[#8b2ec5 12GiB/27GiB(46%) CN:9 DL:2.0MiB ETA:2h1m13s]
[#8b2ec5 12GiB/27GiB(46%) CN:9 DL:2.0MiB ETA:2h3m2s]
[#8b2ec5 12GiB/27GiB(46%) CN:9 DL:1.9MiB ETA:2h8m41s]
[#8b2ec5 12GiB/27GiB(46%) CN:9 DL:1.9MiB ETA:2h5m30s]
[#8b2ec5 12GiB/27GiB(46%) CN:9 DL:2.0MiB ETA:2h1m21s]
[#8b2ec5 12GiB/27GiB(46%) CN:9 DL:2.0MiB ETA:2h2m32s]
[#8b2ec5 12GiB/27GiB(46%) CN:9 DL:1.9MiB ETA:2h5m]
[#8b2ec5 12GiB/27GiB(46%) CN:9 DL:1.9MiB ETA:2h3m36s]
[#8b2ec5 12GiB/27GiB(46%) CN:9 DL:1.9MiB ETA:2h4m34s]
[#8b2ec5 12GiB/27GiB(46%) CN:9 DL:2.0MiB ETA:2h3m6s]
[#8b2ec5 12GiB/27GiB(46%) CN:9 DL:2.0MiB ETA:2h2m1s]
[#8b2ec5 12GiB/27GiB(46%) CN:9 DL:1.9MiB ETA:2h6m28s]
[#8b2ec5 12GiB/27GiB(46%) CN:9 DL:1.9MiB ETA:2h7m27s]
[#8b2ec5 12GiB/27GiB(46%) CN:9 DL:1.9MiB ETA:2h7m7s]

08/27 16:59:42 [[1;32mNOTICE[0m] CUID#13 - Redirecting to https://us.aws.cdn.hf.co/xet-bridge-us/6a83fdf1993fbb53ef83dbb1/c5e4bd4e5aead56c29af62fb4180f69b77a2f64cced4d117987bfbfb64860be4?X-Xet-Cas-Uid=public&user_id=public&response-content-disposition=inline%3B+filename*%3DUTF-8%27%27Ornith-1.5-35B-Q6_K.gguf%3B+filename%3D%22Ornith-1.5-35B-Q6_K.gguf%22%3B&Expires=1787824782&Policy=eyJTdGF0ZW1lbnQiOlt7IlJlc291cmNlIjoiaHR0cHM6Ly91cy5hd3MuY2RuLmhmLmNvL3hldC1icmlkZ2UtdXMvNmE4M2ZkZjE5OTNmYmI1M2VmODNkYmIxL2M1ZTRiZDRlNWFlYWQ1NmMyOWFmNjJmYjQxODBmNjliNzdhMmY2NGNjZWQ0ZDExNzk4N2JmYmZiNjQ4NjBiZTRcXD9YLVhldC1DYXMtVWlkPXB1YmxpYyZ1c2VyX2lkPXB1YmxpYyZyZXNwb25zZS1jb250ZW50LWRpc3Bvc2l0aW9uPWlubGluZSUzQitmaWxlbmFtZSUyQSUzRFVURi04JTI3JTI3T3JuaXRoLTEuNS0zNUItUTZfSy5nZ3VmJTNCK2ZpbGVuYW1lJTNEJTIyT3JuaXRoLTEuNS0zNUItUTZfSy5nZ3VmJTIyJTNCIiwiQ29uZGl0aW9uIjp7IkRhdGVMZXNzVGhhbiI6eyJFcG9jaFRpbWUiOjE3ODc4MjQ3ODJ9fX1dfQ__&Signature=MEUCIB4vLE8tf4XQeQsiDqrUuBMTJEsK9BkLvInBfRskGQkxAiEApPnmc-q-qK6alB36vTJvpleOg7gSWTy4VjNluSMO8TE_&Key-Pair-Id=01KXEF4KZ1B6FV465MAWR4M21F
[#8b2ec5 12GiB/27GiB(46%) CN:9 DL:1.9MiB ETA:2h9m16s]
[#8b2ec5 12GiB/27GiB(46%) CN:9 DL:1.8MiB ETA:2h14m40s]
[#8b2ec5 12GiB/27GiB(46%) CN:9 DL:1.8MiB ETA:2h14m53s]
[#8b2ec5 12GiB/27GiB(46%) CN:9 DL:1.7MiB ETA:2h22m41s]
[#8b2ec5 12GiB/27GiB(46%) CN:9 DL:1.7MiB ETA:2h20m23s]
[#8b2ec5 12GiB/27GiB(46%) CN:9 DL:1.8MiB ETA:2h14m12s]
[#8b2ec5 12GiB/27GiB(46%) CN:9 DL:1.8MiB ETA:2h10m3s]
[#8b2ec5 12GiB/27GiB(46%) CN:9 DL:1.9MiB ETA:2h8m41s]
[#8b2ec5 12GiB/27GiB(46%) CN:9 DL:1.9MiB ETA:2h7m10s]
[#8b2ec5 12GiB/27GiB(46%) CN:9 DL:2.1MiB ETA:1h56m1s]
[#8b2ec5 12GiB/27GiB(46%) CN:9 DL:2.2MiB ETA:1h51m2s]
[#8b2ec5 12GiB/27GiB(46%) CN:9 DL:2.1MiB ETA:1h52m18s]
[#8b2ec5 12GiB/27GiB(46%) CN:9 DL:2.2MiB ETA:1h48m11s]
[#8b2ec5 12GiB/27GiB(46%) CN:9 DL:2.2MiB ETA:1h48m43s]
[#8b2ec5 12GiB/27GiB(46%) CN:9 DL:2.2MiB ETA:1h51m52s]
[#8b2ec5 12GiB/27GiB(46%) CN:9 DL:2.1MiB ETA:1h54m2s]
[#8b2ec5 12GiB/27GiB(46%) CN:9 DL:2.0MiB ETA:2h1m53s]
 *** Download Progress Summary as of Thu Aug 27 17:00:00 2026 *** 
===============================================================================
[#8b2ec5 12GiB/27GiB(46%) CN:9 DL:1.9MiB ETA:2h7m54s]
FILE: /Users/wilsonxu/Models/ornith-256k/llamacpp/models/Ornith-1.5-35B-Q6_K.gguf
-------------------------------------------------------------------------------

[#8b2ec5 12GiB/27GiB(46%) CN:9 DL:1.9MiB ETA:2h7m54s]
[#8b2ec5 12GiB/27GiB(46%) CN:9 DL:1.8MiB ETA:2h13m7s]
[#8b2ec5 12GiB/27GiB(46%) CN:9 DL:1.8MiB ETA:2h16m12s]
[#8b2ec5 12GiB/27GiB(46%) CN:9 DL:1.7MiB ETA:2h16m50s]
[#8b2ec5 12GiB/27GiB(47%) CN:9 DL:1.7MiB ETA:2h21m44s]
[#8b2ec5 12GiB/27GiB(47%) CN:9 DL:1.7MiB ETA:2h24m24s]
[#8b2ec5 12GiB/27GiB(47%) CN:9 DL:1.6MiB ETA:2h27m19s]
[#8b2ec5 12GiB/27GiB(47%) CN:9 DL:1.6MiB ETA:2h29m12s]
[#8b2ec5 12GiB/27GiB(47%) CN:9 DL:1.7MiB ETA:2h22m45s]
[#8b2ec5 12GiB/27GiB(47%) CN:9 DL:1.7MiB ETA:2h22m20s]
[#8b2ec5 12GiB/27GiB(47%) CN:9 DL:1.6MiB ETA:2h24m47s]
[#8b2ec5 12GiB/27GiB(47%) CN:9 DL:1.6MiB ETA:2h25m56s]
[#8b2ec5 12GiB/27GiB(47%) CN:9 DL:1.6MiB ETA:2h24m43s]
[#8b2ec5 12GiB/27GiB(47%) CN:9 DL:1.6MiB ETA:2h27m58s]
[#8b2ec5 12GiB/27GiB(47%) CN:9 DL:1.6MiB ETA:2h31m19s]
[#8b2ec5 12GiB/27GiB(47%) CN:9 DL:1.6MiB ETA:2h31m11s]
[#8b2ec5 12GiB/27GiB(47%) CN:9 DL:1.6MiB ETA:2h32m40s]
[#8b2ec5 12GiB/27GiB(47%) CN:9 DL:1.6MiB ETA:2h32m17s]
[#8b2ec5 12GiB/27GiB(47%) CN:9 DL:1.6MiB ETA:2h28m31s]
[#8b2ec5 12GiB/27GiB(47%) CN:9 DL:1.6MiB ETA:2h27m47s]
[#8b2ec5 12GiB/27GiB(47%) CN:9 DL:1.6MiB ETA:2h32m17s]
[#8b2ec5 12GiB/27GiB(47%) CN:9 DL:1.6MiB ETA:2h30m1s]
[#8b2ec5 12GiB/27GiB(47%) CN:9 DL:1.6MiB ETA:2h29m31s]
[#8b2ec5 12GiB/27GiB(47%) CN:9 DL:1.6MiB ETA:2h28m43s]
[#8b2ec5 12GiB/27GiB(47%) CN:9 DL:1.6MiB ETA:2h28m]
[#8b2ec5 12GiB/27GiB(47%) CN:9 DL:1.6MiB ETA:2h29m50s]
[#8b2ec5 12GiB/27GiB(47%) CN:9 DL:1.6MiB ETA:2h30m21s]
[#8b2ec5 12GiB/27GiB(47%) CN:9 DL:1.6MiB ETA:2h29m41s]
[#8b2ec5 12GiB/27GiB(47%) CN:9 DL:1.6MiB ETA:2h32m25s]
[#8b2ec5 12GiB/27GiB(47%) CN:9 DL:1.6MiB ETA:2h26m21s]
[#8b2ec5 12GiB/27GiB(47%) CN:9 DL:1.6MiB ETA:2h32m39s]
[#8b2ec5 12GiB/27GiB(47%) CN:9 DL:1.6MiB ETA:2h27m26s]
[#8b2ec5 12GiB/27GiB(47%) CN:9 DL:1.6MiB ETA:2h27m7s]
[#8b2ec5 12GiB/27GiB(47%) CN:9 DL:1.6MiB ETA:2h30m31s]
[#8b2ec5 12GiB/27GiB(47%) CN:9 DL:1.6MiB ETA:2h31m6s]
[#8b2ec5 12GiB/27GiB(47%) CN:9 DL:1.6MiB ETA:2h27m33s]
[#8b2ec5 12GiB/27GiB(47%) CN:9 DL:1.6MiB ETA:2h28m40s]
[#8b2ec5 12GiB/27GiB(47%) CN:9 DL:1.7MiB ETA:2h22m27s]
[#8b2ec5 12GiB/27GiB(47%) CN:9 DL:1.7MiB ETA:2h23m9s]
[#8b2ec5 12GiB/27GiB(47%) CN:9 DL:1.7MiB ETA:2h21m17s]
[#8b2ec5 12GiB/27GiB(47%) CN:9 DL:1.7MiB ETA:2h20m12s]
[#8b2ec5 12GiB/27GiB(47%) CN:9 DL:1.7MiB ETA:2h20m31s]
[#8b2ec5 12GiB/27GiB(47%) CN:9 DL:1.8MiB ETA:2h14m18s]
[#8b2ec5 12GiB/27GiB(47%) CN:9 DL:1.8MiB ETA:2h15m12s]
[#8b2ec5 12GiB/27GiB(47%) CN:9 DL:1.7MiB ETA:2h16m9s]
[#8b2ec5 12GiB/27GiB(47%) CN:9 DL:1.8MiB ETA:2h12m26s]
[#8b2ec5 12GiB/27GiB(47%) CN:9 DL:1.8MiB ETA:2h14m37s]
[#8b2ec5 12GiB/27GiB(47%) CN:9 DL:1.8MiB ETA:2h11m28s]
[#8b2ec5 12GiB/27GiB(47%) CN:9 DL:1.9MiB ETA:2h7m26s]
[#8b2ec5 12GiB/27GiB(47%) CN:9 DL:1.9MiB ETA:2h7m27s]
[#8b2ec5 12GiB/27GiB(47%) CN:9 DL:1.9MiB ETA:2h3m53s]
[#8b2ec5 12GiB/27GiB(47%) CN:9 DL:1.9MiB ETA:2h3m44s]
[#8b2ec5 12GiB/27GiB(47%) CN:9 DL:1.9MiB ETA:2h2m44s]
[#8b2ec5 12GiB/27GiB(47%) CN:9 DL:1.9MiB ETA:2h2m45s]
[#8b2ec5 12GiB/27GiB(47%) CN:9 DL:1.9MiB ETA:2h2m48s]
[#8b2ec5 12GiB/27GiB(47%) CN:9 DL:2.0MiB ETA:1h59m19s]
[#8b2ec5 12GiB/27GiB(47%) CN:9 DL:2.0MiB ETA:1h57m8s]
[#8b2ec5 12GiB/27GiB(47%) CN:9 DL:2.1MiB ETA:1h53m22s]
 *** Download Progress Summary as of Thu Aug 27 17:01:01 2026 *** 
===============================================================================
[#8b2ec5 12GiB/27GiB(47%) CN:9 DL:2.1MiB ETA:1h54m20s]
FILE: /Users/wilsonxu/Models/ornith-256k/llamacpp/models/Ornith-1.5-35B-Q6_K.gguf
-------------------------------------------------------------------------------

[#8b2ec5 12GiB/27GiB(47%) CN:9 DL:2.1MiB ETA:1h54m20s]
[#8b2ec5 12GiB/27GiB(47%) CN:9 DL:2.1MiB ETA:1h53m7s]
[#8b2ec5 12GiB/27GiB(47%) CN:9 DL:2.1MiB ETA:1h54m31s]
[#8b2ec5 12GiB/27GiB(47%) CN:9 DL:2.2MiB ETA:1h46m9s]
[#8b2ec5 12GiB/27GiB(47%) CN:9 DL:2.3MiB ETA:1h45m2s]
[#8b2ec5 12GiB/27GiB(47%) CN:9 DL:2.4MiB ETA:1h38m23s]
[#8b2ec5 12GiB/27GiB(47%) CN:9 DL:2.3MiB ETA:1h43m12s]
[#8b2ec5 12GiB/27GiB(47%) CN:9 DL:2.2MiB ETA:1h49m20s]
[#8b2ec5 12GiB/27GiB(47%) CN:9 DL:2.2MiB ETA:1h49m44s]
[#8b2ec5 12GiB/27GiB(47%) CN:9 DL:2.2MiB ETA:1h49m6s]
[#8b2ec5 12GiB/27GiB(47%) CN:9 DL:2.2MiB ETA:1h47m52s]
[#8b2ec5 12GiB/27GiB(47%) CN:9 DL:2.2MiB ETA:1h47m40s]
[#8b2ec5 12GiB/27GiB(47%) CN:9 DL:2.0MiB ETA:1h56m44s]
[#8b2ec5 12GiB/27GiB(47%) CN:9 DL:2.1MiB ETA:1h54m16s]
[#8b2ec5 12GiB/27GiB(47%) CN:9 DL:1.9MiB ETA:2h3m55s]
[#8b2ec5 12GiB/27GiB(47%) CN:9 DL:2.0MiB ETA:1h59m40s]
[#8b2ec5 12GiB/27GiB(47%) CN:9 DL:2.0MiB ETA:1h58m42s]
[#8b2ec5 12GiB/27GiB(47%) CN:9 DL:1.9MiB ETA:2h2m9s]
[#8b2ec5 12GiB/27GiB(47%) CN:9 DL:2.0MiB ETA:2h21s]
[#8b2ec5 12GiB/27GiB(47%) CN:9 DL:1.9MiB ETA:2h8m6s]
[#8b2ec5 12GiB/27GiB(47%) CN:9 DL:1.9MiB ETA:2h6m26s]
[#8b2ec5 12GiB/27GiB(47%) CN:9 DL:1.8MiB ETA:2h9m20s]
[#8b2ec5 12GiB/27GiB(47%) CN:9 DL:1.7MiB ETA:2h15m37s]
[#8b2ec5 12GiB/27GiB(47%) CN:9 DL:1.8MiB ETA:2h9m44s]
[#8b2ec5 12GiB/27GiB(47%) CN:9 DL:1.8MiB ETA:2h9m26s]
[#8b2ec5 12GiB/27GiB(47%) CN:9 DL:1.9MiB ETA:2h7m12s]
[#8b2ec5 12GiB/27GiB(47%) CN:9 DL:1.8MiB ETA:2h11m51s]
[#8b2ec5 12GiB/27GiB(47%) CN:9 DL:1.7MiB ETA:2h19m50s]
[#8b2ec5 12GiB/27GiB(47%) CN:9 DL:1.8MiB ETA:2h11m28s]
[#8b2ec5 12GiB/27GiB(47%) CN:9 DL:1.7MiB ETA:2h20m52s]

08/27 17:01:32 [[1;32mNOTICE[0m] CUID#20 - Redirecting to https://us.aws.cdn.hf.co/xet-bridge-us/6a83fdf1993fbb53ef83dbb1/c5e4bd4e5aead56c29af62fb4180f69b77a2f64cced4d117987bfbfb64860be4?response-content-disposition=inline%3B+filename*%3DUTF-8%27%27Ornith-1.5-35B-Q6_K.gguf%3B+filename%3D%22Ornith-1.5-35B-Q6_K.gguf%22%3B&user_id=public&X-Xet-Cas-Uid=public&Expires=1787824892&Policy=eyJTdGF0ZW1lbnQiOlt7IlJlc291cmNlIjoiaHR0cHM6Ly91cy5hd3MuY2RuLmhmLmNvL3hldC1icmlkZ2UtdXMvNmE4M2ZkZjE5OTNmYmI1M2VmODNkYmIxL2M1ZTRiZDRlNWFlYWQ1NmMyOWFmNjJmYjQxODBmNjliNzdhMmY2NGNjZWQ0ZDExNzk4N2JmYmZiNjQ4NjBiZTRcXD9yZXNwb25zZS1jb250ZW50LWRpc3Bvc2l0aW9uPWlubGluZSUzQitmaWxlbmFtZSUyQSUzRFVURi04JTI3JTI3T3JuaXRoLTEuNS0zNUItUTZfSy5nZ3VmJTNCK2ZpbGVuYW1lJTNEJTIyT3JuaXRoLTEuNS0zNUItUTZfSy5nZ3VmJTIyJTNCJnVzZXJfaWQ9cHVibGljJlgtWGV0LUNhcy1VaWQ9cHVibGljIiwiQ29uZGl0aW9uIjp7IkRhdGVMZXNzVGhhbiI6eyJFcG9jaFRpbWUiOjE3ODc4MjQ4OTJ9fX1dfQ__&Signature=MEUCIGGtuahoPafdziqX0SGhG20aXZpH-p2OQFjxInFQAf7mAiEAtw19I6re-2qZ6yNuru8xooYXhhM5J66dd6wgbeLAEvY_&Key-Pair-Id=01KXEF4KZ1B6FV465MAWR4M21F
[#8b2ec5 12GiB/27GiB(47%) CN:9 DL:1.7MiB ETA:2h20m9s]
[#8b2ec5 12GiB/27GiB(47%) CN:9 DL:1.6MiB ETA:2h24m11s]
[#8b2ec5 12GiB/27GiB(47%) CN:9 DL:1.4MiB ETA:2h46m51s]
[#8b2ec5 12GiB/27GiB(47%) CN:9 DL:1.3MiB ETA:2h55m11s]
[#8b2ec5 12GiB/27GiB(47%) CN:9 DL:1.3MiB ETA:2h59m19s]

08/27 17:01:37 [[1;32mNOTICE[0m] CUID#22 - Redirecting to https://us.aws.cdn.hf.co/xet-bridge-us/6a83fdf1993fbb53ef83dbb1/c5e4bd4e5aead56c29af62fb4180f69b77a2f64cced4d117987bfbfb64860be4?user_id=public&X-Xet-Cas-Uid=public&response-content-disposition=inline%3B+filename*%3DUTF-8%27%27Ornith-1.5-35B-Q6_K.gguf%3B+filename%3D%22Ornith-1.5-35B-Q6_K.gguf%22%3B&Expires=1787824897&Policy=eyJTdGF0ZW1lbnQiOlt7IlJlc291cmNlIjoiaHR0cHM6Ly91cy5hd3MuY2RuLmhmLmNvL3hldC1icmlkZ2UtdXMvNmE4M2ZkZjE5OTNmYmI1M2VmODNkYmIxL2M1ZTRiZDRlNWFlYWQ1NmMyOWFmNjJmYjQxODBmNjliNzdhMmY2NGNjZWQ0ZDExNzk4N2JmYmZiNjQ4NjBiZTRcXD91c2VyX2lkPXB1YmxpYyZYLVhldC1DYXMtVWlkPXB1YmxpYyZyZXNwb25zZS1jb250ZW50LWRpc3Bvc2l0aW9uPWlubGluZSUzQitmaWxlbmFtZSUyQSUzRFVURi04JTI3JTI3T3JuaXRoLTEuNS0zNUItUTZfSy5nZ3VmJTNCK2ZpbGVuYW1lJTNEJTIyT3JuaXRoLTEuNS0zNUItUTZfSy5nZ3VmJTIyJTNCIiwiQ29uZGl0aW9uIjp7IkRhdGVMZXNzVGhhbiI6eyJFcG9jaFRpbWUiOjE3ODc4MjQ4OTd9fX1dfQ__&Signature=MEUCIFJ%7EHkY5UiU52ASsxgMuM6avhwVCtJrWjbAkuBTkTMSKAiEA6ovPFDEBiw7wERE%7EzAzKN9geDVI72%7EPtmdnCPKj3WgE_&Key-Pair-Id=01KXEF4KZ1B6FV465MAWR4M21F
[#8b2ec5 12GiB/27GiB(47%) CN:9 DL:1.3MiB ETA:3h3m22s]

08/27 17:01:38 [[1;32mNOTICE[0m] CUID#14 - Redirecting to https://us.aws.cdn.hf.co/xet-bridge-us/6a83fdf1993fbb53ef83dbb1/c5e4bd4e5aead56c29af62fb4180f69b77a2f64cced4d117987bfbfb64860be4?response-content-disposition=inline%3B+filename*%3DUTF-8%27%27Ornith-1.5-35B-Q6_K.gguf%3B+filename%3D%22Ornith-1.5-35B-Q6_K.gguf%22%3B&user_id=public&X-Xet-Cas-Uid=public&Expires=1787824898&Policy=eyJTdGF0ZW1lbnQiOlt7IlJlc291cmNlIjoiaHR0cHM6Ly91cy5hd3MuY2RuLmhmLmNvL3hldC1icmlkZ2UtdXMvNmE4M2ZkZjE5OTNmYmI1M2VmODNkYmIxL2M1ZTRiZDRlNWFlYWQ1NmMyOWFmNjJmYjQxODBmNjliNzdhMmY2NGNjZWQ0ZDExNzk4N2JmYmZiNjQ4NjBiZTRcXD9yZXNwb25zZS1jb250ZW50LWRpc3Bvc2l0aW9uPWlubGluZSUzQitmaWxlbmFtZSUyQSUzRFVURi04JTI3JTI3T3JuaXRoLTEuNS0zNUItUTZfSy5nZ3VmJTNCK2ZpbGVuYW1lJTNEJTIyT3JuaXRoLTEuNS0zNUItUTZfSy5nZ3VmJTIyJTNCJnVzZXJfaWQ9cHVibGljJlgtWGV0LUNhcy1VaWQ9cHVibGljIiwiQ29uZGl0aW9uIjp7IkRhdGVMZXNzVGhhbiI6eyJFcG9jaFRpbWUiOjE3ODc4MjQ4OTh9fX1dfQ__&Signature=MEQCIBARKg3-LaNHATrWMDs6zExY%7Ey-W9LLrragPhFLEKROkAiAJ568iIsnZf0KXugnQi2uwhzklswNPn4F-vnIS6l6MqA__&Key-Pair-Id=01KXEF4KZ1B6FV465MAWR4M21F
[#8b2ec5 12GiB/27GiB(47%) CN:9 DL:1.3MiB ETA:3h43s]
[#8b2ec5 12GiB/27GiB(47%) CN:9 DL:1.4MiB ETA:2h52m47s]
[#8b2ec5 12GiB/27GiB(47%) CN:9 DL:1.5MiB ETA:2h36m3s]
[#8b2ec5 12GiB/27GiB(47%) CN:9 DL:1.7MiB ETA:2h18m2s]
[#8b2ec5 12GiB/27GiB(47%) CN:9 DL:1.9MiB ETA:2h7m30s]

08/27 17:01:44 [[1;32mNOTICE[0m] CUID#13 - Redirecting to https://us.aws.cdn.hf.co/xet-bridge-us/6a83fdf1993fbb53ef83dbb1/c5e4bd4e5aead56c29af62fb4180f69b77a2f64cced4d117987bfbfb64860be4?user_id=public&response-content-disposition=inline%3B+filename*%3DUTF-8%27%27Ornith-1.5-35B-Q6_K.gguf%3B+filename%3D%22Ornith-1.5-35B-Q6_K.gguf%22%3B&X-Xet-Cas-Uid=public&Expires=1787824904&Policy=eyJTdGF0ZW1lbnQiOlt7IlJlc291cmNlIjoiaHR0cHM6Ly91cy5hd3MuY2RuLmhmLmNvL3hldC1icmlkZ2UtdXMvNmE4M2ZkZjE5OTNmYmI1M2VmODNkYmIxL2M1ZTRiZDRlNWFlYWQ1NmMyOWFmNjJmYjQxODBmNjliNzdhMmY2NGNjZWQ0ZDExNzk4N2JmYmZiNjQ4NjBiZTRcXD91c2VyX2lkPXB1YmxpYyZyZXNwb25zZS1jb250ZW50LWRpc3Bvc2l0aW9uPWlubGluZSUzQitmaWxlbmFtZSUyQSUzRFVURi04JTI3JTI3T3JuaXRoLTEuNS0zNUItUTZfSy5nZ3VmJTNCK2ZpbGVuYW1lJTNEJTIyT3JuaXRoLTEuNS0zNUItUTZfSy5nZ3VmJTIyJTNCJlgtWGV0LUNhcy1VaWQ9cHVibGljIiwiQ29uZGl0aW9uIjp7IkRhdGVMZXNzVGhhbiI6eyJFcG9jaFRpbWUiOjE3ODc4MjQ5MDR9fX1dfQ__&Signature=MEUCIE5TjTKcu%7EfKTPyczrg5JLowuM19ZOUbtwG0VZALubhNAiEA8gMrQvuzSNgLb7F-d9EAljyWF4plk3InL3BjDaeIb6Q_&Key-Pair-Id=01KXEF4KZ1B6FV465MAWR4M21F
[#8b2ec5 12GiB/27GiB(47%) CN:9 DL:2.3MiB ETA:1h42m32s]
[#8b2ec5 12GiB/27GiB(47%) CN:9 DL:2.5MiB ETA:1h37m2s]
[#8b2ec5 12GiB/27GiB(47%) CN:9 DL:2.8MiB ETA:1h24m41s]
[#8b2ec5 12GiB/27GiB(47%) CN:9 DL:3.1MiB ETA:1h17m15s]

08/27 17:01:48 [[1;32mNOTICE[0m] CUID#19 - Redirecting to https://us.aws.cdn.hf.co/xet-bridge-us/6a83fdf1993fbb53ef83dbb1/c5e4bd4e5aead56c29af62fb4180f69b77a2f64cced4d117987bfbfb64860be4?X-Xet-Cas-Uid=public&user_id=public&response-content-disposition=inline%3B+filename*%3DUTF-8%27%27Ornith-1.5-35B-Q6_K.gguf%3B+filename%3D%22Ornith-1.5-35B-Q6_K.gguf%22%3B&Expires=1787824908&Policy=eyJTdGF0ZW1lbnQiOlt7IlJlc291cmNlIjoiaHR0cHM6Ly91cy5hd3MuY2RuLmhmLmNvL3hldC1icmlkZ2UtdXMvNmE4M2ZkZjE5OTNmYmI1M2VmODNkYmIxL2M1ZTRiZDRlNWFlYWQ1NmMyOWFmNjJmYjQxODBmNjliNzdhMmY2NGNjZWQ0ZDExNzk4N2JmYmZiNjQ4NjBiZTRcXD9YLVhldC1DYXMtVWlkPXB1YmxpYyZ1c2VyX2lkPXB1YmxpYyZyZXNwb25zZS1jb250ZW50LWRpc3Bvc2l0aW9uPWlubGluZSUzQitmaWxlbmFtZSUyQSUzRFVURi04JTI3JTI3T3JuaXRoLTEuNS0zNUItUTZfSy5nZ3VmJTNCK2ZpbGVuYW1lJTNEJTIyT3JuaXRoLTEuNS0zNUItUTZfSy5nZ3VmJTIyJTNCIiwiQ29uZGl0aW9uIjp7IkRhdGVMZXNzVGhhbiI6eyJFcG9jaFRpbWUiOjE3ODc4MjQ5MDh9fX1dfQ__&Signature=MEUCIGsyf-NXURUo2W49%7Ese0hXefMEap6gQU1vEIMNkoK2z5AiEAsO7EEQKNfHCMkoJPUX9KuppfiKhq91EzPGDB9zOzwa4_&Key-Pair-Id=01KXEF4KZ1B6FV465MAWR4M21F
[#8b2ec5 12GiB/27GiB(47%) CN:9 DL:3.5MiB ETA:1h9m2s]
[#8b2ec5 12GiB/27GiB(47%) CN:9 DL:3.6MiB ETA:1h6m39s]
[#8b2ec5 12GiB/27GiB(47%) CN:9 DL:3.8MiB ETA:1h2m30s]
[#8b2ec5 12GiB/27GiB(47%) CN:9 DL:3.9MiB ETA:1h1m1s]
[#8b2ec5 13GiB/27GiB(47%) CN:9 DL:4.1MiB ETA:58m7s]

08/27 17:01:53 [[1;32mNOTICE[0m] CUID#23 - Redirecting to https://us.aws.cdn.hf.co/xet-bridge-us/6a83fdf1993fbb53ef83dbb1/c5e4bd4e5aead56c29af62fb4180f69b77a2f64cced4d117987bfbfb64860be4?user_id=public&X-Xet-Cas-Uid=public&response-content-disposition=inline%3B+filename*%3DUTF-8%27%27Ornith-1.5-35B-Q6_K.gguf%3B+filename%3D%22Ornith-1.5-35B-Q6_K.gguf%22%3B&Expires=1787824913&Policy=eyJTdGF0ZW1lbnQiOlt7IlJlc291cmNlIjoiaHR0cHM6Ly91cy5hd3MuY2RuLmhmLmNvL3hldC1icmlkZ2UtdXMvNmE4M2ZkZjE5OTNmYmI1M2VmODNkYmIxL2M1ZTRiZDRlNWFlYWQ1NmMyOWFmNjJmYjQxODBmNjliNzdhMmY2NGNjZWQ0ZDExNzk4N2JmYmZiNjQ4NjBiZTRcXD91c2VyX2lkPXB1YmxpYyZYLVhldC1DYXMtVWlkPXB1YmxpYyZyZXNwb25zZS1jb250ZW50LWRpc3Bvc2l0aW9uPWlubGluZSUzQitmaWxlbmFtZSUyQSUzRFVURi04JTI3JTI3T3JuaXRoLTEuNS0zNUItUTZfSy5nZ3VmJTNCK2ZpbGVuYW1lJTNEJTIyT3JuaXRoLTEuNS0zNUItUTZfSy5nZ3VmJTIyJTNCIiwiQ29uZGl0aW9uIjp7IkRhdGVMZXNzVGhhbiI6eyJFcG9jaFRpbWUiOjE3ODc4MjQ5MTN9fX1dfQ__&Signature=MEUCIQD5F797kWXPovlCxo6VpCs4lmLVLKvXYtrcSG9mMfWklgIgPze8qOALb9L0OC7ToMLOVGV1FQldpbi6DXViw4LWRuU_&Key-Pair-Id=01KXEF4KZ1B6FV465MAWR4M21F
[#8b2ec5 13GiB/27GiB(47%) CN:9 DL:4.1MiB ETA:57m45s]
[#8b2ec5 13GiB/27GiB(47%) CN:9 DL:4.4MiB ETA:54m19s]
[#8b2ec5 13GiB/27GiB(47%) CN:9 DL:4.3MiB ETA:55m21s]
[#8b2ec5 13GiB/27GiB(47%) CN:9 DL:4.5MiB ETA:52m53s]
[#8b2ec5 13GiB/27GiB(47%) CN:9 DL:4.9MiB ETA:48m41s]
[#8b2ec5 13GiB/27GiB(47%) CN:9 DL:5.4MiB ETA:43m57s]
[#8b2ec5 13GiB/27GiB(47%) CN:9 DL:5.4MiB ETA:43m59s]
[#8b2ec5 13GiB/27GiB(47%) CN:9 DL:6.1MiB ETA:39m33s]
 *** Download Progress Summary as of Thu Aug 27 17:02:02 2026 *** 
===============================================================================
[#8b2ec5 13GiB/27GiB(48%) CN:9 DL:6.3MiB ETA:37m54s]
FILE: /Users/wilsonxu/Models/ornith-256k/llamacpp/models/Ornith-1.5-35B-Q6_K.gguf
-------------------------------------------------------------------------------

[#8b2ec5 13GiB/27GiB(48%) CN:9 DL:6.3MiB ETA:37m54s]

08/27 17:02:02 [[1;32mNOTICE[0m] CUID#21 - Redirecting to https://us.aws.cdn.hf.co/xet-bridge-us/6a83fdf1993fbb53ef83dbb1/c5e4bd4e5aead56c29af62fb4180f69b77a2f64cced4d117987bfbfb64860be4?X-Xet-Cas-Uid=public&response-content-disposition=inline%3B+filename*%3DUTF-8%27%27Ornith-1.5-35B-Q6_K.gguf%3B+filename%3D%22Ornith-1.5-35B-Q6_K.gguf%22%3B&user_id=public&Expires=1787824921&Policy=eyJTdGF0ZW1lbnQiOlt7IlJlc291cmNlIjoiaHR0cHM6Ly91cy5hd3MuY2RuLmhmLmNvL3hldC1icmlkZ2UtdXMvNmE4M2ZkZjE5OTNmYmI1M2VmODNkYmIxL2M1ZTRiZDRlNWFlYWQ1NmMyOWFmNjJmYjQxODBmNjliNzdhMmY2NGNjZWQ0ZDExNzk4N2JmYmZiNjQ4NjBiZTRcXD9YLVhldC1DYXMtVWlkPXB1YmxpYyZyZXNwb25zZS1jb250ZW50LWRpc3Bvc2l0aW9uPWlubGluZSUzQitmaWxlbmFtZSUyQSUzRFVURi04JTI3JTI3T3JuaXRoLTEuNS0zNUItUTZfSy5nZ3VmJTNCK2ZpbGVuYW1lJTNEJTIyT3JuaXRoLTEuNS0zNUItUTZfSy5nZ3VmJTIyJTNCJnVzZXJfaWQ9cHVibGljIiwiQ29uZGl0aW9uIjp7IkRhdGVMZXNzVGhhbiI6eyJFcG9jaFRpbWUiOjE3ODc4MjQ5MjF9fX1dfQ__&Signature=MEYCIQDVOfaeWtE2wT67B3A7mpdFmMpVkm9envPO0p5i0mOkjQIhAO-wSOd2jNYMODyHidoywSrAG%7ECUMWnE%7EWcNug9nUWNJ&Key-Pair-Id=01KXEF4KZ1B6FV465MAWR4M21F
[#8b2ec5 13GiB/27GiB(48%) CN:9 DL:6.8MiB ETA:35m11s]
[#8b2ec5 13GiB/27GiB(48%) CN:9 DL:6.7MiB ETA:35m35s]
[#8b2ec5 13GiB/27GiB(48%) CN:9 DL:7.1MiB ETA:33m30s]
[#8b2ec5 13GiB/27GiB(48%) CN:9 DL:7.2MiB ETA:33m11s]
[#8b2ec5 13GiB/27GiB(48%) CN:9 DL:7.2MiB ETA:33m6s]
[#8b2ec5 13GiB/27GiB(48%) CN:9 DL:6.9MiB ETA:34m36s]
[#8b2ec5 13GiB/27GiB(48%) CN:9 DL:7.3MiB ETA:32m48s]
[#8b2ec5 13GiB/27GiB(48%) CN:9 DL:6.7MiB ETA:35m21s]
[#8b2ec5 13GiB/27GiB(48%) CN:9 DL:6.8MiB ETA:35m18s]
[#8b2ec5 13GiB/27GiB(48%) CN:9 DL:6.6MiB ETA:35m54s]
[#8b2ec5 13GiB/27GiB(48%) CN:9 DL:6.7MiB ETA:35m18s]
[#8b2ec5 13GiB/27GiB(48%) CN:9 DL:6.8MiB ETA:34m46s]
[#8b2ec5 13GiB/27GiB(48%) CN:9 DL:7.1MiB ETA:33m45s]
[#8b2ec5 13GiB/27GiB(48%) CN:9 DL:6.6MiB ETA:35m54s]
[#8b2ec5 13GiB/27GiB(48%) CN:9 DL:6.8MiB ETA:34m51s]
[#8b2ec5 13GiB/27GiB(48%) CN:9 DL:6.8MiB ETA:34m57s]
[#8b2ec5 13GiB/27GiB(48%) CN:9 DL:7.2MiB ETA:33m3s]
[#8b2ec5 13GiB/27GiB(48%) CN:9 DL:6.7MiB ETA:35m10s]
[#8b2ec5 13GiB/27GiB(48%) CN:9 DL:6.7MiB ETA:35m25s]
[#8b2ec5 13GiB/27GiB(48%) CN:9 DL:6.6MiB ETA:35m45s]
[#8b2ec5 13GiB/27GiB(48%) CN:9 DL:6.0MiB ETA:39m16s]
[#8b2ec5 13GiB/27GiB(48%) CN:9 DL:5.9MiB ETA:40m26s]
[#8b2ec5 13GiB/27GiB(48%) CN:9 DL:5.5MiB ETA:43m2s]
[#8b2ec5 13GiB/27GiB(48%) CN:9 DL:5.1MiB ETA:46m42s]
[#8b2ec5 13GiB/27GiB(48%) CN:9 DL:4.8MiB ETA:49m29s]
[#8b2ec5 13GiB/27GiB(48%) CN:9 DL:4.3MiB ETA:55m8s]
[#8b2ec5 13GiB/27GiB(48%) CN:9 DL:4.7MiB ETA:50m8s]
[#8b2ec5 13GiB/27GiB(48%) CN:9 DL:4.3MiB ETA:54m19s]
[#8b2ec5 13GiB/27GiB(48%) CN:9 DL:4.2MiB ETA:56m21s]
[#8b2ec5 13GiB/27GiB(48%) CN:9 DL:4.4MiB ETA:53m53s]
[#8b2ec5 13GiB/27GiB(48%) CN:9 DL:4.4MiB ETA:53m45s]
[#8b2ec5 13GiB/27GiB(48%) CN:9 DL:4.6MiB ETA:51m22s]
[#8b2ec5 13GiB/27GiB(48%) CN:9 DL:5.0MiB ETA:47m24s]
[#8b2ec5 13GiB/27GiB(48%) CN:9 DL:5.0MiB ETA:47m1s]
[#8b2ec5 13GiB/27GiB(48%) CN:9 DL:4.9MiB ETA:47m35s]
[#8b2ec5 13GiB/27GiB(48%) CN:9 DL:4.8MiB ETA:49m12s]

08/27 17:02:41 [[1;32mNOTICE[0m] CUID#17 - Redirecting to https://us.aws.cdn.hf.co/xet-bridge-us/6a83fdf1993fbb53ef83dbb1/c5e4bd4e5aead56c29af62fb4180f69b77a2f64cced4d117987bfbfb64860be4?response-content-disposition=inline%3B+filename*%3DUTF-8%27%27Ornith-1.5-35B-Q6_K.gguf%3B+filename%3D%22Ornith-1.5-35B-Q6_K.gguf%22%3B&X-Xet-Cas-Uid=public&user_id=public&Expires=1787824960&Policy=eyJTdGF0ZW1lbnQiOlt7IlJlc291cmNlIjoiaHR0cHM6Ly91cy5hd3MuY2RuLmhmLmNvL3hldC1icmlkZ2UtdXMvNmE4M2ZkZjE5OTNmYmI1M2VmODNkYmIxL2M1ZTRiZDRlNWFlYWQ1NmMyOWFmNjJmYjQxODBmNjliNzdhMmY2NGNjZWQ0ZDExNzk4N2JmYmZiNjQ4NjBiZTRcXD9yZXNwb25zZS1jb250ZW50LWRpc3Bvc2l0aW9uPWlubGluZSUzQitmaWxlbmFtZSUyQSUzRFVURi04JTI3JTI3T3JuaXRoLTEuNS0zNUItUTZfSy5nZ3VmJTNCK2ZpbGVuYW1lJTNEJTIyT3JuaXRoLTEuNS0zNUItUTZfSy5nZ3VmJTIyJTNCJlgtWGV0LUNhcy1VaWQ9cHVibGljJnVzZXJfaWQ9cHVibGljIiwiQ29uZGl0aW9uIjp7IkRhdGVMZXNzVGhhbiI6eyJFcG9jaFRpbWUiOjE3ODc4MjQ5NjB9fX1dfQ__&Signature=MEYCIQC%7EAF208WEd0vUiVqTCXTEbRoaRfXhAqeG%7EFO6aXdw37AIhAPrvNBWbzx-g8NbCVf4lZfjtMjris1CsggeGASqIRpLV&Key-Pair-Id=01KXEF4KZ1B6FV465MAWR4M21F
[#8b2ec5 13GiB/27GiB(48%) CN:9 DL:4.9MiB ETA:48m]
[#8b2ec5 13GiB/27GiB(48%) CN:9 DL:4.9MiB ETA:47m53s]
[#8b2ec5 13GiB/27GiB(48%) CN:9 DL:4.6MiB ETA:50m39s]
[#8b2ec5 13GiB/27GiB(48%) CN:9 DL:4.6MiB ETA:50m36s]
[#8b2ec5 13GiB/27GiB(48%) CN:9 DL:4.8MiB ETA:49m18s]
[#8b2ec5 13GiB/27GiB(48%) CN:9 DL:4.4MiB ETA:53m5s]
[#8b2ec5 13GiB/27GiB(48%) CN:9 DL:4.4MiB ETA:53m9s]
[#8b2ec5 13GiB/27GiB(48%) CN:9 DL:4.7MiB ETA:50m15s]
[#8b2ec5 13GiB/27GiB(48%) CN:9 DL:4.7MiB ETA:49m46s]
[#8b2ec5 13GiB/27GiB(48%) CN:9 DL:4.9MiB ETA:48m9s]
[#8b2ec5 13GiB/27GiB(49%) CN:9 DL:5.1MiB ETA:45m58s]
[#8b2ec5 13GiB/27GiB(49%) CN:9 DL:5.4MiB ETA:43m41s]
[#8b2ec5 13GiB/27GiB(49%) CN:9 DL:5.4MiB ETA:43m44s]
[#8b2ec5 13GiB/27GiB(49%) CN:9 DL:5.5MiB ETA:42m13s]
[#8b2ec5 13GiB/27GiB(49%) CN:9 DL:5.7MiB ETA:40m58s]
[#8b2ec5 13GiB/27GiB(49%) CN:9 DL:5.7MiB ETA:40m45s]
[#8b2ec5 13GiB/27GiB(49%) CN:9 DL:5.9MiB ETA:39m42s]
[#8b2ec5 13GiB/27GiB(49%) CN:9 DL:5.7MiB ETA:41m11s]
[#8b2ec5 13GiB/27GiB(49%) CN:9 DL:5.4MiB ETA:43m17s]
[#8b2ec5 13GiB/27GiB(49%) CN:9 DL:5.5MiB ETA:42m46s]
[#8b2ec5 13GiB/27GiB(49%) CN:9 DL:5.6MiB ETA:42m4s]
 *** Download Progress Summary as of Thu Aug 27 17:03:03 2026 *** 
===============================================================================
[#8b2ec5 13GiB/27GiB(49%) CN:9 DL:5.5MiB ETA:42m46s]
FILE: /Users/wilsonxu/Models/ornith-256k/llamacpp/models/Ornith-1.5-35B-Q6_K.gguf
-------------------------------------------------------------------------------

[#8b2ec5 13GiB/27GiB(49%) CN:9 DL:5.5MiB ETA:42m46s]
[#8b2ec5 13GiB/27GiB(49%) CN:9 DL:5.4MiB ETA:42m58s]
[#8b2ec5 13GiB/27GiB(49%) CN:9 DL:5.2MiB ETA:44m47s]
[#8b2ec5 13GiB/27GiB(49%) CN:9 DL:5.4MiB ETA:42m59s]
[#8b2ec5 13GiB/27GiB(49%) CN:9 DL:5.3MiB ETA:43m45s]
[#8b2ec5 13GiB/27GiB(49%) CN:9 DL:5.6MiB ETA:41m53s]
[#8b2ec5 13GiB/27GiB(49%) CN:9 DL:5.6MiB ETA:41m45s]
[#8b2ec5 13GiB/27GiB(49%) CN:9 DL:5.5MiB ETA:42m42s]
[#8b2ec5 13GiB/27GiB(49%) CN:9 DL:5.5MiB ETA:42m7s]
[#8b2ec5 13GiB/27GiB(49%) CN:9 DL:5.5MiB ETA:42m9s]
[#8b2ec5 13GiB/27GiB(49%) CN:9 DL:5.5MiB ETA:42m37s]
[#8b2ec5 13GiB/27GiB(49%) CN:9 DL:5.6MiB ETA:41m43s]
[#8b2ec5 13GiB/27GiB(49%) CN:9 DL:5.3MiB ETA:43m48s]
[#8b2ec5 13GiB/27GiB(49%) CN:9 DL:5.3MiB ETA:44m13s]

08/27 17:03:17 [[1;32mNOTICE[0m] CUID#18 - Redirecting to https://us.aws.cdn.hf.co/xet-bridge-us/6a83fdf1993fbb53ef83dbb1/c5e4bd4e5aead56c29af62fb4180f69b77a2f64cced4d117987bfbfb64860be4?X-Xet-Cas-Uid=public&response-content-disposition=inline%3B+filename*%3DUTF-8%27%27Ornith-1.5-35B-Q6_K.gguf%3B+filename%3D%22Ornith-1.5-35B-Q6_K.gguf%22%3B&user_id=public&Expires=1787824995&Policy=eyJTdGF0ZW1lbnQiOlt7IlJlc291cmNlIjoiaHR0cHM6Ly91cy5hd3MuY2RuLmhmLmNvL3hldC1icmlkZ2UtdXMvNmE4M2ZkZjE5OTNmYmI1M2VmODNkYmIxL2M1ZTRiZDRlNWFlYWQ1NmMyOWFmNjJmYjQxODBmNjliNzdhMmY2NGNjZWQ0ZDExNzk4N2JmYmZiNjQ4NjBiZTRcXD9YLVhldC1DYXMtVWlkPXB1YmxpYyZyZXNwb25zZS1jb250ZW50LWRpc3Bvc2l0aW9uPWlubGluZSUzQitmaWxlbmFtZSUyQSUzRFVURi04JTI3JTI3T3JuaXRoLTEuNS0zNUItUTZfSy5nZ3VmJTNCK2ZpbGVuYW1lJTNEJTIyT3JuaXRoLTEuNS0zNUItUTZfSy5nZ3VmJTIyJTNCJnVzZXJfaWQ9cHVibGljIiwiQ29uZGl0aW9uIjp7IkRhdGVMZXNzVGhhbiI6eyJFcG9jaFRpbWUiOjE3ODc4MjQ5OTV9fX1dfQ__&Signature=MEUCIFtG9B2i1%7E6zqW9ELxyDbR5nEazgnjy6UvOQPlscEAQlAiEAvGjtuYoZe9xtwy16lXiIUd0gP4TA3kCkBOfkAsheUVA_&Key-Pair-Id=01KXEF4KZ1B6FV465MAWR4M21F
[#8b2ec5 13GiB/27GiB(49%) CN:9 DL:5.4MiB ETA:42m55s]
[#8b2ec5 13GiB/27GiB(49%) CN:9 DL:5.5MiB ETA:42m4s]
[#8b2ec5 13GiB/27GiB(49%) CN:9 DL:5.4MiB ETA:43m11s]
[#8b2ec5 13GiB/27GiB(49%) CN:9 DL:5.1MiB ETA:45m7s]
[#8b2ec5 13GiB/27GiB(49%) CN:9 DL:4.7MiB ETA:49m35s]
[#8b2ec5 13GiB/27GiB(49%) CN:9 DL:4.5MiB ETA:51m33s]
[#8b2ec5 13GiB/27GiB(49%) CN:9 DL:4.4MiB ETA:52m47s]
[#8b2ec5 13GiB/27GiB(49%) CN:9 DL:4.3MiB ETA:53m43s]
[#8b2ec5 13GiB/27GiB(49%) CN:9 DL:4.4MiB ETA:52m12s]
[#8b2ec5 13GiB/27GiB(49%) CN:9 DL:4.2MiB ETA:54m47s]
[#8b2ec5 13GiB/27GiB(49%) CN:9 DL:4.1MiB ETA:56m49s]
[#8b2ec5 13GiB/27GiB(49%) CN:9 DL:4.3MiB ETA:53m58s]
[#8b2ec5 13GiB/27GiB(49%) CN:9 DL:4.3MiB ETA:54m10s]
[#8b2ec5 13GiB/27GiB(49%) CN:9 DL:4.8MiB ETA:48m30s]
[#8b2ec5 13GiB/27GiB(49%) CN:9 DL:4.9MiB ETA:47m10s]
[#8b2ec5 13GiB/27GiB(49%) CN:9 DL:4.8MiB ETA:48m3s]
[#8b2ec5 13GiB/27GiB(49%) CN:9 DL:5.1MiB ETA:45m21s]
[#8b2ec5 13GiB/27GiB(49%) CN:9 DL:4.8MiB ETA:47m56s]
[#8b2ec5 13GiB/27GiB(49%) CN:9 DL:4.6MiB ETA:49m36s]
[#8b2ec5 13GiB/27GiB(49%) CN:9 DL:4.5MiB ETA:50m40s]
[#8b2ec5 13GiB/27GiB(49%) CN:9 DL:4.4MiB ETA:51m45s]
[#8b2ec5 13GiB/27GiB(49%) CN:9 DL:4.4MiB ETA:52m19s]
[#8b2ec5 13GiB/27GiB(49%) CN:9 DL:4.6MiB ETA:49m39s]
[#8b2ec5 13GiB/27GiB(49%) CN:9 DL:4.5MiB ETA:51m9s]
[#8b2ec5 13GiB/27GiB(49%) CN:9 DL:4.1MiB ETA:56m]
[#8b2ec5 13GiB/27GiB(49%) CN:9 DL:4.1MiB ETA:55m49s]
[#8b2ec5 13GiB/27GiB(49%) CN:9 DL:4.1MiB ETA:55m19s]
[#8b2ec5 13GiB/27GiB(49%) CN:9 DL:4.0MiB ETA:57m18s]
[#8b2ec5 13GiB/27GiB(49%) CN:9 DL:4.1MiB ETA:56m11s]
[#8b2ec5 13GiB/27GiB(50%) CN:9 DL:4.0MiB ETA:56m43s]
[#8b2ec5 13GiB/27GiB(50%) CN:9 DL:4.0MiB ETA:57m31s]
[#8b2ec5 13GiB/27GiB(50%) CN:9 DL:3.9MiB ETA:58m21s]
[#8b2ec5 13GiB/27GiB(50%) CN:9 DL:4.0MiB ETA:57m46s]
[#8b2ec5 13GiB/27GiB(50%) CN:9 DL:4.0MiB ETA:57m35s]
[#8b2ec5 13GiB/27GiB(50%) CN:9 DL:3.9MiB ETA:59m7s]
[#8b2ec5 13GiB/27GiB(50%) CN:9 DL:3.8MiB ETA:1h48s]
[#8b2ec5 13GiB/27GiB(50%) CN:9 DL:3.8MiB ETA:59m24s]
[#8b2ec5 13GiB/27GiB(50%) CN:9 DL:3.9MiB ETA:58m52s]
[#8b2ec5 13GiB/27GiB(50%) CN:9 DL:3.8MiB ETA:1h45s]
[#8b2ec5 13GiB/27GiB(50%) CN:9 DL:3.7MiB ETA:1h1m19s]
[#8b2ec5 13GiB/27GiB(50%) CN:9 DL:3.6MiB ETA:1h2m44s]

08/27 17:04:00 [[1;32mNOTICE[0m] CUID#22 - Redirecting to https://us.aws.cdn.hf.co/xet-bridge-us/6a83fdf1993fbb53ef83dbb1/c5e4bd4e5aead56c29af62fb4180f69b77a2f64cced4d117987bfbfb64860be4?user_id=public&X-Xet-Cas-Uid=public&response-content-disposition=inline%3B+filename*%3DUTF-8%27%27Ornith-1.5-35B-Q6_K.gguf%3B+filename%3D%22Ornith-1.5-35B-Q6_K.gguf%22%3B&Expires=1787825039&Policy=eyJTdGF0ZW1lbnQiOlt7IlJlc291cmNlIjoiaHR0cHM6Ly91cy5hd3MuY2RuLmhmLmNvL3hldC1icmlkZ2UtdXMvNmE4M2ZkZjE5OTNmYmI1M2VmODNkYmIxL2M1ZTRiZDRlNWFlYWQ1NmMyOWFmNjJmYjQxODBmNjliNzdhMmY2NGNjZWQ0ZDExNzk4N2JmYmZiNjQ4NjBiZTRcXD91c2VyX2lkPXB1YmxpYyZYLVhldC1DYXMtVWlkPXB1YmxpYyZyZXNwb25zZS1jb250ZW50LWRpc3Bvc2l0aW9uPWlubGluZSUzQitmaWxlbmFtZSUyQSUzRFVURi04JTI3JTI3T3JuaXRoLTEuNS0zNUItUTZfSy5nZ3VmJTNCK2ZpbGVuYW1lJTNEJTIyT3JuaXRoLTEuNS0zNUItUTZfSy5nZ3VmJTIyJTNCIiwiQ29uZGl0aW9uIjp7IkRhdGVMZXNzVGhhbiI6eyJFcG9jaFRpbWUiOjE3ODc4MjUwMzl9fX1dfQ__&Signature=MEUCIBmeX7sjBJRk7rHDfMYUnixQ6SWKTcpItJSrQ1gKFoEtAiEArmOL%7EY22SCOSKryM7Vmj03nBUIoenF2swjl22sst6dU_&Key-Pair-Id=01KXEF4KZ1B6FV465MAWR4M21F

08/27 17:04:00 [[1;32mNOTICE[0m] CUID#17 - Redirecting to https://us.aws.cdn.hf.co/xet-bridge-us/6a83fdf1993fbb53ef83dbb1/c5e4bd4e5aead56c29af62fb4180f69b77a2f64cced4d117987bfbfb64860be4?user_id=public&X-Xet-Cas-Uid=public&response-content-disposition=inline%3B+filename*%3DUTF-8%27%27Ornith-1.5-35B-Q6_K.gguf%3B+filename%3D%22Ornith-1.5-35B-Q6_K.gguf%22%3B&Expires=1787825040&Policy=eyJTdGF0ZW1lbnQiOlt7IlJlc291cmNlIjoiaHR0cHM6Ly91cy5hd3MuY2RuLmhmLmNvL3hldC1icmlkZ2UtdXMvNmE4M2ZkZjE5OTNmYmI1M2VmODNkYmIxL2M1ZTRiZDRlNWFlYWQ1NmMyOWFmNjJmYjQxODBmNjliNzdhMmY2NGNjZWQ0ZDExNzk4N2JmYmZiNjQ4NjBiZTRcXD91c2VyX2lkPXB1YmxpYyZYLVhldC1DYXMtVWlkPXB1YmxpYyZyZXNwb25zZS1jb250ZW50LWRpc3Bvc2l0aW9uPWlubGluZSUzQitmaWxlbmFtZSUyQSUzRFVURi04JTI3JTI3T3JuaXRoLTEuNS0zNUItUTZfSy5nZ3VmJTNCK2ZpbGVuYW1lJTNEJTIyT3JuaXRoLTEuNS0zNUItUTZfSy5nZ3VmJTIyJTNCIiwiQ29uZGl0aW9uIjp7IkRhdGVMZXNzVGhhbiI6eyJFcG9jaFRpbWUiOjE3ODc4MjUwNDB9fX1dfQ__&Signature=MEUCIHhBVptR3P6aoQEc3YugPrIvOpy2A3q2qr-LbpTIpltuAiEAuPjzx2l6LcBwyVN%7ET3FE4AOzu6se4sTRi-zzaBfJ8xE_&Key-Pair-Id=01KXEF4KZ1B6FV465MAWR4M21F
[#8b2ec5 13GiB/27GiB(50%) CN:9 DL:3.3MiB ETA:1h8m13s]
[#8b2ec5 13GiB/27GiB(50%) CN:9 DL:3.2MiB ETA:1h11m33s]

08/27 17:04:02 [[1;32mNOTICE[0m] CUID#23 - Redirecting to https://us.aws.cdn.hf.co/xet-bridge-us/6a83fdf1993fbb53ef83dbb1/c5e4bd4e5aead56c29af62fb4180f69b77a2f64cced4d117987bfbfb64860be4?X-Xet-Cas-Uid=public&response-content-disposition=inline%3B+filename*%3DUTF-8%27%27Ornith-1.5-35B-Q6_K.gguf%3B+filename%3D%22Ornith-1.5-35B-Q6_K.gguf%22%3B&user_id=public&Expires=1787825041&Policy=eyJTdGF0ZW1lbnQiOlt7IlJlc291cmNlIjoiaHR0cHM6Ly91cy5hd3MuY2RuLmhmLmNvL3hldC1icmlkZ2UtdXMvNmE4M2ZkZjE5OTNmYmI1M2VmODNkYmIxL2M1ZTRiZDRlNWFlYWQ1NmMyOWFmNjJmYjQxODBmNjliNzdhMmY2NGNjZWQ0ZDExNzk4N2JmYmZiNjQ4NjBiZTRcXD9YLVhldC1DYXMtVWlkPXB1YmxpYyZyZXNwb25zZS1jb250ZW50LWRpc3Bvc2l0aW9uPWlubGluZSUzQitmaWxlbmFtZSUyQSUzRFVURi04JTI3JTI3T3JuaXRoLTEuNS0zNUItUTZfSy5nZ3VmJTNCK2ZpbGVuYW1lJTNEJTIyT3JuaXRoLTEuNS0zNUItUTZfSy5nZ3VmJTIyJTNCJnVzZXJfaWQ9cHVibGljIiwiQ29uZGl0aW9uIjp7IkRhdGVMZXNzVGhhbiI6eyJFcG9jaFRpbWUiOjE3ODc4MjUwNDF9fX1dfQ__&Signature=MEUCIQDTSZDdxES1SJFI-Ps2HdxAI2d9Vi4ySxA0c%7EPoigIVdgIgTV9SxDZyIYLnh4kBk1N7TvRYpXNC4iwQj6M1-FCcrcg_&Key-Pair-Id=01KXEF4KZ1B6FV465MAWR4M21F
[#8b2ec5 13GiB/27GiB(50%) CN:9 DL:2.9MiB ETA:1h19m26s]
 *** Download Progress Summary as of Thu Aug 27 17:04:04 2026 *** 
===============================================================================
[#8b2ec5 13GiB/27GiB(50%) CN:9 DL:2.6MiB ETA:1h28m33s]
FILE: /Users/wilsonxu/Models/ornith-256k/llamacpp/models/Ornith-1.5-35B-Q6_K.gguf
-------------------------------------------------------------------------------

[#8b2ec5 13GiB/27GiB(50%) CN:9 DL:2.6MiB ETA:1h28m33s]

08/27 17:04:04 [[1;32mNOTICE[0m] CUID#19 - Redirecting to https://us.aws.cdn.hf.co/xet-bridge-us/6a83fdf1993fbb53ef83dbb1/c5e4bd4e5aead56c29af62fb4180f69b77a2f64cced4d117987bfbfb64860be4?response-content-disposition=inline%3B+filename*%3DUTF-8%27%27Ornith-1.5-35B-Q6_K.gguf%3B+filename%3D%22Ornith-1.5-35B-Q6_K.gguf%22%3B&user_id=public&X-Xet-Cas-Uid=public&Expires=1787825043&Policy=eyJTdGF0ZW1lbnQiOlt7IlJlc291cmNlIjoiaHR0cHM6Ly91cy5hd3MuY2RuLmhmLmNvL3hldC1icmlkZ2UtdXMvNmE4M2ZkZjE5OTNmYmI1M2VmODNkYmIxL2M1ZTRiZDRlNWFlYWQ1NmMyOWFmNjJmYjQxODBmNjliNzdhMmY2NGNjZWQ0ZDExNzk4N2JmYmZiNjQ4NjBiZTRcXD9yZXNwb25zZS1jb250ZW50LWRpc3Bvc2l0aW9uPWlubGluZSUzQitmaWxlbmFtZSUyQSUzRFVURi04JTI3JTI3T3JuaXRoLTEuNS0zNUItUTZfSy5nZ3VmJTNCK2ZpbGVuYW1lJTNEJTIyT3JuaXRoLTEuNS0zNUItUTZfSy5nZ3VmJTIyJTNCJnVzZXJfaWQ9cHVibGljJlgtWGV0LUNhcy1VaWQ9cHVibGljIiwiQ29uZGl0aW9uIjp7IkRhdGVMZXNzVGhhbiI6eyJFcG9jaFRpbWUiOjE3ODc4MjUwNDN9fX1dfQ__&Signature=MEUCIQCjYxoqoy1x6q2-S3X4GAQ7JmYzcKVdcKbpE-XZ4qil8wIgUhmsPgpKB0f5D5wy5q-E%7EE9rWPLPftwCqRKRY5mbE-8_&Key-Pair-Id=01KXEF4KZ1B6FV465MAWR4M21F
[#8b2ec5 13GiB/27GiB(50%) CN:9 DL:2.3MiB ETA:1h38m18s]
[#8b2ec5 13GiB/27GiB(50%) CN:9 DL:2.1MiB ETA:1h46m49s]
[#8b2ec5 13GiB/27GiB(50%) CN:9 DL:1.9MiB ETA:1h59m5s]

08/27 17:04:08 [[1;32mNOTICE[0m] CUID#20 - Redirecting to https://us.aws.cdn.hf.co/xet-bridge-us/6a83fdf1993fbb53ef83dbb1/c5e4bd4e5aead56c29af62fb4180f69b77a2f64cced4d117987bfbfb64860be4?X-Xet-Cas-Uid=public&response-content-disposition=inline%3B+filename*%3DUTF-8%27%27Ornith-1.5-35B-Q6_K.gguf%3B+filename%3D%22Ornith-1.5-35B-Q6_K.gguf%22%3B&user_id=public&Expires=1787825047&Policy=eyJTdGF0ZW1lbnQiOlt7IlJlc291cmNlIjoiaHR0cHM6Ly91cy5hd3MuY2RuLmhmLmNvL3hldC1icmlkZ2UtdXMvNmE4M2ZkZjE5OTNmYmI1M2VmODNkYmIxL2M1ZTRiZDRlNWFlYWQ1NmMyOWFmNjJmYjQxODBmNjliNzdhMmY2NGNjZWQ0ZDExNzk4N2JmYmZiNjQ4NjBiZTRcXD9YLVhldC1DYXMtVWlkPXB1YmxpYyZyZXNwb25zZS1jb250ZW50LWRpc3Bvc2l0aW9uPWlubGluZSUzQitmaWxlbmFtZSUyQSUzRFVURi04JTI3JTI3T3JuaXRoLTEuNS0zNUItUTZfSy5nZ3VmJTNCK2ZpbGVuYW1lJTNEJTIyT3JuaXRoLTEuNS0zNUItUTZfSy5nZ3VmJTIyJTNCJnVzZXJfaWQ9cHVibGljIiwiQ29uZGl0aW9uIjp7IkRhdGVMZXNzVGhhbiI6eyJFcG9jaFRpbWUiOjE3ODc4MjUwNDd9fX1dfQ__&Signature=MEUCIQDSxcegsbTlXMToXAl9J7KHb5a5r9sjkcDbRI0Fdj7UFwIgS37YgB3Xs1iQX5GPSuApX4vBEAP5mbXhOcqoc5uceTo_&Key-Pair-Id=01KXEF4KZ1B6FV465MAWR4M21F
[#8b2ec5 13GiB/27GiB(50%) CN:9 DL:1.7MiB ETA:2h15m7s]

08/27 17:04:08 [[1;32mNOTICE[0m] CUID#18 - Redirecting to https://us.aws.cdn.hf.co/xet-bridge-us/6a83fdf1993fbb53ef83dbb1/c5e4bd4e5aead56c29af62fb4180f69b77a2f64cced4d117987bfbfb64860be4?X-Xet-Cas-Uid=public&response-content-disposition=inline%3B+filename*%3DUTF-8%27%27Ornith-1.5-35B-Q6_K.gguf%3B+filename%3D%22Ornith-1.5-35B-Q6_K.gguf%22%3B&user_id=public&Expires=1787825048&Policy=eyJTdGF0ZW1lbnQiOlt7IlJlc291cmNlIjoiaHR0cHM6Ly91cy5hd3MuY2RuLmhmLmNvL3hldC1icmlkZ2UtdXMvNmE4M2ZkZjE5OTNmYmI1M2VmODNkYmIxL2M1ZTRiZDRlNWFlYWQ1NmMyOWFmNjJmYjQxODBmNjliNzdhMmY2NGNjZWQ0ZDExNzk4N2JmYmZiNjQ4NjBiZTRcXD9YLVhldC1DYXMtVWlkPXB1YmxpYyZyZXNwb25zZS1jb250ZW50LWRpc3Bvc2l0aW9uPWlubGluZSUzQitmaWxlbmFtZSUyQSUzRFVURi04JTI3JTI3T3JuaXRoLTEuNS0zNUItUTZfSy5nZ3VmJTNCK2ZpbGVuYW1lJTNEJTIyT3JuaXRoLTEuNS0zNUItUTZfSy5nZ3VmJTIyJTNCJnVzZXJfaWQ9cHVibGljIiwiQ29uZGl0aW9uIjp7IkRhdGVMZXNzVGhhbiI6eyJFcG9jaFRpbWUiOjE3ODc4MjUwNDh9fX1dfQ__&Signature=MEYCIQDobF88cv5NTqGmQ6r1fb4XioU1uBn2%7EGUH7egCCVifDwIhAJB9HPM4J5P8qflpXDGxvwejvF37XQgrMEDCXW7NHllD&Key-Pair-Id=01KXEF4KZ1B6FV465MAWR4M21F
[#8b2ec5 13GiB/27GiB(50%) CN:9 DL:1.5MiB ETA:2h25m53s]
[#8b2ec5 13GiB/27GiB(50%) CN:9 DL:1.5MiB ETA:2h28m26s]
[#8b2ec5 13GiB/27GiB(50%) CN:9 DL:1.5MiB ETA:2h29m56s]
[#8b2ec5 13GiB/27GiB(50%) CN:9 DL:1.6MiB ETA:2h21m57s]
[#8b2ec5 13GiB/27GiB(50%) CN:9 DL:1.7MiB ETA:2h11m58s]
[#8b2ec5 13GiB/27GiB(50%) CN:9 DL:1.8MiB ETA:2h5m59s]
[#8b2ec5 13GiB/27GiB(50%) CN:9 DL:1.9MiB ETA:2h51s]
[#8b2ec5 13GiB/27GiB(50%) CN:9 DL:1.8MiB ETA:2h2m8s]
[#8b2ec5 13GiB/27GiB(50%) CN:9 DL:1.8MiB ETA:2h2m11s]
[#8b2ec5 13GiB/27GiB(50%) CN:9 DL:1.8MiB ETA:2h2m16s]
[#8b2ec5 13GiB/27GiB(50%) CN:9 DL:1.9MiB ETA:1h55m42s]
[#8b2ec5 13GiB/27GiB(50%) CN:9 DL:2.0MiB ETA:1h54m44s]
[#8b2ec5 13GiB/27GiB(50%) CN:9 DL:2.0MiB ETA:1h54m34s]
[#8b2ec5 13GiB/27GiB(50%) CN:9 DL:2.0MiB ETA:1h52m38s]
[#8b2ec5 13GiB/27GiB(50%) CN:9 DL:2.0MiB ETA:1h54m57s]
[#8b2ec5 13GiB/27GiB(50%) CN:9 DL:1.9MiB ETA:1h57m46s]
[#8b2ec5 13GiB/27GiB(50%) CN:9 DL:1.9MiB ETA:1h56m11s]
[#8b2ec5 13GiB/27GiB(50%) CN:9 DL:1.9MiB ETA:1h56m23s]
[#8b2ec5 13GiB/27GiB(50%) CN:9 DL:1.9MiB ETA:1h59m58s]
[#8b2ec5 13GiB/27GiB(50%) CN:9 DL:1.9MiB ETA:2h38s]
[#8b2ec5 13GiB/27GiB(50%) CN:9 DL:1.8MiB ETA:2h4m32s]
[#8b2ec5 13GiB/27GiB(50%) CN:9 DL:1.8MiB ETA:2h6m50s]
[#8b2ec5 13GiB/27GiB(50%) CN:9 DL:1.7MiB ETA:2h8m52s]
[#8b2ec5 13GiB/27GiB(50%) CN:9 DL:1.7MiB ETA:2h8m38s]
[#8b2ec5 13GiB/27GiB(50%) CN:9 DL:1.7MiB ETA:2h12m35s]
[#8b2ec5 13GiB/27GiB(50%) CN:9 DL:1.6MiB ETA:2h19m26s]
[#8b2ec5 13GiB/27GiB(50%) CN:9 DL:1.6MiB ETA:2h17m20s]
[#8b2ec5 13GiB/27GiB(50%) CN:9 DL:1.6MiB ETA:2h20m40s]
[#8b2ec5 13GiB/27GiB(50%) CN:9 DL:1.6MiB ETA:2h21m36s]
[#8b2ec5 13GiB/27GiB(50%) CN:9 DL:1.5MiB ETA:2h31m32s]

08/27 17:04:40 [[1;32mNOTICE[0m] CUID#21 - Redirecting to https://us.aws.cdn.hf.co/xet-bridge-us/6a83fdf1993fbb53ef83dbb1/c5e4bd4e5aead56c29af62fb4180f69b77a2f64cced4d117987bfbfb64860be4?X-Xet-Cas-Uid=public&user_id=public&response-content-disposition=inline%3B+filename*%3DUTF-8%27%27Ornith-1.5-35B-Q6_K.gguf%3B+filename%3D%22Ornith-1.5-35B-Q6_K.gguf%22%3B&Expires=1787825079&Policy=eyJTdGF0ZW1lbnQiOlt7IlJlc291cmNlIjoiaHR0cHM6Ly91cy5hd3MuY2RuLmhmLmNvL3hldC1icmlkZ2UtdXMvNmE4M2ZkZjE5OTNmYmI1M2VmODNkYmIxL2M1ZTRiZDRlNWFlYWQ1NmMyOWFmNjJmYjQxODBmNjliNzdhMmY2NGNjZWQ0ZDExNzk4N2JmYmZiNjQ4NjBiZTRcXD9YLVhldC1DYXMtVWlkPXB1YmxpYyZ1c2VyX2lkPXB1YmxpYyZyZXNwb25zZS1jb250ZW50LWRpc3Bvc2l0aW9uPWlubGluZSUzQitmaWxlbmFtZSUyQSUzRFVURi04JTI3JTI3T3JuaXRoLTEuNS0zNUItUTZfSy5nZ3VmJTNCK2ZpbGVuYW1lJTNEJTIyT3JuaXRoLTEuNS0zNUItUTZfSy5nZ3VmJTIyJTNCIiwiQ29uZGl0aW9uIjp7IkRhdGVMZXNzVGhhbiI6eyJFcG9jaFRpbWUiOjE3ODc4MjUwNzl9fX1dfQ__&Signature=MEYCIQChc4gm98ZrNpnat4qtKayKTXU9%7EVs42ZztfmcRa-C-vgIhAO2WTvCQhiA8hHEcyLXqiO8bMTZDx91zloNaOI%7EWd9xu&Key-Pair-Id=01KXEF4KZ1B6FV465MAWR4M21F
[#8b2ec5 13GiB/27GiB(50%) CN:9 DL:1.5MiB ETA:2h30m6s]
[#8b2ec5 13GiB/27GiB(50%) CN:9 DL:1.5MiB ETA:2h30m57s]
[#8b2ec5 13GiB/27GiB(50%) CN:9 DL:1.5MiB ETA:2h32m38s]
[#8b2ec5 13GiB/27GiB(50%) CN:9 DL:1.5MiB ETA:2h32m3s]
[#8b2ec5 13GiB/27GiB(50%) CN:9 DL:1.3MiB ETA:2h47m1s]
[#8b2ec5 13GiB/27GiB(50%) CN:9 DL:1.4MiB ETA:2h42m12s]
[#8b2ec5 13GiB/27GiB(50%) CN:9 DL:1.4MiB ETA:2h37m44s]
[#8b2ec5 13GiB/27GiB(50%) CN:9 DL:1.4MiB ETA:2h35m28s]
[#8b2ec5 13GiB/27GiB(50%) CN:9 DL:1.5MiB ETA:2h31m14s]
[#8b2ec5 13GiB/27GiB(50%) CN:9 DL:1.5MiB ETA:2h30m28s]
[#8b2ec5 13GiB/27GiB(50%) CN:9 DL:1.5MiB ETA:2h27m36s]
[#8b2ec5 13GiB/27GiB(50%) CN:9 DL:1.5MiB ETA:2h24m44s]
[#8b2ec5 13GiB/27GiB(50%) CN:9 DL:1.6MiB ETA:2h21m7s]
[#8b2ec5 13GiB/27GiB(50%) CN:9 DL:1.6MiB ETA:2h18m9s]
[#8b2ec5 13GiB/27GiB(50%) CN:9 DL:1.6MiB ETA:2h16m13s]
[#8b2ec5 13GiB/27GiB(50%) CN:9 DL:1.6MiB ETA:2h15m49s]
[#8b2ec5 13GiB/27GiB(50%) CN:9 DL:1.7MiB ETA:2h14m23s]
[#8b2ec5 13GiB/27GiB(50%) CN:9 DL:1.7MiB ETA:2h12m39s]
[#8b2ec5 13GiB/27GiB(50%) CN:9 DL:1.7MiB ETA:2h13m39s]
[#8b2ec5 13GiB/27GiB(50%) CN:9 DL:1.6MiB ETA:2h15m35s]
[#8b2ec5 13GiB/27GiB(50%) CN:9 DL:1.6MiB ETA:2h19m6s]
[#8b2ec5 13GiB/27GiB(50%) CN:9 DL:1.6MiB ETA:2h18m17s]
[#8b2ec5 13GiB/27GiB(50%) CN:9 DL:1.6MiB ETA:2h19m7s]
 *** Download Progress Summary as of Thu Aug 27 17:05:05 2026 *** 
===============================================================================
[#8b2ec5 13GiB/27GiB(50%) CN:9 DL:1.6MiB ETA:2h20m23s]
FILE: /Users/wilsonxu/Models/ornith-256k/llamacpp/models/Ornith-1.5-35B-Q6_K.gguf
-------------------------------------------------------------------------------

[#8b2ec5 13GiB/27GiB(50%) CN:9 DL:1.6MiB ETA:2h20m23s]
[#8b2ec5 13GiB/27GiB(50%) CN:9 DL:1.5MiB ETA:2h25m59s]

08/27 17:05:06 [[1;32mNOTICE[0m] CUID#13 - Redirecting to https://us.aws.cdn.hf.co/xet-bridge-us/6a83fdf1993fbb53ef83dbb1/c5e4bd4e5aead56c29af62fb4180f69b77a2f64cced4d117987bfbfb64860be4?X-Xet-Cas-Uid=public&user_id=public&response-content-disposition=inline%3B+filename*%3DUTF-8%27%27Ornith-1.5-35B-Q6_K.gguf%3B+filename%3D%22Ornith-1.5-35B-Q6_K.gguf%22%3B&Expires=1787825106&Policy=eyJTdGF0ZW1lbnQiOlt7IlJlc291cmNlIjoiaHR0cHM6Ly91cy5hd3MuY2RuLmhmLmNvL3hldC1icmlkZ2UtdXMvNmE4M2ZkZjE5OTNmYmI1M2VmODNkYmIxL2M1ZTRiZDRlNWFlYWQ1NmMyOWFmNjJmYjQxODBmNjliNzdhMmY2NGNjZWQ0ZDExNzk4N2JmYmZiNjQ4NjBiZTRcXD9YLVhldC1DYXMtVWlkPXB1YmxpYyZ1c2VyX2lkPXB1YmxpYyZyZXNwb25zZS1jb250ZW50LWRpc3Bvc2l0aW9uPWlubGluZSUzQitmaWxlbmFtZSUyQSUzRFVURi04JTI3JTI3T3JuaXRoLTEuNS0zNUItUTZfSy5nZ3VmJTNCK2ZpbGVuYW1lJTNEJTIyT3JuaXRoLTEuNS0zNUItUTZfSy5nZ3VmJTIyJTNCIiwiQ29uZGl0aW9uIjp7IkRhdGVMZXNzVGhhbiI6eyJFcG9jaFRpbWUiOjE3ODc4MjUxMDZ9fX1dfQ__&Signature=MEQCIFwi3xz9hK6BBy7qz1j2%7EIRNl0y23MjONxF3ISN1mYLPAiAUPBPdA6i0O8FdRmRc886XQIojFHRUqCoIKIyaFkTJag__&Key-Pair-Id=01KXEF4KZ1B6FV465MAWR4M21F
[#8b2ec5 13GiB/27GiB(50%) CN:9 DL:1.5MiB ETA:2h31m3s]
[#8b2ec5 13GiB/27GiB(50%) CN:9 DL:1.4MiB ETA:2h33m40s]
[#8b2ec5 13GiB/27GiB(50%) CN:9 DL:1.4MiB ETA:2h37m26s]
[#8b2ec5 13GiB/27GiB(50%) CN:9 DL:1.4MiB ETA:2h41m59s]
[#8b2ec5 13GiB/27GiB(50%) CN:9 DL:1.4MiB ETA:2h41m42s]
[#8b2ec5 13GiB/27GiB(50%) CN:9 DL:1.4MiB ETA:2h39m41s]
[#8b2ec5 13GiB/27GiB(50%) CN:9 DL:1.6MiB ETA:2h22m50s]
[#8b2ec5 13GiB/27GiB(50%) CN:9 DL:1.8MiB ETA:2h2m7s]
[#8b2ec5 13GiB/27GiB(50%) CN:9 DL:2.4MiB ETA:1h31m50s]
[#8b2ec5 13GiB/27GiB(50%) CN:9 DL:2.5MiB ETA:1h28m16s]
[#8b2ec5 13GiB/27GiB(50%) CN:9 DL:2.9MiB ETA:1h17m41s]
[#8b2ec5 13GiB/27GiB(50%) CN:9 DL:3.2MiB ETA:1h9m58s]
[#8b2ec5 13GiB/27GiB(50%) CN:9 DL:3.4MiB ETA:1h7m7s]
[#8b2ec5 13GiB/27GiB(50%) CN:9 DL:3.7MiB ETA:1h1m19s]
[#8b2ec5 13GiB/27GiB(50%) CN:9 DL:3.9MiB ETA:57m36s]
[#8b2ec5 13GiB/27GiB(50%) CN:9 DL:3.9MiB ETA:57m27s]
[#8b2ec5 13GiB/27GiB(50%) CN:9 DL:4.1MiB ETA:54m48s]
[#8b2ec5 13GiB/27GiB(50%) CN:9 DL:4.0MiB ETA:56m13s]
[#8b2ec5 13GiB/27GiB(50%) CN:9 DL:3.8MiB ETA:59m38s]
[#8b2ec5 13GiB/27GiB(50%) CN:9 DL:3.8MiB ETA:59m48s]
[#8b2ec5 13GiB/27GiB(50%) CN:9 DL:3.7MiB ETA:1h55s]
[#8b2ec5 13GiB/27GiB(50%) CN:9 DL:3.6MiB ETA:1h1m53s]
[#8b2ec5 13GiB/27GiB(50%) CN:9 DL:3.6MiB ETA:1h2m16s]
[#8b2ec5 13GiB/27GiB(50%) CN:9 DL:3.7MiB ETA:1h1m32s]
[#8b2ec5 13GiB/27GiB(50%) CN:9 DL:3.7MiB ETA:1h1m38s]
[#8b2ec5 13GiB/27GiB(50%) CN:9 DL:3.6MiB ETA:1h2m46s]
[#8b2ec5 13GiB/27GiB(50%) CN:9 DL:3.8MiB ETA:59m]
[#8b2ec5 13GiB/27GiB(50%) CN:9 DL:3.6MiB ETA:1h1m40s]
[#8b2ec5 13GiB/27GiB(50%) CN:9 DL:3.8MiB ETA:58m55s]
[#8b2ec5 13GiB/27GiB(50%) CN:9 DL:3.7MiB ETA:1h1m20s]
[#8b2ec5 13GiB/27GiB(50%) CN:9 DL:3.6MiB ETA:1h2m18s]
[#8b2ec5 13GiB/27GiB(50%) CN:9 DL:3.6MiB ETA:1h2m20s]
[#8b2ec5 13GiB/27GiB(50%) CN:9 DL:3.6MiB ETA:1h2m50s]
[#8b2ec5 13GiB/27GiB(50%) CN:9 DL:3.6MiB ETA:1h2m3s]
[#8b2ec5 13GiB/27GiB(51%) CN:9 DL:3.5MiB ETA:1h3m34s]
[#8b2ec5 13GiB/27GiB(51%) CN:9 DL:3.5MiB ETA:1h4m13s]
[#8b2ec5 13GiB/27GiB(51%) CN:9 DL:3.4MiB ETA:1h5m2s]
[#8b2ec5 13GiB/27GiB(51%) CN:9 DL:3.5MiB ETA:1h3m36s]
[#8b2ec5 13GiB/27GiB(51%) CN:9 DL:3.3MiB ETA:1h7m37s]
[#8b2ec5 13GiB/27GiB(51%) CN:9 DL:3.3MiB ETA:1h7m40s]
[#8b2ec5 13GiB/27GiB(51%) CN:9 DL:3.3MiB ETA:1h7m10s]

08/27 17:05:49 [[1;32mNOTICE[0m] CUID#14 - Redirecting to https://us.aws.cdn.hf.co/xet-bridge-us/6a83fdf1993fbb53ef83dbb1/c5e4bd4e5aead56c29af62fb4180f69b77a2f64cced4d117987bfbfb64860be4?X-Xet-Cas-Uid=public&response-content-disposition=inline%3B+filename*%3DUTF-8%27%27Ornith-1.5-35B-Q6_K.gguf%3B+filename%3D%22Ornith-1.5-35B-Q6_K.gguf%22%3B&user_id=public&Expires=1787825149&Policy=eyJTdGF0ZW1lbnQiOlt7IlJlc291cmNlIjoiaHR0cHM6Ly91cy5hd3MuY2RuLmhmLmNvL3hldC1icmlkZ2UtdXMvNmE4M2ZkZjE5OTNmYmI1M2VmODNkYmIxL2M1ZTRiZDRlNWFlYWQ1NmMyOWFmNjJmYjQxODBmNjliNzdhMmY2NGNjZWQ0ZDExNzk4N2JmYmZiNjQ4NjBiZTRcXD9YLVhldC1DYXMtVWlkPXB1YmxpYyZyZXNwb25zZS1jb250ZW50LWRpc3Bvc2l0aW9uPWlubGluZSUzQitmaWxlbmFtZSUyQSUzRFVURi04JTI3JTI3T3JuaXRoLTEuNS0zNUItUTZfSy5nZ3VmJTNCK2ZpbGVuYW1lJTNEJTIyT3JuaXRoLTEuNS0zNUItUTZfSy5nZ3VmJTIyJTNCJnVzZXJfaWQ9cHVibGljIiwiQ29uZGl0aW9uIjp7IkRhdGVMZXNzVGhhbiI6eyJFcG9jaFRpbWUiOjE3ODc4MjUxNDl9fX1dfQ__&Signature=MEUCICJL0OR3cz0Xd8FkiD3vrZ6%7EifXlWTP3MUrAtGgBO0uGAiEAi03qJRfsjXQL-9FIN8Td3kPICqFV9EhbyhUvIK6jYuQ_&Key-Pair-Id=01KXEF4KZ1B6FV465MAWR4M21F
[#8b2ec5 13GiB/27GiB(51%) CN:9 DL:3.3MiB ETA:1h7m26s]
[#8b2ec5 13GiB/27GiB(51%) CN:9 DL:3.1MiB ETA:1h12m48s]
[#8b2ec5 13GiB/27GiB(51%) CN:9 DL:3.3MiB ETA:1h7m58s]
[#8b2ec5 13GiB/27GiB(51%) CN:9 DL:3.3MiB ETA:1h8m29s]
[#8b2ec5 13GiB/27GiB(51%) CN:9 DL:3.3MiB ETA:1h8m29s]
[#8b2ec5 13GiB/27GiB(51%) CN:9 DL:3.3MiB ETA:1h6m58s]
[#8b2ec5 13GiB/27GiB(51%) CN:9 DL:3.3MiB ETA:1h7m26s]
[#8b2ec5 13GiB/27GiB(51%) CN:9 DL:3.4MiB ETA:1h5m15s]
[#8b2ec5 13GiB/27GiB(51%) CN:9 DL:3.4MiB ETA:1h5m58s]
[#8b2ec5 13GiB/27GiB(51%) CN:9 DL:3.4MiB ETA:1h4m57s]
[#8b2ec5 13GiB/27GiB(51%) CN:9 DL:3.5MiB ETA:1h3m20s]
[#8b2ec5 13GiB/27GiB(51%) CN:9 DL:3.6MiB ETA:1h1m43s]
[#8b2ec5 13GiB/27GiB(51%) CN:9 DL:3.5MiB ETA:1h3m]
[#8b2ec5 13GiB/27GiB(51%) CN:9 DL:3.5MiB ETA:1h3m27s]
[#8b2ec5 13GiB/27GiB(51%) CN:9 DL:3.6MiB ETA:1h2m25s]
 *** Download Progress Summary as of Thu Aug 27 17:06:05 2026 *** 
===============================================================================
[#8b2ec5 13GiB/27GiB(51%) CN:9 DL:3.5MiB ETA:1h3m47s]
FILE: /Users/wilsonxu/Models/ornith-256k/llamacpp/models/Ornith-1.5-35B-Q6_K.gguf
-------------------------------------------------------------------------------

[#8b2ec5 13GiB/27GiB(51%) CN:9 DL:3.5MiB ETA:1h3m47s]
[#8b2ec5 13GiB/27GiB(51%) CN:9 DL:3.6MiB ETA:1h2m27s]
[#8b2ec5 13GiB/27GiB(51%) CN:9 DL:3.5MiB ETA:1h2m57s]
[#8b2ec5 13GiB/27GiB(51%) CN:9 DL:3.6MiB ETA:1h2m10s]
[#8b2ec5 13GiB/27GiB(51%) CN:9 DL:3.4MiB ETA:1h5m56s]
[#8b2ec5 13GiB/27GiB(51%) CN:9 DL:3.4MiB ETA:1h5m3s]
[#8b2ec5 13GiB/27GiB(51%) CN:9 DL:3.4MiB ETA:1h6m4s]
[#8b2ec5 13GiB/27GiB(51%) CN:9 DL:3.5MiB ETA:1h4m22s]
[#8b2ec5 13GiB/27GiB(51%) CN:9 DL:3.4MiB ETA:1h4m45s]
[#8b2ec5 13GiB/27GiB(51%) CN:9 DL:3.3MiB ETA:1h6m47s]
[#8b2ec5 13GiB/27GiB(51%) CN:9 DL:3.4MiB ETA:1h4m44s]
[#8b2ec5 13GiB/27GiB(51%) CN:9 DL:3.4MiB ETA:1h4m57s]
[#8b2ec5 13GiB/27GiB(51%) CN:9 DL:3.5MiB ETA:1h3m25s]
[#8b2ec5 13GiB/27GiB(51%) CN:9 DL:3.5MiB ETA:1h3m31s]
[#8b2ec5 14GiB/27GiB(51%) CN:9 DL:3.4MiB ETA:1h5m53s]
[#8b2ec5 14GiB/27GiB(51%) CN:9 DL:3.4MiB ETA:1h4m42s]
[#8b2ec5 14GiB/27GiB(51%) CN:9 DL:3.3MiB ETA:1h6m29s]
[#8b2ec5 14GiB/27GiB(51%) CN:9 DL:3.3MiB ETA:1h7m34s]
[#8b2ec5 14GiB/27GiB(51%) CN:9 DL:3.3MiB ETA:1h7m4s]
[#8b2ec5 14GiB/27GiB(51%) CN:9 DL:3.2MiB ETA:1h9m43s]
[#8b2ec5 14GiB/27GiB(51%) CN:9 DL:3.1MiB ETA:1h11m10s]
[#8b2ec5 14GiB/27GiB(51%) CN:9 DL:3.1MiB ETA:1h10m24s]
[#8b2ec5 14GiB/27GiB(51%) CN:9 DL:3.0MiB ETA:1h14m9s]
[#8b2ec5 14GiB/27GiB(51%) CN:9 DL:3.0MiB ETA:1h13m1s]
[#8b2ec5 14GiB/27GiB(51%) CN:9 DL:3.0MiB ETA:1h13m54s]
[#8b2ec5 14GiB/27GiB(51%) CN:9 DL:3.0MiB ETA:1h13m49s]
[#8b2ec5 14GiB/27GiB(51%) CN:9 DL:2.9MiB ETA:1h14m59s]
[#8b2ec5 14GiB/27GiB(51%) CN:9 DL:2.9MiB ETA:1h16m51s]
[#8b2ec5 14GiB/27GiB(51%) CN:9 DL:2.8MiB ETA:1h18m51s]
[#8b2ec5 14GiB/27GiB(51%) CN:9 DL:2.7MiB ETA:1h20m41s]
[#8b2ec5 14GiB/27GiB(51%) CN:9 DL:2.8MiB ETA:1h19m22s]
[#8b2ec5 14GiB/27GiB(51%) CN:9 DL:2.7MiB ETA:1h22m21s]
[#8b2ec5 14GiB/27GiB(51%) CN:9 DL:2.7MiB ETA:1h22m3s]
[#8b2ec5 14GiB/27GiB(51%) CN:9 DL:2.7MiB ETA:1h20m9s]
[#8b2ec5 14GiB/27GiB(51%) CN:9 DL:2.7MiB ETA:1h22m4s]
[#8b2ec5 14GiB/27GiB(51%) CN:9 DL:2.8MiB ETA:1h19m53s]
[#8b2ec5 14GiB/27GiB(51%) CN:9 DL:2.6MiB ETA:1h23m9s]
[#8b2ec5 14GiB/27GiB(51%) CN:9 DL:2.8MiB ETA:1h19m49s]
[#8b2ec5 14GiB/27GiB(51%) CN:9 DL:2.8MiB ETA:1h17m43s]
[#8b2ec5 14GiB/27GiB(51%) CN:9 DL:2.8MiB ETA:1h18m55s]
[#8b2ec5 14GiB/27GiB(51%) CN:9 DL:2.9MiB ETA:1h16m27s]
[#8b2ec5 14GiB/27GiB(51%) CN:9 DL:2.9MiB ETA:1h14m54s]
[#8b2ec5 14GiB/27GiB(51%) CN:9 DL:2.9MiB ETA:1h15m49s]
[#8b2ec5 14GiB/27GiB(51%) CN:9 DL:2.9MiB ETA:1h15m46s]
[#8b2ec5 14GiB/27GiB(51%) CN:9 DL:2.9MiB ETA:1h15m58s]
[#8b2ec5 14GiB/27GiB(51%) CN:9 DL:2.9MiB ETA:1h15m2s]
[#8b2ec5 14GiB/27GiB(51%) CN:9 DL:3.0MiB ETA:1h14m9s]
[#8b2ec5 14GiB/27GiB(51%) CN:9 DL:3.0MiB ETA:1h14m27s]
[#8b2ec5 14GiB/27GiB(51%) CN:9 DL:3.1MiB ETA:1h12m1s]
[#8b2ec5 14GiB/27GiB(51%) CN:9 DL:3.0MiB ETA:1h13m46s]
[#8b2ec5 14GiB/27GiB(51%) CN:9 DL:3.0MiB ETA:1h13m13s]
[#8b2ec5 14GiB/27GiB(51%) CN:9 DL:2.9MiB ETA:1h16m25s]
[#8b2ec5 14GiB/27GiB(51%) CN:9 DL:2.7MiB ETA:1h20m31s]

08/27 17:07:00 [[1;32mNOTICE[0m] CUID#13 - Redirecting to https://us.aws.cdn.hf.co/xet-bridge-us/6a83fdf1993fbb53ef83dbb1/c5e4bd4e5aead56c29af62fb4180f69b77a2f64cced4d117987bfbfb64860be4?user_id=public&response-content-disposition=inline%3B+filename*%3DUTF-8%27%27Ornith-1.5-35B-Q6_K.gguf%3B+filename%3D%22Ornith-1.5-35B-Q6_K.gguf%22%3B&X-Xet-Cas-Uid=public&Expires=1787825220&Policy=eyJTdGF0ZW1lbnQiOlt7IlJlc291cmNlIjoiaHR0cHM6Ly91cy5hd3MuY2RuLmhmLmNvL3hldC1icmlkZ2UtdXMvNmE4M2ZkZjE5OTNmYmI1M2VmODNkYmIxL2M1ZTRiZDRlNWFlYWQ1NmMyOWFmNjJmYjQxODBmNjliNzdhMmY2NGNjZWQ0ZDExNzk4N2JmYmZiNjQ4NjBiZTRcXD91c2VyX2lkPXB1YmxpYyZyZXNwb25zZS1jb250ZW50LWRpc3Bvc2l0aW9uPWlubGluZSUzQitmaWxlbmFtZSUyQSUzRFVURi04JTI3JTI3T3JuaXRoLTEuNS0zNUItUTZfSy5nZ3VmJTNCK2ZpbGVuYW1lJTNEJTIyT3JuaXRoLTEuNS0zNUItUTZfSy5nZ3VmJTIyJTNCJlgtWGV0LUNhcy1VaWQ9cHVibGljIiwiQ29uZGl0aW9uIjp7IkRhdGVMZXNzVGhhbiI6eyJFcG9jaFRpbWUiOjE3ODc4MjUyMjB9fX1dfQ__&Signature=MEYCIQCK3wZPyU9VOTWo0T2TpT207ubKaxA9f7gYv8JeBNKhRwIhAJQKCaow%7EfzTNC7tRoHQgBuWsDx44Gat9G6l3he6ap0M&Key-Pair-Id=01KXEF4KZ1B6FV465MAWR4M21F
[#8b2ec5 14GiB/27GiB(51%) CN:9 DL:2.7MiB ETA:1h20m4s]
[#8b2ec5 14GiB/27GiB(51%) CN:9 DL:2.6MiB ETA:1h23m4s]
[#8b2ec5 14GiB/27GiB(51%) CN:9 DL:2.4MiB ETA:1h31m14s]
[#8b2ec5 14GiB/27GiB(51%) CN:9 DL:2.1MiB ETA:1h41m59s]
[#8b2ec5 14GiB/27GiB(51%) CN:9 DL:2.1MiB ETA:1h45m38s]

08/27 17:07:05 [[1;32mNOTICE[0m] CUID#22 - Redirecting to https://us.aws.cdn.hf.co/xet-bridge-us/6a83fdf1993fbb53ef83dbb1/c5e4bd4e5aead56c29af62fb4180f69b77a2f64cced4d117987bfbfb64860be4?response-content-disposition=inline%3B+filename*%3DUTF-8%27%27Ornith-1.5-35B-Q6_K.gguf%3B+filename%3D%22Ornith-1.5-35B-Q6_K.gguf%22%3B&user_id=public&X-Xet-Cas-Uid=public&Expires=1787825225&Policy=eyJTdGF0ZW1lbnQiOlt7IlJlc291cmNlIjoiaHR0cHM6Ly91cy5hd3MuY2RuLmhmLmNvL3hldC1icmlkZ2UtdXMvNmE4M2ZkZjE5OTNmYmI1M2VmODNkYmIxL2M1ZTRiZDRlNWFlYWQ1NmMyOWFmNjJmYjQxODBmNjliNzdhMmY2NGNjZWQ0ZDExNzk4N2JmYmZiNjQ4NjBiZTRcXD9yZXNwb25zZS1jb250ZW50LWRpc3Bvc2l0aW9uPWlubGluZSUzQitmaWxlbmFtZSUyQSUzRFVURi04JTI3JTI3T3JuaXRoLTEuNS0zNUItUTZfSy5nZ3VmJTNCK2ZpbGVuYW1lJTNEJTIyT3JuaXRoLTEuNS0zNUItUTZfSy5nZ3VmJTIyJTNCJnVzZXJfaWQ9cHVibGljJlgtWGV0LUNhcy1VaWQ9cHVibGljIiwiQ29uZGl0aW9uIjp7IkRhdGVMZXNzVGhhbiI6eyJFcG9jaFRpbWUiOjE3ODc4MjUyMjV9fX1dfQ__&Signature=MEQCIADkEdTLnXY7TSZkkbVhxdoeU9LVnCV5xGLyF9JCaKHXAiAGqU5uz4C2C6U-EMpM1QmdNGxWb4g6fwzng9XBxVif1Q__&Key-Pair-Id=01KXEF4KZ1B6FV465MAWR4M21F
 *** Download Progress Summary as of Thu Aug 27 17:07:06 2026 *** 
===============================================================================
[#8b2ec5 14GiB/27GiB(51%) CN:9 DL:1.7MiB ETA:2h4m30s]
FILE: /Users/wilsonxu/Models/ornith-256k/llamacpp/models/Ornith-1.5-35B-Q6_K.gguf
-------------------------------------------------------------------------------

[#8b2ec5 14GiB/27GiB(51%) CN:9 DL:1.7MiB ETA:2h4m30s]
[#8b2ec5 14GiB/27GiB(51%) CN:9 DL:1.6MiB ETA:2h12m25s]

08/27 17:07:08 [[1;32mNOTICE[0m] CUID#21 - Redirecting to https://us.aws.cdn.hf.co/xet-bridge-us/6a83fdf1993fbb53ef83dbb1/c5e4bd4e5aead56c29af62fb4180f69b77a2f64cced4d117987bfbfb64860be4?X-Xet-Cas-Uid=public&response-content-disposition=inline%3B+filename*%3DUTF-8%27%27Ornith-1.5-35B-Q6_K.gguf%3B+filename%3D%22Ornith-1.5-35B-Q6_K.gguf%22%3B&user_id=public&Expires=1787825227&Policy=eyJTdGF0ZW1lbnQiOlt7IlJlc291cmNlIjoiaHR0cHM6Ly91cy5hd3MuY2RuLmhmLmNvL3hldC1icmlkZ2UtdXMvNmE4M2ZkZjE5OTNmYmI1M2VmODNkYmIxL2M1ZTRiZDRlNWFlYWQ1NmMyOWFmNjJmYjQxODBmNjliNzdhMmY2NGNjZWQ0ZDExNzk4N2JmYmZiNjQ4NjBiZTRcXD9YLVhldC1DYXMtVWlkPXB1YmxpYyZyZXNwb25zZS1jb250ZW50LWRpc3Bvc2l0aW9uPWlubGluZSUzQitmaWxlbmFtZSUyQSUzRFVURi04JTI3JTI3T3JuaXRoLTEuNS0zNUItUTZfSy5nZ3VmJTNCK2ZpbGVuYW1lJTNEJTIyT3JuaXRoLTEuNS0zNUItUTZfSy5nZ3VmJTIyJTNCJnVzZXJfaWQ9cHVibGljIiwiQ29uZGl0aW9uIjp7IkRhdGVMZXNzVGhhbiI6eyJFcG9jaFRpbWUiOjE3ODc4MjUyMjd9fX1dfQ__&Signature=MEQCIDPGr1-tydxmlgvFkJuvPSQFBEeJq3VcWTEOAgrA-XpzAiA93v9rS0K9TSxQfRtr8uHucFgNLoLLgPKHaLecdpxpxw__&Key-Pair-Id=01KXEF4KZ1B6FV465MAWR4M21F
[#8b2ec5 14GiB/27GiB(51%) CN:9 DL:1.3MiB ETA:2h43m50s]
[#8b2ec5 14GiB/27GiB(51%) CN:9 DL:1.3MiB ETA:2h47m48s]

08/27 17:07:10 [[1;32mNOTICE[0m] CUID#23 - Redirecting to https://us.aws.cdn.hf.co/xet-bridge-us/6a83fdf1993fbb53ef83dbb1/c5e4bd4e5aead56c29af62fb4180f69b77a2f64cced4d117987bfbfb64860be4?user_id=public&X-Xet-Cas-Uid=public&response-content-disposition=inline%3B+filename*%3DUTF-8%27%27Ornith-1.5-35B-Q6_K.gguf%3B+filename%3D%22Ornith-1.5-35B-Q6_K.gguf%22%3B&Expires=1787825230&Policy=eyJTdGF0ZW1lbnQiOlt7IlJlc291cmNlIjoiaHR0cHM6Ly91cy5hd3MuY2RuLmhmLmNvL3hldC1icmlkZ2UtdXMvNmE4M2ZkZjE5OTNmYmI1M2VmODNkYmIxL2M1ZTRiZDRlNWFlYWQ1NmMyOWFmNjJmYjQxODBmNjliNzdhMmY2NGNjZWQ0ZDExNzk4N2JmYmZiNjQ4NjBiZTRcXD91c2VyX2lkPXB1YmxpYyZYLVhldC1DYXMtVWlkPXB1YmxpYyZyZXNwb25zZS1jb250ZW50LWRpc3Bvc2l0aW9uPWlubGluZSUzQitmaWxlbmFtZSUyQSUzRFVURi04JTI3JTI3T3JuaXRoLTEuNS0zNUItUTZfSy5nZ3VmJTNCK2ZpbGVuYW1lJTNEJTIyT3JuaXRoLTEuNS0zNUItUTZfSy5nZ3VmJTIyJTNCIiwiQ29uZGl0aW9uIjp7IkRhdGVMZXNzVGhhbiI6eyJFcG9jaFRpbWUiOjE3ODc4MjUyMzB9fX1dfQ__&Signature=MEYCIQCz1N62yzQCvEQTqnoH%7Egk7MCHnwH4IgSZBD6jveaeePgIhAI07BzV5RUt9lqdtlACgg4LMi9%7EO-N3Qj4gpA-WmFS2I&Key-Pair-Id=01KXEF4KZ1B6FV465MAWR4M21F
[#8b2ec5 14GiB/27GiB(51%) CN:9 DL:1.3MiB ETA:2h50m31s]
[#8b2ec5 14GiB/27GiB(51%) CN:9 DL:1.2MiB ETA:2h54m57s]
[#8b2ec5 14GiB/27GiB(51%) CN:9 DL:1.2MiB ETA:3h1m13s]
[#8b2ec5 14GiB/27GiB(51%) CN:9 DL:1.2MiB ETA:3h26s]

08/27 17:07:13 [[1;32mNOTICE[0m] CUID#14 - Redirecting to https://us.aws.cdn.hf.co/xet-bridge-us/6a83fdf1993fbb53ef83dbb1/c5e4bd4e5aead56c29af62fb4180f69b77a2f64cced4d117987bfbfb64860be4?X-Xet-Cas-Uid=public&response-content-disposition=inline%3B+filename*%3DUTF-8%27%27Ornith-1.5-35B-Q6_K.gguf%3B+filename%3D%22Ornith-1.5-35B-Q6_K.gguf%22%3B&user_id=public&Expires=1787825233&Policy=eyJTdGF0ZW1lbnQiOlt7IlJlc291cmNlIjoiaHR0cHM6Ly91cy5hd3MuY2RuLmhmLmNvL3hldC1icmlkZ2UtdXMvNmE4M2ZkZjE5OTNmYmI1M2VmODNkYmIxL2M1ZTRiZDRlNWFlYWQ1NmMyOWFmNjJmYjQxODBmNjliNzdhMmY2NGNjZWQ0ZDExNzk4N2JmYmZiNjQ4NjBiZTRcXD9YLVhldC1DYXMtVWlkPXB1YmxpYyZyZXNwb25zZS1jb250ZW50LWRpc3Bvc2l0aW9uPWlubGluZSUzQitmaWxlbmFtZSUyQSUzRFVURi04JTI3JTI3T3JuaXRoLTEuNS0zNUItUTZfSy5nZ3VmJTNCK2ZpbGVuYW1lJTNEJTIyT3JuaXRoLTEuNS0zNUItUTZfSy5nZ3VmJTIyJTNCJnVzZXJfaWQ9cHVibGljIiwiQ29uZGl0aW9uIjp7IkRhdGVMZXNzVGhhbiI6eyJFcG9jaFRpbWUiOjE3ODc4MjUyMzN9fX1dfQ__&Signature=MEYCIQCqnw0Rt%7E-s-MvH264sZ91k6oUPh6Lcl7tuvokzYxX73AIhAI1xjqR0V81dCK5ovp%7EUvUMxNmoqXssQ7XxiApl9YVCD&Key-Pair-Id=01KXEF4KZ1B6FV465MAWR4M21F
[#8b2ec5 14GiB/27GiB(51%) CN:9 DL:1.2MiB ETA:2h55m48s]
[#8b2ec5 14GiB/27GiB(51%) CN:9 DL:1.3MiB ETA:2h44m38s]
[#8b2ec5 14GiB/27GiB(51%) CN:9 DL:1.7MiB ETA:2h8m44s]

08/27 17:07:17 [[1;32mNOTICE[0m] CUID#20 - Redirecting to https://us.aws.cdn.hf.co/xet-bridge-us/6a83fdf1993fbb53ef83dbb1/c5e4bd4e5aead56c29af62fb4180f69b77a2f64cced4d117987bfbfb64860be4?X-Xet-Cas-Uid=public&response-content-disposition=inline%3B+filename*%3DUTF-8%27%27Ornith-1.5-35B-Q6_K.gguf%3B+filename%3D%22Ornith-1.5-35B-Q6_K.gguf%22%3B&user_id=public&Expires=1787825237&Policy=eyJTdGF0ZW1lbnQiOlt7IlJlc291cmNlIjoiaHR0cHM6Ly91cy5hd3MuY2RuLmhmLmNvL3hldC1icmlkZ2UtdXMvNmE4M2ZkZjE5OTNmYmI1M2VmODNkYmIxL2M1ZTRiZDRlNWFlYWQ1NmMyOWFmNjJmYjQxODBmNjliNzdhMmY2NGNjZWQ0ZDExNzk4N2JmYmZiNjQ4NjBiZTRcXD9YLVhldC1DYXMtVWlkPXB1YmxpYyZyZXNwb25zZS1jb250ZW50LWRpc3Bvc2l0aW9uPWlubGluZSUzQitmaWxlbmFtZSUyQSUzRFVURi04JTI3JTI3T3JuaXRoLTEuNS0zNUItUTZfSy5nZ3VmJTNCK2ZpbGVuYW1lJTNEJTIyT3JuaXRoLTEuNS0zNUItUTZfSy5nZ3VmJTIyJTNCJnVzZXJfaWQ9cHVibGljIiwiQ29uZGl0aW9uIjp7IkRhdGVMZXNzVGhhbiI6eyJFcG9jaFRpbWUiOjE3ODc4MjUyMzd9fX1dfQ__&Signature=MEQCIGJ0OovAzp8lUtHLMZecDmSo119xbqGd0AnJSuUduQf1AiAKW1rYyzrTBGrWjU5EcsJT6f0VbggnkCdcKP5PtkRHNQ__&Key-Pair-Id=01KXEF4KZ1B6FV465MAWR4M21F
[#8b2ec5 14GiB/27GiB(51%) CN:9 DL:2.0MiB ETA:1h48m27s]
[#8b2ec5 14GiB/27GiB(52%) CN:9 DL:2.3MiB ETA:1h35m18s]
[#8b2ec5 14GiB/27GiB(52%) CN:9 DL:2.6MiB ETA:1h24m34s]
[#8b2ec5 14GiB/27GiB(52%) CN:9 DL:2.9MiB ETA:1h15m12s]

08/27 17:07:21 [[1;32mNOTICE[0m] CUID#18 - Redirecting to https://us.aws.cdn.hf.co/xet-bridge-us/6a83fdf1993fbb53ef83dbb1/c5e4bd4e5aead56c29af62fb4180f69b77a2f64cced4d117987bfbfb64860be4?X-Xet-Cas-Uid=public&response-content-disposition=inline%3B+filename*%3DUTF-8%27%27Ornith-1.5-35B-Q6_K.gguf%3B+filename%3D%22Ornith-1.5-35B-Q6_K.gguf%22%3B&user_id=public&Expires=1787825240&Policy=eyJTdGF0ZW1lbnQiOlt7IlJlc291cmNlIjoiaHR0cHM6Ly91cy5hd3MuY2RuLmhmLmNvL3hldC1icmlkZ2UtdXMvNmE4M2ZkZjE5OTNmYmI1M2VmODNkYmIxL2M1ZTRiZDRlNWFlYWQ1NmMyOWFmNjJmYjQxODBmNjliNzdhMmY2NGNjZWQ0ZDExNzk4N2JmYmZiNjQ4NjBiZTRcXD9YLVhldC1DYXMtVWlkPXB1YmxpYyZyZXNwb25zZS1jb250ZW50LWRpc3Bvc2l0aW9uPWlubGluZSUzQitmaWxlbmFtZSUyQSUzRFVURi04JTI3JTI3T3JuaXRoLTEuNS0zNUItUTZfSy5nZ3VmJTNCK2ZpbGVuYW1lJTNEJTIyT3JuaXRoLTEuNS0zNUItUTZfSy5nZ3VmJTIyJTNCJnVzZXJfaWQ9cHVibGljIiwiQ29uZGl0aW9uIjp7IkRhdGVMZXNzVGhhbiI6eyJFcG9jaFRpbWUiOjE3ODc4MjUyNDB9fX1dfQ__&Signature=MEUCIBR24gTIXBIOX4N4n-FPyGzRYwvasUsMbVqG6h4bQ2J7AiEAgcXkwaX9%7EVtEwfI1Adgc0CQi7WTBFG7TfC54hB7J2YI_&Key-Pair-Id=01KXEF4KZ1B6FV465MAWR4M21F
[#8b2ec5 14GiB/27GiB(52%) CN:9 DL:3.2MiB ETA:1h9m26s]
[#8b2ec5 14GiB/27GiB(52%) CN:9 DL:3.4MiB ETA:1h5m3s]
[#8b2ec5 14GiB/27GiB(52%) CN:9 DL:3.9MiB ETA:56m11s]
[#8b2ec5 14GiB/27GiB(52%) CN:9 DL:4.5MiB ETA:48m28s]

08/27 17:07:25 [[1;32mNOTICE[0m] CUID#19 - Redirecting to https://us.aws.cdn.hf.co/xet-bridge-us/6a83fdf1993fbb53ef83dbb1/c5e4bd4e5aead56c29af62fb4180f69b77a2f64cced4d117987bfbfb64860be4?response-content-disposition=inline%3B+filename*%3DUTF-8%27%27Ornith-1.5-35B-Q6_K.gguf%3B+filename%3D%22Ornith-1.5-35B-Q6_K.gguf%22%3B&X-Xet-Cas-Uid=public&user_id=public&Expires=1787825245&Policy=eyJTdGF0ZW1lbnQiOlt7IlJlc291cmNlIjoiaHR0cHM6Ly91cy5hd3MuY2RuLmhmLmNvL3hldC1icmlkZ2UtdXMvNmE4M2ZkZjE5OTNmYmI1M2VmODNkYmIxL2M1ZTRiZDRlNWFlYWQ1NmMyOWFmNjJmYjQxODBmNjliNzdhMmY2NGNjZWQ0ZDExNzk4N2JmYmZiNjQ4NjBiZTRcXD9yZXNwb25zZS1jb250ZW50LWRpc3Bvc2l0aW9uPWlubGluZSUzQitmaWxlbmFtZSUyQSUzRFVURi04JTI3JTI3T3JuaXRoLTEuNS0zNUItUTZfSy5nZ3VmJTNCK2ZpbGVuYW1lJTNEJTIyT3JuaXRoLTEuNS0zNUItUTZfSy5nZ3VmJTIyJTNCJlgtWGV0LUNhcy1VaWQ9cHVibGljJnVzZXJfaWQ9cHVibGljIiwiQ29uZGl0aW9uIjp7IkRhdGVMZXNzVGhhbiI6eyJFcG9jaFRpbWUiOjE3ODc4MjUyNDV9fX1dfQ__&Signature=MEUCIQDQOYZyVPZF6bCfHPLmL%7EBKtwPJKp3djdtCDdiRuh7tygIgMhVp9J8Mp3ZHurKjq2-G-uoJ%7E1QjfBEe3YmJfcRJdKg_&Key-Pair-Id=01KXEF4KZ1B6FV465MAWR4M21F
[#8b2ec5 14GiB/27GiB(52%) CN:9 DL:4.9MiB ETA:44m54s]
[#8b2ec5 14GiB/27GiB(52%) CN:9 DL:5.0MiB ETA:44m20s]
[#8b2ec5 14GiB/27GiB(52%) CN:9 DL:5.4MiB ETA:41m4s]
[#8b2ec5 14GiB/27GiB(52%) CN:9 DL:5.1MiB ETA:43m17s]
[#8b2ec5 14GiB/27GiB(52%) CN:9 DL:5.2MiB ETA:42m18s]
[#8b2ec5 14GiB/27GiB(52%) CN:9 DL:5.2MiB ETA:41m50s]
[#8b2ec5 14GiB/27GiB(52%) CN:9 DL:5.0MiB ETA:43m57s]
[#8b2ec5 14GiB/27GiB(52%) CN:9 DL:4.4MiB ETA:49m54s]
[#8b2ec5 14GiB/27GiB(52%) CN:9 DL:4.5MiB ETA:48m49s]
[#8b2ec5 14GiB/27GiB(52%) CN:9 DL:4.2MiB ETA:52m]
[#8b2ec5 14GiB/27GiB(52%) CN:9 DL:3.8MiB ETA:57m44s]
[#8b2ec5 14GiB/27GiB(52%) CN:9 DL:3.7MiB ETA:58m56s]
[#8b2ec5 14GiB/27GiB(52%) CN:9 DL:4.2MiB ETA:52m26s]
[#8b2ec5 14GiB/27GiB(52%) CN:9 DL:3.9MiB ETA:56m3s]
[#8b2ec5 14GiB/27GiB(52%) CN:9 DL:3.7MiB ETA:59m11s]
[#8b2ec5 14GiB/27GiB(52%) CN:9 DL:3.9MiB ETA:55m29s]
[#8b2ec5 14GiB/27GiB(52%) CN:9 DL:4.0MiB ETA:54m26s]
[#8b2ec5 14GiB/27GiB(52%) CN:9 DL:3.9MiB ETA:56m29s]
[#8b2ec5 14GiB/27GiB(52%) CN:9 DL:3.8MiB ETA:56m48s]
[#8b2ec5 14GiB/27GiB(52%) CN:9 DL:3.8MiB ETA:57m9s]
[#8b2ec5 14GiB/27GiB(52%) CN:9 DL:3.8MiB ETA:57m11s]
[#8b2ec5 14GiB/27GiB(52%) CN:9 DL:3.7MiB ETA:58m25s]

08/27 17:07:49 [[1;32mNOTICE[0m] CUID#17 - Redirecting to https://us.aws.cdn.hf.co/xet-bridge-us/6a83fdf1993fbb53ef83dbb1/c5e4bd4e5aead56c29af62fb4180f69b77a2f64cced4d117987bfbfb64860be4?response-content-disposition=inline%3B+filename*%3DUTF-8%27%27Ornith-1.5-35B-Q6_K.gguf%3B+filename%3D%22Ornith-1.5-35B-Q6_K.gguf%22%3B&X-Xet-Cas-Uid=public&user_id=public&Expires=1787825269&Policy=eyJTdGF0ZW1lbnQiOlt7IlJlc291cmNlIjoiaHR0cHM6Ly91cy5hd3MuY2RuLmhmLmNvL3hldC1icmlkZ2UtdXMvNmE4M2ZkZjE5OTNmYmI1M2VmODNkYmIxL2M1ZTRiZDRlNWFlYWQ1NmMyOWFmNjJmYjQxODBmNjliNzdhMmY2NGNjZWQ0ZDExNzk4N2JmYmZiNjQ4NjBiZTRcXD9yZXNwb25zZS1jb250ZW50LWRpc3Bvc2l0aW9uPWlubGluZSUzQitmaWxlbmFtZSUyQSUzRFVURi04JTI3JTI3T3JuaXRoLTEuNS0zNUItUTZfSy5nZ3VmJTNCK2ZpbGVuYW1lJTNEJTIyT3JuaXRoLTEuNS0zNUItUTZfSy5nZ3VmJTIyJTNCJlgtWGV0LUNhcy1VaWQ9cHVibGljJnVzZXJfaWQ9cHVibGljIiwiQ29uZGl0aW9uIjp7IkRhdGVMZXNzVGhhbiI6eyJFcG9jaFRpbWUiOjE3ODc4MjUyNjl9fX1dfQ__&Signature=MEQCIHvzVFbwDX9J179aZC3meLdHemD-qTFnTrY9dBYCBmd3AiBztYC9HLGaZvDDOio2-hMDeeBJO-46AiF8Y5pGqW-AZQ__&Key-Pair-Id=01KXEF4KZ1B6FV465MAWR4M21F
[#8b2ec5 14GiB/27GiB(52%) CN:9 DL:3.8MiB ETA:58m1s]
[#8b2ec5 14GiB/27GiB(52%) CN:9 DL:4.0MiB ETA:54m46s]
[#8b2ec5 14GiB/27GiB(52%) CN:9 DL:3.8MiB ETA:57m44s]
[#8b2ec5 14GiB/27GiB(52%) CN:9 DL:3.8MiB ETA:57m16s]
[#8b2ec5 14GiB/27GiB(52%) CN:9 DL:4.0MiB ETA:54m18s]
[#8b2ec5 14GiB/27GiB(52%) CN:9 DL:3.9MiB ETA:55m37s]
[#8b2ec5 14GiB/27GiB(52%) CN:9 DL:4.0MiB ETA:54m52s]
[#8b2ec5 14GiB/27GiB(52%) CN:9 DL:4.0MiB ETA:54m34s]
[#8b2ec5 14GiB/27GiB(52%) CN:9 DL:4.0MiB ETA:54m33s]
[#8b2ec5 14GiB/27GiB(52%) CN:9 DL:4.1MiB ETA:53m1s]
[#8b2ec5 14GiB/27GiB(52%) CN:9 DL:4.1MiB ETA:53m32s]
[#8b2ec5 14GiB/27GiB(52%) CN:9 DL:4.2MiB ETA:52m7s]
[#8b2ec5 14GiB/27GiB(52%) CN:9 DL:4.3MiB ETA:50m37s]
[#8b2ec5 14GiB/27GiB(52%) CN:9 DL:4.2MiB ETA:51m39s]
[#8b2ec5 14GiB/27GiB(52%) CN:9 DL:4.4MiB ETA:49m28s]
[#8b2ec5 14GiB/27GiB(52%) CN:9 DL:4.3MiB ETA:49m54s]
 *** Download Progress Summary as of Thu Aug 27 17:08:06 2026 *** 
===============================================================================
[#8b2ec5 14GiB/27GiB(52%) CN:9 DL:4.4MiB ETA:49m46s]
FILE: /Users/wilsonxu/Models/ornith-256k/llamacpp/models/Ornith-1.5-35B-Q6_K.gguf
-------------------------------------------------------------------------------

[#8b2ec5 14GiB/27GiB(52%) CN:9 DL:4.4MiB ETA:49m46s]
[#8b2ec5 14GiB/27GiB(52%) CN:9 DL:4.4MiB ETA:48m59s]
[#8b2ec5 14GiB/27GiB(52%) CN:9 DL:4.3MiB ETA:50m22s]
[#8b2ec5 14GiB/27GiB(52%) CN:9 DL:4.1MiB ETA:52m24s]
[#8b2ec5 14GiB/27GiB(52%) CN:9 DL:4.0MiB ETA:54m5s]
[#8b2ec5 14GiB/27GiB(52%) CN:9 DL:4.0MiB ETA:54m29s]
[#8b2ec5 14GiB/27GiB(52%) CN:9 DL:3.9MiB ETA:55m4s]
[#8b2ec5 14GiB/27GiB(52%) CN:9 DL:3.8MiB ETA:57m19s]
[#8b2ec5 14GiB/27GiB(52%) CN:9 DL:3.7MiB ETA:58m54s]
[#8b2ec5 14GiB/27GiB(52%) CN:9 DL:3.5MiB ETA:1h1m50s]
[#8b2ec5 14GiB/27GiB(52%) CN:9 DL:3.4MiB ETA:1h3m40s]
[#8b2ec5 14GiB/27GiB(52%) CN:9 DL:3.3MiB ETA:1h5m57s]
[#8b2ec5 14GiB/27GiB(52%) CN:9 DL:3.4MiB ETA:1h3m45s]
[#8b2ec5 14GiB/27GiB(52%) CN:9 DL:3.3MiB ETA:1h4m46s]
[#8b2ec5 14GiB/27GiB(52%) CN:9 DL:3.1MiB ETA:1h10m1s]
[#8b2ec5 14GiB/27GiB(52%) CN:9 DL:3.2MiB ETA:1h7m16s]
[#8b2ec5 14GiB/27GiB(52%) CN:9 DL:3.2MiB ETA:1h7m8s]
[#8b2ec5 14GiB/27GiB(52%) CN:9 DL:3.2MiB ETA:1h7m59s]
[#8b2ec5 14GiB/27GiB(52%) CN:9 DL:3.2MiB ETA:1h6m53s]
[#8b2ec5 14GiB/27GiB(52%) CN:9 DL:3.1MiB ETA:1h9m22s]
[#8b2ec5 14GiB/27GiB(52%) CN:9 DL:3.1MiB ETA:1h8m33s]
[#8b2ec5 14GiB/27GiB(53%) CN:9 DL:3.0MiB ETA:1h12m15s]
[#8b2ec5 14GiB/27GiB(53%) CN:9 DL:3.0MiB ETA:1h11m41s]
[#8b2ec5 14GiB/27GiB(53%) CN:9 DL:3.1MiB ETA:1h9m21s]
[#8b2ec5 14GiB/27GiB(53%) CN:9 DL:2.9MiB ETA:1h14m28s]
[#8b2ec5 14GiB/27GiB(53%) CN:9 DL:2.8MiB ETA:1h15m35s]
[#8b2ec5 14GiB/27GiB(53%) CN:9 DL:2.9MiB ETA:1h14m37s]
[#8b2ec5 14GiB/27GiB(53%) CN:9 DL:3.0MiB ETA:1h10m51s]
[#8b2ec5 14GiB/27GiB(53%) CN:9 DL:3.1MiB ETA:1h9m52s]
[#8b2ec5 14GiB/27GiB(53%) CN:9 DL:3.0MiB ETA:1h10m59s]
[#8b2ec5 14GiB/27GiB(53%) CN:9 DL:3.0MiB ETA:1h10m29s]
[#8b2ec5 14GiB/27GiB(53%) CN:9 DL:3.1MiB ETA:1h9m13s]
[#8b2ec5 14GiB/27GiB(53%) CN:9 DL:2.9MiB ETA:1h14m10s]
[#8b2ec5 14GiB/27GiB(53%) CN:9 DL:3.0MiB ETA:1h11m50s]
[#8b2ec5 14GiB/27GiB(53%) CN:9 DL:3.1MiB ETA:1h9m11s]
[#8b2ec5 14GiB/27GiB(53%) CN:9 DL:3.1MiB ETA:1h8m44s]
[#8b2ec5 14GiB/27GiB(53%) CN:9 DL:3.0MiB ETA:1h10m6s]
[#8b2ec5 14GiB/27GiB(53%) CN:9 DL:3.1MiB ETA:1h9m30s]
[#8b2ec5 14GiB/27GiB(53%) CN:9 DL:3.1MiB ETA:1h8m12s]
[#8b2ec5 14GiB/27GiB(53%) CN:9 DL:3.1MiB ETA:1h7m52s]
[#8b2ec5 14GiB/27GiB(53%) CN:9 DL:3.2MiB ETA:1h6m37s]
[#8b2ec5 14GiB/27GiB(53%) CN:9 DL:3.3MiB ETA:1h4m57s]
[#8b2ec5 14GiB/27GiB(53%) CN:9 DL:3.3MiB ETA:1h4m35s]
[#8b2ec5 14GiB/27GiB(53%) CN:9 DL:3.1MiB ETA:1h7m59s]
[#8b2ec5 14GiB/27GiB(53%) CN:9 DL:3.1MiB ETA:1h8m3s]
[#8b2ec5 14GiB/27GiB(53%) CN:9 DL:3.1MiB ETA:1h8m46s]
[#8b2ec5 14GiB/27GiB(53%) CN:9 DL:3.0MiB ETA:1h10m24s]
[#8b2ec5 14GiB/27GiB(53%) CN:9 DL:3.0MiB ETA:1h10m58s]
[#8b2ec5 14GiB/27GiB(53%) CN:9 DL:3.1MiB ETA:1h9m21s]
[#8b2ec5 14GiB/27GiB(53%) CN:9 DL:2.9MiB ETA:1h13m51s]
[#8b2ec5 14GiB/27GiB(53%) CN:9 DL:2.9MiB ETA:1h12m36s]
[#8b2ec5 14GiB/27GiB(53%) CN:9 DL:2.8MiB ETA:1h14m55s]
[#8b2ec5 14GiB/27GiB(53%) CN:9 DL:2.8MiB ETA:1h15m18s]
[#8b2ec5 14GiB/27GiB(53%) CN:9 DL:2.9MiB ETA:1h13m50s]
[#8b2ec5 14GiB/27GiB(53%) CN:9 DL:2.8MiB ETA:1h16m44s]
[#8b2ec5 14GiB/27GiB(53%) CN:9 DL:2.8MiB ETA:1h15m31s]
[#8b2ec5 14GiB/27GiB(53%) CN:9 DL:2.8MiB ETA:1h17m7s]
[#8b2ec5 14GiB/27GiB(53%) CN:9 DL:2.7MiB ETA:1h17m19s]
 *** Download Progress Summary as of Thu Aug 27 17:09:07 2026 *** 
===============================================================================
[#8b2ec5 14GiB/27GiB(53%) CN:9 DL:2.7MiB ETA:1h17m16s]
FILE: /Users/wilsonxu/Models/ornith-256k/llamacpp/models/Ornith-1.5-35B-Q6_K.gguf
-------------------------------------------------------------------------------

[#8b2ec5 14GiB/27GiB(53%) CN:9 DL:2.7MiB ETA:1h17m16s]
[#8b2ec5 14GiB/27GiB(53%) CN:9 DL:2.7MiB ETA:1h18m19s]
[#8b2ec5 14GiB/27GiB(53%) CN:9 DL:2.7MiB ETA:1h18m13s]
[#8b2ec5 14GiB/27GiB(53%) CN:9 DL:2.7MiB ETA:1h17m42s]
[#8b2ec5 14GiB/27GiB(53%) CN:9 DL:2.6MiB ETA:1h20m47s]
[#8b2ec5 14GiB/27GiB(53%) CN:9 DL:2.7MiB ETA:1h19m38s]
[#8b2ec5 14GiB/27GiB(53%) CN:9 DL:2.6MiB ETA:1h21m13s]
[#8b2ec5 14GiB/27GiB(53%) CN:9 DL:2.7MiB ETA:1h19m13s]
[#8b2ec5 14GiB/27GiB(53%) CN:9 DL:2.7MiB ETA:1h18m43s]
[#8b2ec5 14GiB/27GiB(53%) CN:9 DL:2.8MiB ETA:1h15m19s]
[#8b2ec5 14GiB/27GiB(53%) CN:9 DL:2.8MiB ETA:1h14m55s]
[#8b2ec5 14GiB/27GiB(53%) CN:9 DL:2.8MiB ETA:1h16m7s]
[#8b2ec5 14GiB/27GiB(53%) CN:9 DL:2.9MiB ETA:1h13m12s]
[#8b2ec5 14GiB/27GiB(53%) CN:9 DL:2.9MiB ETA:1h12m56s]
[#8b2ec5 14GiB/27GiB(53%) CN:9 DL:2.9MiB ETA:1h11m58s]
[#8b2ec5 14GiB/27GiB(53%) CN:9 DL:3.0MiB ETA:1h11m13s]
[#8b2ec5 14GiB/27GiB(53%) CN:9 DL:3.0MiB ETA:1h9m54s]
[#8b2ec5 14GiB/27GiB(53%) CN:9 DL:2.9MiB ETA:1h13m15s]
[#8b2ec5 14GiB/27GiB(53%) CN:9 DL:3.0MiB ETA:1h11m42s]
[#8b2ec5 14GiB/27GiB(53%) CN:9 DL:3.1MiB ETA:1h8m20s]
[#8b2ec5 14GiB/27GiB(53%) CN:9 DL:3.2MiB ETA:1h6m54s]
[#8b2ec5 14GiB/27GiB(53%) CN:9 DL:3.0MiB ETA:1h10m17s]
[#8b2ec5 14GiB/27GiB(53%) CN:9 DL:3.1MiB ETA:1h8m6s]
[#8b2ec5 14GiB/27GiB(53%) CN:9 DL:3.1MiB ETA:1h9m17s]
[#8b2ec5 14GiB/27GiB(53%) CN:9 DL:3.0MiB ETA:1h9m28s]
[#8b2ec5 14GiB/27GiB(53%) CN:9 DL:3.1MiB ETA:1h8m41s]
[#8b2ec5 14GiB/27GiB(53%) CN:9 DL:3.2MiB ETA:1h6m35s]
[#8b2ec5 14GiB/27GiB(53%) CN:9 DL:3.1MiB ETA:1h9m15s]
[#8b2ec5 14GiB/27GiB(53%) CN:9 DL:3.1MiB ETA:1h9m15s]
[#8b2ec5 14GiB/27GiB(53%) CN:9 DL:3.0MiB ETA:1h9m58s]
[#8b2ec5 14GiB/27GiB(53%) CN:9 DL:3.3MiB ETA:1h4m53s]
[#8b2ec5 14GiB/27GiB(53%) CN:9 DL:3.2MiB ETA:1h5m54s]
[#8b2ec5 14GiB/27GiB(53%) CN:9 DL:3.2MiB ETA:1h5m14s]
[#8b2ec5 14GiB/27GiB(53%) CN:9 DL:3.4MiB ETA:1h2m57s]
[#8b2ec5 14GiB/27GiB(53%) CN:9 DL:3.2MiB ETA:1h5m20s]
[#8b2ec5 14GiB/27GiB(53%) CN:9 DL:3.3MiB ETA:1h3m15s]
[#8b2ec5 14GiB/27GiB(53%) CN:9 DL:3.4MiB ETA:1h1m19s]
[#8b2ec5 14GiB/27GiB(53%) CN:9 DL:3.4MiB ETA:1h1m55s]
[#8b2ec5 14GiB/27GiB(53%) CN:9 DL:3.5MiB ETA:59m41s]
[#8b2ec5 14GiB/27GiB(53%) CN:9 DL:3.5MiB ETA:1h3s]
[#8b2ec5 14GiB/27GiB(53%) CN:9 DL:3.6MiB ETA:58m32s]
[#8b2ec5 14GiB/27GiB(53%) CN:9 DL:3.6MiB ETA:58m23s]
[#8b2ec5 14GiB/27GiB(53%) CN:9 DL:3.6MiB ETA:58m11s]
[#8b2ec5 14GiB/27GiB(53%) CN:9 DL:3.7MiB ETA:57m2s]
[#8b2ec5 14GiB/27GiB(53%) CN:9 DL:3.6MiB ETA:57m51s]
[#8b2ec5 14GiB/27GiB(53%) CN:9 DL:3.6MiB ETA:58m22s]
[#8b2ec5 14GiB/27GiB(53%) CN:9 DL:3.7MiB ETA:57m3s]
[#8b2ec5 14GiB/27GiB(54%) CN:9 DL:3.6MiB ETA:58m19s]
[#8b2ec5 14GiB/27GiB(54%) CN:9 DL:3.6MiB ETA:58m21s]
[#8b2ec5 14GiB/27GiB(54%) CN:9 DL:3.5MiB ETA:59m47s]
[#8b2ec5 14GiB/27GiB(54%) CN:9 DL:3.6MiB ETA:59m]
[#8b2ec5 14GiB/27GiB(54%) CN:9 DL:3.4MiB ETA:1h1m45s]
[#8b2ec5 14GiB/27GiB(54%) CN:9 DL:3.3MiB ETA:1h3m14s]
[#8b2ec5 14GiB/27GiB(54%) CN:9 DL:3.2MiB ETA:1h4m40s]
[#8b2ec5 14GiB/27GiB(54%) CN:9 DL:3.2MiB ETA:1h5m18s]
[#8b2ec5 14GiB/27GiB(54%) CN:9 DL:3.0MiB ETA:1h8m44s]
[#8b2ec5 14GiB/27GiB(54%) CN:9 DL:3.1MiB ETA:1h7m56s]
[#8b2ec5 14GiB/27GiB(54%) CN:9 DL:3.0MiB ETA:1h10m17s]
 *** Download Progress Summary as of Thu Aug 27 17:10:08 2026 *** 
===============================================================================
[#8b2ec5 14GiB/27GiB(54%) CN:9 DL:3.1MiB ETA:1h8m23s]
FILE: /Users/wilsonxu/Models/ornith-256k/llamacpp/models/Ornith-1.5-35B-Q6_K.gguf
-------------------------------------------------------------------------------

[#8b2ec5 14GiB/27GiB(54%) CN:9 DL:3.1MiB ETA:1h8m23s]
[#8b2ec5 14GiB/27GiB(54%) CN:9 DL:3.1MiB ETA:1h7m57s]
[#8b2ec5 14GiB/27GiB(54%) CN:9 DL:3.2MiB ETA:1h6m6s]
[#8b2ec5 14GiB/27GiB(54%) CN:9 DL:3.2MiB ETA:1h5m35s]
[#8b2ec5 14GiB/27GiB(54%) CN:9 DL:3.2MiB ETA:1h4m42s]
[#8b2ec5 14GiB/27GiB(54%) CN:9 DL:3.3MiB ETA:1h3m30s]
[#8b2ec5 14GiB/27GiB(54%) CN:9 DL:3.3MiB ETA:1h2m35s]
[#8b2ec5 14GiB/27GiB(54%) CN:9 DL:3.3MiB ETA:1h2m55s]
[#8b2ec5 14GiB/27GiB(54%) CN:9 DL:3.3MiB ETA:1h2m49s]
[#8b2ec5 14GiB/27GiB(54%) CN:9 DL:3.4MiB ETA:1h1m49s]
[#8b2ec5 14GiB/27GiB(54%) CN:9 DL:3.4MiB ETA:1h2m10s]
[#8b2ec5 14GiB/27GiB(54%) CN:9 DL:3.4MiB ETA:1h1m14s]
[#8b2ec5 14GiB/27GiB(54%) CN:9 DL:3.5MiB ETA:1h29s]
[#8b2ec5 14GiB/27GiB(54%) CN:9 DL:3.4MiB ETA:1h1m14s]
[#8b2ec5 14GiB/27GiB(54%) CN:9 DL:3.4MiB ETA:1h39s]
[#8b2ec5 14GiB/27GiB(54%) CN:9 DL:3.6MiB ETA:58m27s]
[#8b2ec5 14GiB/27GiB(54%) CN:9 DL:3.6MiB ETA:58m39s]
[#8b2ec5 14GiB/27GiB(54%) CN:9 DL:3.5MiB ETA:58m59s]
[#8b2ec5 14GiB/27GiB(54%) CN:9 DL:3.5MiB ETA:1h9s]

08/27 17:10:27 [[1;31mERROR[0m] CUID#13 - Download aborted. URI=https://huggingface.co/ornith-ai/Ornith-1.5-35B-A3B-GGUF/resolve/main/Ornith-1.5-35B-Q6_K.gguf
Exception: [AbstractCommand.cc:351] errorCode=1 URI=https://huggingface.co/ornith-ai/Ornith-1.5-35B-A3B-GGUF/resolve/main/Ornith-1.5-35B-Q6_K.gguf
  -> [SocketCore.cc:1022] errorCode=1 SSL/TLS handshake failure: Connection aborted
[#8b2ec5 14GiB/27GiB(54%) CN:8 DL:3.4MiB ETA:1h1m]
[#8b2ec5 14GiB/27GiB(54%) CN:8 DL:3.3MiB ETA:1h2m26s]
[#8b2ec5 14GiB/27GiB(54%) CN:8 DL:3.3MiB ETA:1h4m5s]
[#8b2ec5 14GiB/27GiB(54%) CN:8 DL:3.2MiB ETA:1h4m21s]

08/27 17:10:32 [[1;32mNOTICE[0m] CUID#18 - Redirecting to https://us.aws.cdn.hf.co/xet-bridge-us/6a83fdf1993fbb53ef83dbb1/c5e4bd4e5aead56c29af62fb4180f69b77a2f64cced4d117987bfbfb64860be4?response-content-disposition=inline%3B+filename*%3DUTF-8%27%27Ornith-1.5-35B-Q6_K.gguf%3B+filename%3D%22Ornith-1.5-35B-Q6_K.gguf%22%3B&user_id=public&X-Xet-Cas-Uid=public&Expires=1787825431&Policy=eyJTdGF0ZW1lbnQiOlt7IlJlc291cmNlIjoiaHR0cHM6Ly91cy5hd3MuY2RuLmhmLmNvL3hldC1icmlkZ2UtdXMvNmE4M2ZkZjE5OTNmYmI1M2VmODNkYmIxL2M1ZTRiZDRlNWFlYWQ1NmMyOWFmNjJmYjQxODBmNjliNzdhMmY2NGNjZWQ0ZDExNzk4N2JmYmZiNjQ4NjBiZTRcXD9yZXNwb25zZS1jb250ZW50LWRpc3Bvc2l0aW9uPWlubGluZSUzQitmaWxlbmFtZSUyQSUzRFVURi04JTI3JTI3T3JuaXRoLTEuNS0zNUItUTZfSy5nZ3VmJTNCK2ZpbGVuYW1lJTNEJTIyT3JuaXRoLTEuNS0zNUItUTZfSy5nZ3VmJTIyJTNCJnVzZXJfaWQ9cHVibGljJlgtWGV0LUNhcy1VaWQ9cHVibGljIiwiQ29uZGl0aW9uIjp7IkRhdGVMZXNzVGhhbiI6eyJFcG9jaFRpbWUiOjE3ODc4MjU0MzF9fX1dfQ__&Signature=MEUCIQD4l0eTogMHNMFZqN%7EA8TY%7E9OrH2zwGQnWoKvx2tdXT1gIgbXFSQykyrkoVZMvq3eq%7EOyNHUQd34dPjm7JHVVPs9iQ_&Key-Pair-Id=01KXEF4KZ1B6FV465MAWR4M21F
[#8b2ec5 14GiB/27GiB(54%) CN:8 DL:2.9MiB ETA:1h10m40s]
[#8b2ec5 14GiB/27GiB(54%) CN:8 DL:2.6MiB ETA:1h18m44s]

08/27 17:10:33 [[1;32mNOTICE[0m] CUID#21 - Redirecting to https://us.aws.cdn.hf.co/xet-bridge-us/6a83fdf1993fbb53ef83dbb1/c5e4bd4e5aead56c29af62fb4180f69b77a2f64cced4d117987bfbfb64860be4?X-Xet-Cas-Uid=public&user_id=public&response-content-disposition=inline%3B+filename*%3DUTF-8%27%27Ornith-1.5-35B-Q6_K.gguf%3B+filename%3D%22Ornith-1.5-35B-Q6_K.gguf%22%3B&Expires=1787825433&Policy=eyJTdGF0ZW1lbnQiOlt7IlJlc291cmNlIjoiaHR0cHM6Ly91cy5hd3MuY2RuLmhmLmNvL3hldC1icmlkZ2UtdXMvNmE4M2ZkZjE5OTNmYmI1M2VmODNkYmIxL2M1ZTRiZDRlNWFlYWQ1NmMyOWFmNjJmYjQxODBmNjliNzdhMmY2NGNjZWQ0ZDExNzk4N2JmYmZiNjQ4NjBiZTRcXD9YLVhldC1DYXMtVWlkPXB1YmxpYyZ1c2VyX2lkPXB1YmxpYyZyZXNwb25zZS1jb250ZW50LWRpc3Bvc2l0aW9uPWlubGluZSUzQitmaWxlbmFtZSUyQSUzRFVURi04JTI3JTI3T3JuaXRoLTEuNS0zNUItUTZfSy5nZ3VmJTNCK2ZpbGVuYW1lJTNEJTIyT3JuaXRoLTEuNS0zNUItUTZfSy5nZ3VmJTIyJTNCIiwiQ29uZGl0aW9uIjp7IkRhdGVMZXNzVGhhbiI6eyJFcG9jaFRpbWUiOjE3ODc4MjU0MzN9fX1dfQ__&Signature=MEUCIDef%7E6tRA-AgA07%7EC2ZJo71Ju3XNtSs-ZtxAX8L1ItVmAiEAmsrLRpH7Df9SAQInAbK-TOeIwHDzszsI4Pwm8xadw2U_&Key-Pair-Id=01KXEF4KZ1B6FV465MAWR4M21F
[#8b2ec5 14GiB/27GiB(54%) CN:8 DL:2.4MiB ETA:1h26m1s]
[#8b2ec5 14GiB/27GiB(54%) CN:8 DL:2.2MiB ETA:1h33m53s]

08/27 17:10:35 [[1;32mNOTICE[0m] CUID#20 - Redirecting to https://us.aws.cdn.hf.co/xet-bridge-us/6a83fdf1993fbb53ef83dbb1/c5e4bd4e5aead56c29af62fb4180f69b77a2f64cced4d117987bfbfb64860be4?X-Xet-Cas-Uid=public&user_id=public&response-content-disposition=inline%3B+filename*%3DUTF-8%27%27Ornith-1.5-35B-Q6_K.gguf%3B+filename%3D%22Ornith-1.5-35B-Q6_K.gguf%22%3B&Expires=1787825435&Policy=eyJTdGF0ZW1lbnQiOlt7IlJlc291cmNlIjoiaHR0cHM6Ly91cy5hd3MuY2RuLmhmLmNvL3hldC1icmlkZ2UtdXMvNmE4M2ZkZjE5OTNmYmI1M2VmODNkYmIxL2M1ZTRiZDRlNWFlYWQ1NmMyOWFmNjJmYjQxODBmNjliNzdhMmY2NGNjZWQ0ZDExNzk4N2JmYmZiNjQ4NjBiZTRcXD9YLVhldC1DYXMtVWlkPXB1YmxpYyZ1c2VyX2lkPXB1YmxpYyZyZXNwb25zZS1jb250ZW50LWRpc3Bvc2l0aW9uPWlubGluZSUzQitmaWxlbmFtZSUyQSUzRFVURi04JTI3JTI3T3JuaXRoLTEuNS0zNUItUTZfSy5nZ3VmJTNCK2ZpbGVuYW1lJTNEJTIyT3JuaXRoLTEuNS0zNUItUTZfSy5nZ3VmJTIyJTNCIiwiQ29uZGl0aW9uIjp7IkRhdGVMZXNzVGhhbiI6eyJFcG9jaFRpbWUiOjE3ODc4MjU0MzV9fX1dfQ__&Signature=MEYCIQDiFb6eQRTdVuPBiJ65WZcF8eS8f4-b%7EvbZlPgn9Az6pAIhAI6uTEBbBoxo6mw%7Etkzm52X92NSJFrlSvxYJxRNNFJEo&Key-Pair-Id=01KXEF4KZ1B6FV465MAWR4M21F
[#8b2ec5 14GiB/27GiB(54%) CN:8 DL:1.9MiB ETA:1h46m21s]

08/27 17:10:36 [[1;32mNOTICE[0m] CUID#23 - Redirecting to https://us.aws.cdn.hf.co/xet-bridge-us/6a83fdf1993fbb53ef83dbb1/c5e4bd4e5aead56c29af62fb4180f69b77a2f64cced4d117987bfbfb64860be4?user_id=public&X-Xet-Cas-Uid=public&response-content-disposition=inline%3B+filename*%3DUTF-8%27%27Ornith-1.5-35B-Q6_K.gguf%3B+filename%3D%22Ornith-1.5-35B-Q6_K.gguf%22%3B&Expires=1787825436&Policy=eyJTdGF0ZW1lbnQiOlt7IlJlc291cmNlIjoiaHR0cHM6Ly91cy5hd3MuY2RuLmhmLmNvL3hldC1icmlkZ2UtdXMvNmE4M2ZkZjE5OTNmYmI1M2VmODNkYmIxL2M1ZTRiZDRlNWFlYWQ1NmMyOWFmNjJmYjQxODBmNjliNzdhMmY2NGNjZWQ0ZDExNzk4N2JmYmZiNjQ4NjBiZTRcXD91c2VyX2lkPXB1YmxpYyZYLVhldC1DYXMtVWlkPXB1YmxpYyZyZXNwb25zZS1jb250ZW50LWRpc3Bvc2l0aW9uPWlubGluZSUzQitmaWxlbmFtZSUyQSUzRFVURi04JTI3JTI3T3JuaXRoLTEuNS0zNUItUTZfSy5nZ3VmJTNCK2ZpbGVuYW1lJTNEJTIyT3JuaXRoLTEuNS0zNUItUTZfSy5nZ3VmJTIyJTNCIiwiQ29uZGl0aW9uIjp7IkRhdGVMZXNzVGhhbiI6eyJFcG9jaFRpbWUiOjE3ODc4MjU0MzZ9fX1dfQ__&Signature=MEUCIQDK95hwA0iBuWVYVIHjbUJWBGnP%7EHnJ89qd9VC3%7EeoPvwIgYEAkdWr5Pin8j7kt2sgi9rWKU9QcsRhGoBH4%7EGtLUTA_&Key-Pair-Id=01KXEF4KZ1B6FV465MAWR4M21F

08/27 17:10:37 [[1;32mNOTICE[0m] CUID#17 - Redirecting to https://us.aws.cdn.hf.co/xet-bridge-us/6a83fdf1993fbb53ef83dbb1/c5e4bd4e5aead56c29af62fb4180f69b77a2f64cced4d117987bfbfb64860be4?X-Xet-Cas-Uid=public&response-content-disposition=inline%3B+filename*%3DUTF-8%27%27Ornith-1.5-35B-Q6_K.gguf%3B+filename%3D%22Ornith-1.5-35B-Q6_K.gguf%22%3B&user_id=public&Expires=1787825436&Policy=eyJTdGF0ZW1lbnQiOlt7IlJlc291cmNlIjoiaHR0cHM6Ly91cy5hd3MuY2RuLmhmLmNvL3hldC1icmlkZ2UtdXMvNmE4M2ZkZjE5OTNmYmI1M2VmODNkYmIxL2M1ZTRiZDRlNWFlYWQ1NmMyOWFmNjJmYjQxODBmNjliNzdhMmY2NGNjZWQ0ZDExNzk4N2JmYmZiNjQ4NjBiZTRcXD9YLVhldC1DYXMtVWlkPXB1YmxpYyZyZXNwb25zZS1jb250ZW50LWRpc3Bvc2l0aW9uPWlubGluZSUzQitmaWxlbmFtZSUyQSUzRFVURi04JTI3JTI3T3JuaXRoLTEuNS0zNUItUTZfSy5nZ3VmJTNCK2ZpbGVuYW1lJTNEJTIyT3JuaXRoLTEuNS0zNUItUTZfSy5nZ3VmJTIyJTNCJnVzZXJfaWQ9cHVibGljIiwiQ29uZGl0aW9uIjp7IkRhdGVMZXNzVGhhbiI6eyJFcG9jaFRpbWUiOjE3ODc4MjU0MzZ9fX1dfQ__&Signature=MEUCIGPkRqr4dVVWNg8XMC%7EWV0bTwH7-4d52bdIWBRw-%7EsHjAiEA%7Ec17caC8J3MCMcnWrYURueHYFZ28%7EfhekApyYNYHd6I_&Key-Pair-Id=01KXEF4KZ1B6FV465MAWR4M21F
[#8b2ec5 14GiB/27GiB(54%) CN:8 DL:1.7MiB ETA:2h3m37s]
[#8b2ec5 14GiB/27GiB(54%) CN:8 DL:1.4MiB ETA:2h21m44s]

08/27 17:10:39 [[1;32mNOTICE[0m] CUID#14 - Redirecting to https://us.aws.cdn.hf.co/xet-bridge-us/6a83fdf1993fbb53ef83dbb1/c5e4bd4e5aead56c29af62fb4180f69b77a2f64cced4d117987bfbfb64860be4?X-Xet-Cas-Uid=public&response-content-disposition=inline%3B+filename*%3DUTF-8%27%27Ornith-1.5-35B-Q6_K.gguf%3B+filename%3D%22Ornith-1.5-35B-Q6_K.gguf%22%3B&user_id=public&Expires=1787825439&Policy=eyJTdGF0ZW1lbnQiOlt7IlJlc291cmNlIjoiaHR0cHM6Ly91cy5hd3MuY2RuLmhmLmNvL3hldC1icmlkZ2UtdXMvNmE4M2ZkZjE5OTNmYmI1M2VmODNkYmIxL2M1ZTRiZDRlNWFlYWQ1NmMyOWFmNjJmYjQxODBmNjliNzdhMmY2NGNjZWQ0ZDExNzk4N2JmYmZiNjQ4NjBiZTRcXD9YLVhldC1DYXMtVWlkPXB1YmxpYyZyZXNwb25zZS1jb250ZW50LWRpc3Bvc2l0aW9uPWlubGluZSUzQitmaWxlbmFtZSUyQSUzRFVURi04JTI3JTI3T3JuaXRoLTEuNS0zNUItUTZfSy5nZ3VmJTNCK2ZpbGVuYW1lJTNEJTIyT3JuaXRoLTEuNS0zNUItUTZfSy5nZ3VmJTIyJTNCJnVzZXJfaWQ9cHVibGljIiwiQ29uZGl0aW9uIjp7IkRhdGVMZXNzVGhhbiI6eyJFcG9jaFRpbWUiOjE3ODc4MjU0Mzl9fX1dfQ__&Signature=MEUCIEhf2SQGyc6%7EGxkXurjNTf2Du8cI7AyHO45YDQQt1JspAiEA6qU%7EYQIgemC-sAVwp6sk-J1ArvYFf2gQDZXmxZiDQ5Q_&Key-Pair-Id=01KXEF4KZ1B6FV465MAWR4M21F
[#8b2ec5 14GiB/27GiB(54%) CN:8 DL:1.3MiB ETA:2h34m16s]
[#8b2ec5 14GiB/27GiB(54%) CN:8 DL:1.4MiB ETA:2h25m12s]

08/27 17:10:40 [[1;32mNOTICE[0m] CUID#19 - Redirecting to https://us.aws.cdn.hf.co/xet-bridge-us/6a83fdf1993fbb53ef83dbb1/c5e4bd4e5aead56c29af62fb4180f69b77a2f64cced4d117987bfbfb64860be4?X-Xet-Cas-Uid=public&user_id=public&response-content-disposition=inline%3B+filename*%3DUTF-8%27%27Ornith-1.5-35B-Q6_K.gguf%3B+filename%3D%22Ornith-1.5-35B-Q6_K.gguf%22%3B&Expires=1787825440&Policy=eyJTdGF0ZW1lbnQiOlt7IlJlc291cmNlIjoiaHR0cHM6Ly91cy5hd3MuY2RuLmhmLmNvL3hldC1icmlkZ2UtdXMvNmE4M2ZkZjE5OTNmYmI1M2VmODNkYmIxL2M1ZTRiZDRlNWFlYWQ1NmMyOWFmNjJmYjQxODBmNjliNzdhMmY2NGNjZWQ0ZDExNzk4N2JmYmZiNjQ4NjBiZTRcXD9YLVhldC1DYXMtVWlkPXB1YmxpYyZ1c2VyX2lkPXB1YmxpYyZyZXNwb25zZS1jb250ZW50LWRpc3Bvc2l0aW9uPWlubGluZSUzQitmaWxlbmFtZSUyQSUzRFVURi04JTI3JTI3T3JuaXRoLTEuNS0zNUItUTZfSy5nZ3VmJTNCK2ZpbGVuYW1lJTNEJTIyT3JuaXRoLTEuNS0zNUItUTZfSy5nZ3VmJTIyJTNCIiwiQ29uZGl0aW9uIjp7IkRhdGVMZXNzVGhhbiI6eyJFcG9jaFRpbWUiOjE3ODc4MjU0NDB9fX1dfQ__&Signature=MEUCIQCwykodysjyVzbvnI2R71F5X2OAq1rfE9ijHCVw94XVUgIgfoOmdThDaXJmwfP86ebV7wUVhSb1vAZ3J1K7tq5zZK4_&Key-Pair-Id=01KXEF4KZ1B6FV465MAWR4M21F
[#8b2ec5 14GiB/27GiB(54%) CN:8 DL:1.7MiB ETA:1h58m56s]
[#8b2ec5 14GiB/27GiB(54%) CN:8 DL:2.5MiB ETA:1h22m45s]
[#8b2ec5 14GiB/27GiB(54%) CN:8 DL:3.4MiB ETA:1h1m13s]
[#8b2ec5 14GiB/27GiB(54%) CN:8 DL:5.0MiB ETA:41m37s]
[#8b2ec5 14GiB/27GiB(54%) CN:8 DL:5.3MiB ETA:39m22s]
[#8b2ec5 14GiB/27GiB(54%) CN:8 DL:6.3MiB ETA:33m7s]
[#8b2ec5 14GiB/27GiB(54%) CN:8 DL:7.4MiB ETA:28m5s]
[#8b2ec5 14GiB/27GiB(54%) CN:8 DL:8.3MiB ETA:25m14s]
[#8b2ec5 14GiB/27GiB(54%) CN:8 DL:8.9MiB ETA:23m24s]
[#8b2ec5 14GiB/27GiB(54%) CN:8 DL:9.5MiB ETA:22m2s]
[#8b2ec5 14GiB/27GiB(54%) CN:8 DL:9.7MiB ETA:21m34s]
[#8b2ec5 14GiB/27GiB(54%) CN:8 DL:9.4MiB ETA:22m4s]
[#8b2ec5 14GiB/27GiB(54%) CN:8 DL:8.8MiB ETA:23m33s]
[#8b2ec5 14GiB/27GiB(54%) CN:8 DL:9.4MiB ETA:22m10s]
[#8b2ec5 14GiB/27GiB(54%) CN:8 DL:8.8MiB ETA:23m44s]
[#8b2ec5 14GiB/27GiB(54%) CN:8 DL:8.6MiB ETA:24m10s]
[#8b2ec5 14GiB/27GiB(55%) CN:8 DL:8.7MiB ETA:23m59s]
[#8b2ec5 14GiB/27GiB(55%) CN:8 DL:8.5MiB ETA:24m18s]
[#8b2ec5 14GiB/27GiB(55%) CN:8 DL:8.4MiB ETA:24m31s]

08/27 17:11:01 [[1;32mNOTICE[0m] CUID#22 - Redirecting to https://us.aws.cdn.hf.co/xet-bridge-us/6a83fdf1993fbb53ef83dbb1/c5e4bd4e5aead56c29af62fb4180f69b77a2f64cced4d117987bfbfb64860be4?X-Xet-Cas-Uid=public&response-content-disposition=inline%3B+filename*%3DUTF-8%27%27Ornith-1.5-35B-Q6_K.gguf%3B+filename%3D%22Ornith-1.5-35B-Q6_K.gguf%22%3B&user_id=public&Expires=1787825461&Policy=eyJTdGF0ZW1lbnQiOlt7IlJlc291cmNlIjoiaHR0cHM6Ly91cy5hd3MuY2RuLmhmLmNvL3hldC1icmlkZ2UtdXMvNmE4M2ZkZjE5OTNmYmI1M2VmODNkYmIxL2M1ZTRiZDRlNWFlYWQ1NmMyOWFmNjJmYjQxODBmNjliNzdhMmY2NGNjZWQ0ZDExNzk4N2JmYmZiNjQ4NjBiZTRcXD9YLVhldC1DYXMtVWlkPXB1YmxpYyZyZXNwb25zZS1jb250ZW50LWRpc3Bvc2l0aW9uPWlubGluZSUzQitmaWxlbmFtZSUyQSUzRFVURi04JTI3JTI3T3JuaXRoLTEuNS0zNUItUTZfSy5nZ3VmJTNCK2ZpbGVuYW1lJTNEJTIyT3JuaXRoLTEuNS0zNUItUTZfSy5nZ3VmJTIyJTNCJnVzZXJfaWQ9cHVibGljIiwiQ29uZGl0aW9uIjp7IkRhdGVMZXNzVGhhbiI6eyJFcG9jaFRpbWUiOjE3ODc4MjU0NjF9fX1dfQ__&Signature=MEUCIQDv2YCtS3indV8MrnisPCL7i2C-MgcPRQP%7EX3-F4kF9BgIgKqNZYvMcW28AQAQLXwp9tdiCA7B1bP9Vu7tBuapjEuw_&Key-Pair-Id=01KXEF4KZ1B6FV465MAWR4M21F
[#8b2ec5 14GiB/27GiB(55%) CN:8 DL:8.3MiB ETA:25m]
[#8b2ec5 15GiB/27GiB(55%) CN:8 DL:8.3MiB ETA:24m51s]
[#8b2ec5 15GiB/27GiB(55%) CN:8 DL:8.1MiB ETA:25m36s]
[#8b2ec5 15GiB/27GiB(55%) CN:8 DL:7.9MiB ETA:26m5s]
[#8b2ec5 15GiB/27GiB(55%) CN:8 DL:8.4MiB ETA:24m37s]
[#8b2ec5 15GiB/27GiB(55%) CN:8 DL:8.0MiB ETA:25m50s]
[#8b2ec5 15GiB/27GiB(55%) CN:8 DL:8.4MiB ETA:24m32s]
 *** Download Progress Summary as of Thu Aug 27 17:11:09 2026 *** 
===============================================================================
[#8b2ec5 15GiB/27GiB(55%) CN:8 DL:8.4MiB ETA:24m24s]
FILE: /Users/wilsonxu/Models/ornith-256k/llamacpp/models/Ornith-1.5-35B-Q6_K.gguf
-------------------------------------------------------------------------------

[#8b2ec5 15GiB/27GiB(55%) CN:8 DL:8.4MiB ETA:24m24s]
[#8b2ec5 15GiB/27GiB(55%) CN:8 DL:8.5MiB ETA:24m12s]
[#8b2ec5 15GiB/27GiB(55%) CN:8 DL:8.6MiB ETA:23m51s]
[#8b2ec5 15GiB/27GiB(55%) CN:8 DL:9.0MiB ETA:22m47s]
[#8b2ec5 15GiB/27GiB(55%) CN:8 DL:9.2MiB ETA:22m26s]
[#8b2ec5 15GiB/27GiB(55%) CN:8 DL:8.9MiB ETA:23m]
[#8b2ec5 15GiB/27GiB(55%) CN:8 DL:9.1MiB ETA:22m35s]
[#8b2ec5 15GiB/27GiB(55%) CN:8 DL:9.6MiB ETA:21m21s]
[#8b2ec5 15GiB/27GiB(55%) CN:8 DL:8.8MiB ETA:23m22s]
[#8b2ec5 15GiB/27GiB(55%) CN:8 DL:8.6MiB ETA:23m42s]
[#8b2ec5 15GiB/27GiB(55%) CN:8 DL:8.5MiB ETA:24m9s]
[#8b2ec5 15GiB/27GiB(55%) CN:8 DL:8.3MiB ETA:24m37s]
[#8b2ec5 15GiB/27GiB(55%) CN:8 DL:7.8MiB ETA:26m17s]
[#8b2ec5 15GiB/27GiB(55%) CN:8 DL:8.0MiB ETA:25m36s]
[#8b2ec5 15GiB/27GiB(55%) CN:8 DL:8.2MiB ETA:24m56s]
[#8b2ec5 15GiB/27GiB(55%) CN:8 DL:7.9MiB ETA:25m40s]
[#8b2ec5 15GiB/27GiB(55%) CN:8 DL:7.5MiB ETA:27m16s]
[#8b2ec5 15GiB/27GiB(55%) CN:8 DL:8.1MiB ETA:25m11s]
[#8b2ec5 15GiB/27GiB(55%) CN:8 DL:7.7MiB ETA:26m14s]
[#8b2ec5 15GiB/27GiB(55%) CN:8 DL:8.0MiB ETA:25m30s]
[#8b2ec5 15GiB/27GiB(55%) CN:8 DL:7.7MiB ETA:26m27s]
[#8b2ec5 15GiB/27GiB(55%) CN:8 DL:8.0MiB ETA:25m24s]
[#8b2ec5 15GiB/27GiB(56%) CN:8 DL:7.6MiB ETA:26m30s]
[#8b2ec5 15GiB/27GiB(56%) CN:8 DL:7.8MiB ETA:25m51s]
[#8b2ec5 15GiB/27GiB(56%) CN:8 DL:8.2MiB ETA:24m47s]
[#8b2ec5 15GiB/27GiB(56%) CN:8 DL:8.1MiB ETA:24m52s]
[#8b2ec5 15GiB/27GiB(56%) CN:8 DL:8.2MiB ETA:24m38s]
[#8b2ec5 15GiB/27GiB(56%) CN:8 DL:8.5MiB ETA:23m39s]
[#8b2ec5 15GiB/27GiB(56%) CN:8 DL:8.3MiB ETA:24m18s]
[#8b2ec5 15GiB/27GiB(56%) CN:8 DL:8.8MiB ETA:22m52s]
[#8b2ec5 15GiB/27GiB(56%) CN:8 DL:8.6MiB ETA:23m29s]
[#8b2ec5 15GiB/27GiB(56%) CN:8 DL:8.7MiB ETA:23m5s]
[#8b2ec5 15GiB/27GiB(56%) CN:8 DL:8.7MiB ETA:23m2s]
[#8b2ec5 15GiB/27GiB(56%) CN:8 DL:8.6MiB ETA:23m24s]
[#8b2ec5 15GiB/27GiB(56%) CN:8 DL:9.1MiB ETA:22m8s]
[#8b2ec5 15GiB/27GiB(56%) CN:8 DL:8.7MiB ETA:23m12s]
[#8b2ec5 15GiB/27GiB(56%) CN:8 DL:8.9MiB ETA:22m32s]
[#8b2ec5 15GiB/27GiB(56%) CN:8 DL:9.3MiB ETA:21m40s]
[#8b2ec5 15GiB/27GiB(56%) CN:8 DL:8.9MiB ETA:22m38s]
[#8b2ec5 15GiB/27GiB(56%) CN:8 DL:9.1MiB ETA:22m1s]
[#8b2ec5 15GiB/27GiB(56%) CN:8 DL:8.7MiB ETA:23m1s]
[#8b2ec5 15GiB/27GiB(56%) CN:8 DL:8.9MiB ETA:22m35s]
[#8b2ec5 15GiB/27GiB(56%) CN:8 DL:8.8MiB ETA:22m36s]
[#8b2ec5 15GiB/27GiB(56%) CN:8 DL:8.5MiB ETA:23m34s]
[#8b2ec5 15GiB/27GiB(56%) CN:8 DL:8.7MiB ETA:22m49s]
[#8b2ec5 15GiB/27GiB(56%) CN:8 DL:8.6MiB ETA:23m8s]
[#8b2ec5 15GiB/27GiB(56%) CN:8 DL:8.5MiB ETA:23m26s]
[#8b2ec5 15GiB/27GiB(56%) CN:8 DL:8.9MiB ETA:22m28s]
[#8b2ec5 15GiB/27GiB(56%) CN:8 DL:8.5MiB ETA:23m23s]
[#8b2ec5 15GiB/27GiB(56%) CN:8 DL:9.0MiB ETA:22m4s]
[#8b2ec5 15GiB/27GiB(56%) CN:8 DL:8.4MiB ETA:23m40s]
[#8b2ec5 15GiB/27GiB(56%) CN:8 DL:8.2MiB ETA:24m6s]
[#8b2ec5 15GiB/27GiB(57%) CN:8 DL:8.4MiB ETA:23m42s]
[#8b2ec5 15GiB/27GiB(57%) CN:8 DL:8.0MiB ETA:24m44s]
[#8b2ec5 15GiB/27GiB(57%) CN:8 DL:7.9MiB ETA:24m57s]
[#8b2ec5 15GiB/27GiB(57%) CN:8 DL:7.8MiB ETA:25m25s]
[#8b2ec5 15GiB/27GiB(57%) CN:8 DL:7.5MiB ETA:26m18s]
[#8b2ec5 15GiB/27GiB(57%) CN:8 DL:7.7MiB ETA:25m48s]
 *** Download Progress Summary as of Thu Aug 27 17:12:10 2026 *** 
===============================================================================
[#8b2ec5 15GiB/27GiB(57%) CN:8 DL:7.2MiB ETA:27m24s]
FILE: /Users/wilsonxu/Models/ornith-256k/llamacpp/models/Ornith-1.5-35B-Q6_K.gguf
-------------------------------------------------------------------------------

[#8b2ec5 15GiB/27GiB(57%) CN:8 DL:7.2MiB ETA:27m24s]
[#8b2ec5 15GiB/27GiB(57%) CN:8 DL:7.6MiB ETA:26m2s]
[#8b2ec5 15GiB/27GiB(57%) CN:8 DL:7.3MiB ETA:26m59s]
[#8b2ec5 15GiB/27GiB(57%) CN:8 DL:7.4MiB ETA:26m38s]
[#8b2ec5 15GiB/27GiB(57%) CN:8 DL:7.4MiB ETA:26m28s]
[#8b2ec5 15GiB/27GiB(57%) CN:8 DL:7.4MiB ETA:26m32s]
[#8b2ec5 15GiB/27GiB(57%) CN:8 DL:7.3MiB ETA:26m59s]
[#8b2ec5 15GiB/27GiB(57%) CN:8 DL:7.1MiB ETA:27m31s]
[#8b2ec5 15GiB/27GiB(57%) CN:8 DL:7.2MiB ETA:27m23s]
[#8b2ec5 15GiB/27GiB(57%) CN:8 DL:7.2MiB ETA:27m24s]
[#8b2ec5 15GiB/27GiB(57%) CN:8 DL:7.0MiB ETA:28m11s]
[#8b2ec5 15GiB/27GiB(57%) CN:8 DL:7.1MiB ETA:27m32s]
[#8b2ec5 15GiB/27GiB(57%) CN:8 DL:6.8MiB ETA:28m48s]
[#8b2ec5 15GiB/27GiB(57%) CN:8 DL:6.6MiB ETA:29m53s]
[#8b2ec5 15GiB/27GiB(57%) CN:8 DL:6.6MiB ETA:29m42s]
[#8b2ec5 15GiB/27GiB(57%) CN:8 DL:6.7MiB ETA:29m11s]
[#8b2ec5 15GiB/27GiB(57%) CN:8 DL:6.7MiB ETA:29m16s]
[#8b2ec5 15GiB/27GiB(57%) CN:8 DL:6.7MiB ETA:29m18s]
[#8b2ec5 15GiB/27GiB(57%) CN:8 DL:6.7MiB ETA:29m15s]
[#8b2ec5 15GiB/27GiB(57%) CN:8 DL:6.9MiB ETA:28m11s]
[#8b2ec5 15GiB/27GiB(57%) CN:8 DL:6.6MiB ETA:29m40s]
[#8b2ec5 15GiB/27GiB(57%) CN:8 DL:6.7MiB ETA:28m56s]
[#8b2ec5 15GiB/27GiB(57%) CN:8 DL:6.7MiB ETA:29m4s]
[#8b2ec5 15GiB/27GiB(57%) CN:8 DL:6.6MiB ETA:29m26s]
[#8b2ec5 15GiB/27GiB(57%) CN:8 DL:6.5MiB ETA:30m6s]
[#8b2ec5 15GiB/27GiB(57%) CN:8 DL:6.7MiB ETA:28m54s]
[#8b2ec5 15GiB/27GiB(57%) CN:8 DL:6.6MiB ETA:29m31s]
[#8b2ec5 15GiB/27GiB(57%) CN:8 DL:6.7MiB ETA:29m8s]
[#8b2ec5 15GiB/27GiB(57%) CN:8 DL:6.6MiB ETA:29m26s]
[#8b2ec5 15GiB/27GiB(57%) CN:8 DL:7.1MiB ETA:27m18s]
[#8b2ec5 15GiB/27GiB(57%) CN:8 DL:6.8MiB ETA:28m19s]
[#8b2ec5 15GiB/27GiB(57%) CN:8 DL:6.9MiB ETA:28m10s]
[#8b2ec5 15GiB/27GiB(58%) CN:8 DL:6.9MiB ETA:28m4s]
[#8b2ec5 15GiB/27GiB(58%) CN:8 DL:6.9MiB ETA:27m57s]
[#8b2ec5 15GiB/27GiB(58%) CN:8 DL:6.7MiB ETA:28m49s]
[#8b2ec5 15GiB/27GiB(58%) CN:8 DL:6.9MiB ETA:28m]
[#8b2ec5 15GiB/27GiB(58%) CN:8 DL:7.0MiB ETA:27m28s]
[#8b2ec5 15GiB/27GiB(58%) CN:8 DL:6.8MiB ETA:28m15s]
[#8b2ec5 15GiB/27GiB(58%) CN:8 DL:6.8MiB ETA:28m23s]
[#8b2ec5 15GiB/27GiB(58%) CN:8 DL:7.1MiB ETA:27m18s]
[#8b2ec5 15GiB/27GiB(58%) CN:8 DL:7.3MiB ETA:26m29s]
[#8b2ec5 15GiB/27GiB(58%) CN:8 DL:7.2MiB ETA:26m36s]
[#8b2ec5 15GiB/27GiB(58%) CN:8 DL:7.2MiB ETA:26m52s]
[#8b2ec5 15GiB/27GiB(58%) CN:8 DL:7.4MiB ETA:25m56s]
[#8b2ec5 15GiB/27GiB(58%) CN:8 DL:7.4MiB ETA:26m3s]
[#8b2ec5 15GiB/27GiB(58%) CN:8 DL:7.6MiB ETA:25m18s]
[#8b2ec5 15GiB/27GiB(58%) CN:8 DL:7.9MiB ETA:24m25s]
[#8b2ec5 15GiB/27GiB(58%) CN:8 DL:7.8MiB ETA:24m31s]
[#8b2ec5 15GiB/27GiB(58%) CN:8 DL:7.8MiB ETA:24m25s]
[#8b2ec5 15GiB/27GiB(58%) CN:8 DL:8.1MiB ETA:23m33s]
[#8b2ec5 15GiB/27GiB(58%) CN:8 DL:8.4MiB ETA:22m53s]
[#8b2ec5 15GiB/27GiB(58%) CN:8 DL:8.7MiB ETA:22m4s]
[#8b2ec5 15GiB/27GiB(58%) CN:8 DL:8.5MiB ETA:22m22s]
[#8b2ec5 15GiB/27GiB(58%) CN:8 DL:8.6MiB ETA:22m7s]
[#8b2ec5 15GiB/27GiB(58%) CN:8 DL:8.6MiB ETA:22m10s]
[#8b2ec5 15GiB/27GiB(58%) CN:8 DL:8.6MiB ETA:22m16s]
[#8b2ec5 15GiB/27GiB(58%) CN:8 DL:8.9MiB ETA:21m23s]
[#8b2ec5 15GiB/27GiB(58%) CN:8 DL:9.0MiB ETA:21m14s]
 *** Download Progress Summary as of Thu Aug 27 17:13:10 2026 *** 
===============================================================================
[#8b2ec5 15GiB/27GiB(58%) CN:8 DL:9.0MiB ETA:21m11s]
FILE: /Users/wilsonxu/Models/ornith-256k/llamacpp/models/Ornith-1.5-35B-Q6_K.gguf
-------------------------------------------------------------------------------

[#8b2ec5 15GiB/27GiB(58%) CN:8 DL:9.0MiB ETA:21m11s]
[#8b2ec5 16GiB/27GiB(58%) CN:8 DL:9.0MiB ETA:21m7s]
[#8b2ec5 16GiB/27GiB(58%) CN:8 DL:8.8MiB ETA:21m32s]
[#8b2ec5 16GiB/27GiB(58%) CN:8 DL:9.1MiB ETA:20m52s]
[#8b2ec5 16GiB/27GiB(58%) CN:8 DL:9.0MiB ETA:21m7s]
[#8b2ec5 16GiB/27GiB(58%) CN:8 DL:9.0MiB ETA:21m9s]
[#8b2ec5 16GiB/27GiB(59%) CN:8 DL:9.1MiB ETA:20m47s]
[#8b2ec5 16GiB/27GiB(59%) CN:8 DL:9.0MiB ETA:20m57s]
[#8b2ec5 16GiB/27GiB(59%) CN:8 DL:8.8MiB ETA:21m30s]
[#8b2ec5 16GiB/27GiB(59%) CN:8 DL:8.8MiB ETA:21m25s]
[#8b2ec5 16GiB/27GiB(59%) CN:8 DL:8.9MiB ETA:21m16s]
[#8b2ec5 16GiB/27GiB(59%) CN:8 DL:9.1MiB ETA:20m40s]
[#8b2ec5 16GiB/27GiB(59%) CN:8 DL:9.0MiB ETA:20m58s]
[#8b2ec5 16GiB/27GiB(59%) CN:8 DL:8.9MiB ETA:21m12s]
[#8b2ec5 16GiB/27GiB(59%) CN:8 DL:8.8MiB ETA:21m20s]
[#8b2ec5 16GiB/27GiB(59%) CN:8 DL:8.5MiB ETA:22m4s]
[#8b2ec5 16GiB/27GiB(59%) CN:8 DL:8.5MiB ETA:22m9s]
[#8b2ec5 16GiB/27GiB(59%) CN:8 DL:8.8MiB ETA:21m17s]
[#8b2ec5 16GiB/27GiB(59%) CN:8 DL:8.6MiB ETA:21m47s]
[#8b2ec5 16GiB/27GiB(59%) CN:8 DL:8.5MiB ETA:22m]
[#8b2ec5 16GiB/27GiB(59%) CN:8 DL:8.4MiB ETA:22m13s]
[#8b2ec5 16GiB/27GiB(59%) CN:8 DL:8.3MiB ETA:22m34s]
[#8b2ec5 16GiB/27GiB(59%) CN:8 DL:8.5MiB ETA:21m53s]
[#8b2ec5 16GiB/27GiB(59%) CN:8 DL:8.3MiB ETA:22m29s]
[#8b2ec5 16GiB/27GiB(59%) CN:8 DL:8.3MiB ETA:22m34s]
[#8b2ec5 16GiB/27GiB(59%) CN:8 DL:8.1MiB ETA:22m52s]
[#8b2ec5 16GiB/27GiB(59%) CN:8 DL:8.1MiB ETA:23m6s]
[#8b2ec5 16GiB/27GiB(59%) CN:8 DL:8.1MiB ETA:22m56s]
[#8b2ec5 16GiB/27GiB(59%) CN:8 DL:8.2MiB ETA:22m47s]
[#8b2ec5 16GiB/27GiB(59%) CN:8 DL:8.1MiB ETA:22m54s]
[#8b2ec5 16GiB/27GiB(59%) CN:8 DL:8.4MiB ETA:22m13s]
[#8b2ec5 16GiB/27GiB(59%) CN:8 DL:8.2MiB ETA:22m45s]
[#8b2ec5 16GiB/27GiB(59%) CN:8 DL:8.4MiB ETA:21m57s]
[#8b2ec5 16GiB/27GiB(59%) CN:8 DL:8.5MiB ETA:21m54s]
[#8b2ec5 16GiB/27GiB(59%) CN:8 DL:8.6MiB ETA:21m25s]
[#8b2ec5 16GiB/27GiB(59%) CN:8 DL:8.4MiB ETA:22m7s]
[#8b2ec5 16GiB/27GiB(59%) CN:8 DL:8.0MiB ETA:23m4s]
[#8b2ec5 16GiB/27GiB(59%) CN:8 DL:8.3MiB ETA:22m16s]
[#8b2ec5 16GiB/27GiB(60%) CN:8 DL:8.2MiB ETA:22m27s]
[#8b2ec5 16GiB/27GiB(60%) CN:8 DL:8.2MiB ETA:22m34s]
[#8b2ec5 16GiB/27GiB(60%) CN:8 DL:8.3MiB ETA:22m16s]
[#8b2ec5 16GiB/27GiB(60%) CN:8 DL:8.2MiB ETA:22m34s]
[#8b2ec5 16GiB/27GiB(60%) CN:8 DL:8.5MiB ETA:21m41s]
[#8b2ec5 16GiB/27GiB(60%) CN:8 DL:8.1MiB ETA:22m41s]
[#8b2ec5 16GiB/27GiB(60%) CN:8 DL:8.5MiB ETA:21m37s]
[#8b2ec5 16GiB/27GiB(60%) CN:8 DL:8.6MiB ETA:21m20s]
[#8b2ec5 16GiB/27GiB(60%) CN:8 DL:7.7MiB ETA:23m45s]
[#8b2ec5 16GiB/27GiB(60%) CN:8 DL:7.0MiB ETA:26m20s]

08/27 17:14:00 [[1;32mNOTICE[0m] CUID#23 - Redirecting to https://us.aws.cdn.hf.co/xet-bridge-us/6a83fdf1993fbb53ef83dbb1/c5e4bd4e5aead56c29af62fb4180f69b77a2f64cced4d117987bfbfb64860be4?response-content-disposition=inline%3B+filename*%3DUTF-8%27%27Ornith-1.5-35B-Q6_K.gguf%3B+filename%3D%22Ornith-1.5-35B-Q6_K.gguf%22%3B&X-Xet-Cas-Uid=public&user_id=public&Expires=1787825640&Policy=eyJTdGF0ZW1lbnQiOlt7IlJlc291cmNlIjoiaHR0cHM6Ly91cy5hd3MuY2RuLmhmLmNvL3hldC1icmlkZ2UtdXMvNmE4M2ZkZjE5OTNmYmI1M2VmODNkYmIxL2M1ZTRiZDRlNWFlYWQ1NmMyOWFmNjJmYjQxODBmNjliNzdhMmY2NGNjZWQ0ZDExNzk4N2JmYmZiNjQ4NjBiZTRcXD9yZXNwb25zZS1jb250ZW50LWRpc3Bvc2l0aW9uPWlubGluZSUzQitmaWxlbmFtZSUyQSUzRFVURi04JTI3JTI3T3JuaXRoLTEuNS0zNUItUTZfSy5nZ3VmJTNCK2ZpbGVuYW1lJTNEJTIyT3JuaXRoLTEuNS0zNUItUTZfSy5nZ3VmJTIyJTNCJlgtWGV0LUNhcy1VaWQ9cHVibGljJnVzZXJfaWQ9cHVibGljIiwiQ29uZGl0aW9uIjp7IkRhdGVMZXNzVGhhbiI6eyJFcG9jaFRpbWUiOjE3ODc4MjU2NDB9fX1dfQ__&Signature=MEQCIEpZP%7E68Lgr53jK6r0gdO-Vj2CIGAS%7Ecne3mz1ZHYU%7EdAiBwxgQd4AW-XXwWEcIMTt%7Eor9SUthR1ccS56xQVhC8JJA__&Key-Pair-Id=01KXEF4KZ1B6FV465MAWR4M21F

08/27 17:14:00 [[1;32mNOTICE[0m] CUID#17 - Redirecting to https://us.aws.cdn.hf.co/xet-bridge-us/6a83fdf1993fbb53ef83dbb1/c5e4bd4e5aead56c29af62fb4180f69b77a2f64cced4d117987bfbfb64860be4?response-content-disposition=inline%3B+filename*%3DUTF-8%27%27Ornith-1.5-35B-Q6_K.gguf%3B+filename%3D%22Ornith-1.5-35B-Q6_K.gguf%22%3B&X-Xet-Cas-Uid=public&user_id=public&Expires=1787825639&Policy=eyJTdGF0ZW1lbnQiOlt7IlJlc291cmNlIjoiaHR0cHM6Ly91cy5hd3MuY2RuLmhmLmNvL3hldC1icmlkZ2UtdXMvNmE4M2ZkZjE5OTNmYmI1M2VmODNkYmIxL2M1ZTRiZDRlNWFlYWQ1NmMyOWFmNjJmYjQxODBmNjliNzdhMmY2NGNjZWQ0ZDExNzk4N2JmYmZiNjQ4NjBiZTRcXD9yZXNwb25zZS1jb250ZW50LWRpc3Bvc2l0aW9uPWlubGluZSUzQitmaWxlbmFtZSUyQSUzRFVURi04JTI3JTI3T3JuaXRoLTEuNS0zNUItUTZfSy5nZ3VmJTNCK2ZpbGVuYW1lJTNEJTIyT3JuaXRoLTEuNS0zNUItUTZfSy5nZ3VmJTIyJTNCJlgtWGV0LUNhcy1VaWQ9cHVibGljJnVzZXJfaWQ9cHVibGljIiwiQ29uZGl0aW9uIjp7IkRhdGVMZXNzVGhhbiI6eyJFcG9jaFRpbWUiOjE3ODc4MjU2Mzl9fX1dfQ__&Signature=MEYCIQClMow6RtNprMdJK4JIPaifpQOZIbrIhqSlht4xYXtF1gIhAPMLcj936va8Y5IhZ%7EPyVXpSQWRKFeiRxfHizyBRiK5b&Key-Pair-Id=01KXEF4KZ1B6FV465MAWR4M21F

08/27 17:14:00 [[1;32mNOTICE[0m] CUID#20 - Redirecting to https://us.aws.cdn.hf.co/xet-bridge-us/6a83fdf1993fbb53ef83dbb1/c5e4bd4e5aead56c29af62fb4180f69b77a2f64cced4d117987bfbfb64860be4?X-Xet-Cas-Uid=public&user_id=public&response-content-disposition=inline%3B+filename*%3DUTF-8%27%27Ornith-1.5-35B-Q6_K.gguf%3B+filename%3D%22Ornith-1.5-35B-Q6_K.gguf%22%3B&Expires=1787825640&Policy=eyJTdGF0ZW1lbnQiOlt7IlJlc291cmNlIjoiaHR0cHM6Ly91cy5hd3MuY2RuLmhmLmNvL3hldC1icmlkZ2UtdXMvNmE4M2ZkZjE5OTNmYmI1M2VmODNkYmIxL2M1ZTRiZDRlNWFlYWQ1NmMyOWFmNjJmYjQxODBmNjliNzdhMmY2NGNjZWQ0ZDExNzk4N2JmYmZiNjQ4NjBiZTRcXD9YLVhldC1DYXMtVWlkPXB1YmxpYyZ1c2VyX2lkPXB1YmxpYyZyZXNwb25zZS1jb250ZW50LWRpc3Bvc2l0aW9uPWlubGluZSUzQitmaWxlbmFtZSUyQSUzRFVURi04JTI3JTI3T3JuaXRoLTEuNS0zNUItUTZfSy5nZ3VmJTNCK2ZpbGVuYW1lJTNEJTIyT3JuaXRoLTEuNS0zNUItUTZfSy5nZ3VmJTIyJTNCIiwiQ29uZGl0aW9uIjp7IkRhdGVMZXNzVGhhbiI6eyJFcG9jaFRpbWUiOjE3ODc4MjU2NDB9fX1dfQ__&Signature=MEUCIH73Ia9vy0j404YJRwnIjG%7E-hxezaqTqWYEdgdgJpOHDAiEAupJdh-GRk--LPgBolVJJ18sTN-3PhGxCf5u5Lhqe5EQ_&Key-Pair-Id=01KXEF4KZ1B6FV465MAWR4M21F
[#8b2ec5 16GiB/27GiB(60%) CN:8 DL:5.9MiB ETA:30m45s]

08/27 17:14:01 [[1;32mNOTICE[0m] CUID#22 - Redirecting to https://us.aws.cdn.hf.co/xet-bridge-us/6a83fdf1993fbb53ef83dbb1/c5e4bd4e5aead56c29af62fb4180f69b77a2f64cced4d117987bfbfb64860be4?X-Xet-Cas-Uid=public&response-content-disposition=inline%3B+filename*%3DUTF-8%27%27Ornith-1.5-35B-Q6_K.gguf%3B+filename%3D%22Ornith-1.5-35B-Q6_K.gguf%22%3B&user_id=public&Expires=1787825641&Policy=eyJTdGF0ZW1lbnQiOlt7IlJlc291cmNlIjoiaHR0cHM6Ly91cy5hd3MuY2RuLmhmLmNvL3hldC1icmlkZ2UtdXMvNmE4M2ZkZjE5OTNmYmI1M2VmODNkYmIxL2M1ZTRiZDRlNWFlYWQ1NmMyOWFmNjJmYjQxODBmNjliNzdhMmY2NGNjZWQ0ZDExNzk4N2JmYmZiNjQ4NjBiZTRcXD9YLVhldC1DYXMtVWlkPXB1YmxpYyZyZXNwb25zZS1jb250ZW50LWRpc3Bvc2l0aW9uPWlubGluZSUzQitmaWxlbmFtZSUyQSUzRFVURi04JTI3JTI3T3JuaXRoLTEuNS0zNUItUTZfSy5nZ3VmJTNCK2ZpbGVuYW1lJTNEJTIyT3JuaXRoLTEuNS0zNUItUTZfSy5nZ3VmJTIyJTNCJnVzZXJfaWQ9cHVibGljIiwiQ29uZGl0aW9uIjp7IkRhdGVMZXNzVGhhbiI6eyJFcG9jaFRpbWUiOjE3ODc4MjU2NDF9fX1dfQ__&Signature=MEQCICq%7EPAYCYYPiSsqd%7Ek6zmFJQbQOCWDH4HCBusYBXn81SAiBDj%7ES90lO0EVy-e%7EBtf4kOcN0zU57VJhHm4cTAEoUwDg__&Key-Pair-Id=01KXEF4KZ1B6FV465MAWR4M21F
[#8b2ec5 16GiB/27GiB(60%) CN:8 DL:5.1MiB ETA:35m30s]

08/27 17:14:02 [[1;32mNOTICE[0m] CUID#21 - Redirecting to https://us.aws.cdn.hf.co/xet-bridge-us/6a83fdf1993fbb53ef83dbb1/c5e4bd4e5aead56c29af62fb4180f69b77a2f64cced4d117987bfbfb64860be4?X-Xet-Cas-Uid=public&response-content-disposition=inline%3B+filename*%3DUTF-8%27%27Ornith-1.5-35B-Q6_K.gguf%3B+filename%3D%22Ornith-1.5-35B-Q6_K.gguf%22%3B&user_id=public&Expires=1787825642&Policy=eyJTdGF0ZW1lbnQiOlt7IlJlc291cmNlIjoiaHR0cHM6Ly91cy5hd3MuY2RuLmhmLmNvL3hldC1icmlkZ2UtdXMvNmE4M2ZkZjE5OTNmYmI1M2VmODNkYmIxL2M1ZTRiZDRlNWFlYWQ1NmMyOWFmNjJmYjQxODBmNjliNzdhMmY2NGNjZWQ0ZDExNzk4N2JmYmZiNjQ4NjBiZTRcXD9YLVhldC1DYXMtVWlkPXB1YmxpYyZyZXNwb25zZS1jb250ZW50LWRpc3Bvc2l0aW9uPWlubGluZSUzQitmaWxlbmFtZSUyQSUzRFVURi04JTI3JTI3T3JuaXRoLTEuNS0zNUItUTZfSy5nZ3VmJTNCK2ZpbGVuYW1lJTNEJTIyT3JuaXRoLTEuNS0zNUItUTZfSy5nZ3VmJTIyJTNCJnVzZXJfaWQ9cHVibGljIiwiQ29uZGl0aW9uIjp7IkRhdGVMZXNzVGhhbiI6eyJFcG9jaFRpbWUiOjE3ODc4MjU2NDJ9fX1dfQ__&Signature=MEUCIQDcJTSm3L8ZDwwC7Bm4mB1hWALpFuaWPyCuVe6kQN8X5QIgUDdZ8nV1SElYmHPUdw0H8AqWso8dpc5Ubj0I2yXgumA_&Key-Pair-Id=01KXEF4KZ1B6FV465MAWR4M21F
[#8b2ec5 16GiB/27GiB(60%) CN:8 DL:4.3MiB ETA:42m27s]
[#8b2ec5 16GiB/27GiB(60%) CN:8 DL:3.3MiB ETA:54m40s]
[#8b2ec5 16GiB/27GiB(60%) CN:8 DL:3.0MiB ETA:1h5s]
[#8b2ec5 16GiB/27GiB(60%) CN:8 DL:2.5MiB ETA:1h11m39s]
[#8b2ec5 16GiB/27GiB(60%) CN:8 DL:3.3MiB ETA:54m58s]
[#8b2ec5 16GiB/27GiB(60%) CN:8 DL:3.4MiB ETA:53m3s]

08/27 17:14:09 [[1;32mNOTICE[0m] CUID#14 - Redirecting to https://us.aws.cdn.hf.co/xet-bridge-us/6a83fdf1993fbb53ef83dbb1/c5e4bd4e5aead56c29af62fb4180f69b77a2f64cced4d117987bfbfb64860be4?response-content-disposition=inline%3B+filename*%3DUTF-8%27%27Ornith-1.5-35B-Q6_K.gguf%3B+filename%3D%22Ornith-1.5-35B-Q6_K.gguf%22%3B&user_id=public&X-Xet-Cas-Uid=public&Expires=1787825648&Policy=eyJTdGF0ZW1lbnQiOlt7IlJlc291cmNlIjoiaHR0cHM6Ly91cy5hd3MuY2RuLmhmLmNvL3hldC1icmlkZ2UtdXMvNmE4M2ZkZjE5OTNmYmI1M2VmODNkYmIxL2M1ZTRiZDRlNWFlYWQ1NmMyOWFmNjJmYjQxODBmNjliNzdhMmY2NGNjZWQ0ZDExNzk4N2JmYmZiNjQ4NjBiZTRcXD9yZXNwb25zZS1jb250ZW50LWRpc3Bvc2l0aW9uPWlubGluZSUzQitmaWxlbmFtZSUyQSUzRFVURi04JTI3JTI3T3JuaXRoLTEuNS0zNUItUTZfSy5nZ3VmJTNCK2ZpbGVuYW1lJTNEJTIyT3JuaXRoLTEuNS0zNUItUTZfSy5nZ3VmJTIyJTNCJnVzZXJfaWQ9cHVibGljJlgtWGV0LUNhcy1VaWQ9cHVibGljIiwiQ29uZGl0aW9uIjp7IkRhdGVMZXNzVGhhbiI6eyJFcG9jaFRpbWUiOjE3ODc4MjU2NDh9fX1dfQ__&Signature=MEUCIBJuhsk4dAvOQaVigTtxvnuVkwYdx2Bv3NF8DyvNhHYsAiEAjtYCC%7EZUn1rWZpDZ1TGQFWgM4buT5GL7LZE1gTRoTVQ_&Key-Pair-Id=01KXEF4KZ1B6FV465MAWR4M21F
[#8b2ec5 16GiB/27GiB(60%) CN:8 DL:4.5MiB ETA:40m40s]
[#8b2ec5 16GiB/27GiB(60%) CN:8 DL:5.5MiB ETA:32m51s]
 *** Download Progress Summary as of Thu Aug 27 17:14:11 2026 *** 
===============================================================================
[#8b2ec5 16GiB/27GiB(60%) CN:8 DL:6.4MiB ETA:28m14s]
FILE: /Users/wilsonxu/Models/ornith-256k/llamacpp/models/Ornith-1.5-35B-Q6_K.gguf
-------------------------------------------------------------------------------

[#8b2ec5 16GiB/27GiB(60%) CN:8 DL:6.4MiB ETA:28m14s]
[#8b2ec5 16GiB/27GiB(60%) CN:8 DL:7.2MiB ETA:25m9s]
[#8b2ec5 16GiB/27GiB(60%) CN:8 DL:8.4MiB ETA:21m41s]
[#8b2ec5 16GiB/27GiB(60%) CN:8 DL:8.7MiB ETA:20m53s]
[#8b2ec5 16GiB/27GiB(60%) CN:8 DL:9.4MiB ETA:19m24s]
[#8b2ec5 16GiB/27GiB(60%) CN:8 DL:8.8MiB ETA:20m34s]
[#8b2ec5 16GiB/27GiB(60%) CN:8 DL:9.4MiB ETA:19m17s]

08/27 17:14:18 [[1;32mNOTICE[0m] CUID#18 - Redirecting to https://us.aws.cdn.hf.co/xet-bridge-us/6a83fdf1993fbb53ef83dbb1/c5e4bd4e5aead56c29af62fb4180f69b77a2f64cced4d117987bfbfb64860be4?user_id=public&X-Xet-Cas-Uid=public&response-content-disposition=inline%3B+filename*%3DUTF-8%27%27Ornith-1.5-35B-Q6_K.gguf%3B+filename%3D%22Ornith-1.5-35B-Q6_K.gguf%22%3B&Expires=1787825658&Policy=eyJTdGF0ZW1lbnQiOlt7IlJlc291cmNlIjoiaHR0cHM6Ly91cy5hd3MuY2RuLmhmLmNvL3hldC1icmlkZ2UtdXMvNmE4M2ZkZjE5OTNmYmI1M2VmODNkYmIxL2M1ZTRiZDRlNWFlYWQ1NmMyOWFmNjJmYjQxODBmNjliNzdhMmY2NGNjZWQ0ZDExNzk4N2JmYmZiNjQ4NjBiZTRcXD91c2VyX2lkPXB1YmxpYyZYLVhldC1DYXMtVWlkPXB1YmxpYyZyZXNwb25zZS1jb250ZW50LWRpc3Bvc2l0aW9uPWlubGluZSUzQitmaWxlbmFtZSUyQSUzRFVURi04JTI3JTI3T3JuaXRoLTEuNS0zNUItUTZfSy5nZ3VmJTNCK2ZpbGVuYW1lJTNEJTIyT3JuaXRoLTEuNS0zNUItUTZfSy5nZ3VmJTIyJTNCIiwiQ29uZGl0aW9uIjp7IkRhdGVMZXNzVGhhbiI6eyJFcG9jaFRpbWUiOjE3ODc4MjU2NTh9fX1dfQ__&Signature=MEUCIQD7mZPLm7Egli5yD1RTYo9MhNw3Ud27q-GCPAZWFtTllgIgL4g1xqBhCWkLIO4qXgU%7E2EKxbD9olwLXaHQR59GyPNI_&Key-Pair-Id=01KXEF4KZ1B6FV465MAWR4M21F
[#8b2ec5 16GiB/27GiB(60%) CN:8 DL:9.2MiB ETA:19m38s]
[#8b2ec5 16GiB/27GiB(60%) CN:8 DL:9.3MiB ETA:19m31s]
[#8b2ec5 16GiB/27GiB(60%) CN:8 DL:9.4MiB ETA:19m10s]
[#8b2ec5 16GiB/27GiB(60%) CN:8 DL:9.7MiB ETA:18m38s]
[#8b2ec5 16GiB/27GiB(60%) CN:8 DL:9.6MiB ETA:18m51s]
[#8b2ec5 16GiB/27GiB(60%) CN:8 DL:10MiB ETA:17m55s]
[#8b2ec5 16GiB/27GiB(60%) CN:8 DL:9.8MiB ETA:18m24s]
[#8b2ec5 16GiB/27GiB(60%) CN:8 DL:10MiB ETA:17m53s]
[#8b2ec5 16GiB/27GiB(61%) CN:8 DL:9.6MiB ETA:18m46s]

08/27 17:14:28 [[1;32mNOTICE[0m] CUID#19 - Redirecting to https://us.aws.cdn.hf.co/xet-bridge-us/6a83fdf1993fbb53ef83dbb1/c5e4bd4e5aead56c29af62fb4180f69b77a2f64cced4d117987bfbfb64860be4?user_id=public&X-Xet-Cas-Uid=public&response-content-disposition=inline%3B+filename*%3DUTF-8%27%27Ornith-1.5-35B-Q6_K.gguf%3B+filename%3D%22Ornith-1.5-35B-Q6_K.gguf%22%3B&Expires=1787825668&Policy=eyJTdGF0ZW1lbnQiOlt7IlJlc291cmNlIjoiaHR0cHM6Ly91cy5hd3MuY2RuLmhmLmNvL3hldC1icmlkZ2UtdXMvNmE4M2ZkZjE5OTNmYmI1M2VmODNkYmIxL2M1ZTRiZDRlNWFlYWQ1NmMyOWFmNjJmYjQxODBmNjliNzdhMmY2NGNjZWQ0ZDExNzk4N2JmYmZiNjQ4NjBiZTRcXD91c2VyX2lkPXB1YmxpYyZYLVhldC1DYXMtVWlkPXB1YmxpYyZyZXNwb25zZS1jb250ZW50LWRpc3Bvc2l0aW9uPWlubGluZSUzQitmaWxlbmFtZSUyQSUzRFVURi04JTI3JTI3T3JuaXRoLTEuNS0zNUItUTZfSy5nZ3VmJTNCK2ZpbGVuYW1lJTNEJTIyT3JuaXRoLTEuNS0zNUItUTZfSy5nZ3VmJTIyJTNCIiwiQ29uZGl0aW9uIjp7IkRhdGVMZXNzVGhhbiI6eyJFcG9jaFRpbWUiOjE3ODc4MjU2Njh9fX1dfQ__&Signature=MEUCIG9SuCk9Uj6MhhefNwTeMBVJsN5HT48fQxjITUUvgZTvAiEAjmwieQNTixnVKG2B7nR5jk6MiVY0Qve2cLZhFOUaFIc_&Key-Pair-Id=01KXEF4KZ1B6FV465MAWR4M21F
[#8b2ec5 16GiB/27GiB(61%) CN:8 DL:9.7MiB ETA:18m32s]
[#8b2ec5 16GiB/27GiB(61%) CN:8 DL:9.2MiB ETA:19m36s]
[#8b2ec5 16GiB/27GiB(61%) CN:8 DL:9.2MiB ETA:19m26s]
[#8b2ec5 16GiB/27GiB(61%) CN:8 DL:9.0MiB ETA:19m56s]
[#8b2ec5 16GiB/27GiB(61%) CN:8 DL:8.9MiB ETA:20m10s]
[#8b2ec5 16GiB/27GiB(61%) CN:8 DL:8.7MiB ETA:20m28s]
[#8b2ec5 16GiB/27GiB(61%) CN:8 DL:8.6MiB ETA:20m47s]
[#8b2ec5 16GiB/27GiB(61%) CN:8 DL:8.3MiB ETA:21m37s]
[#8b2ec5 16GiB/27GiB(61%) CN:8 DL:8.9MiB ETA:20m7s]
[#8b2ec5 16GiB/27GiB(61%) CN:8 DL:8.6MiB ETA:20m49s]
[#8b2ec5 16GiB/27GiB(61%) CN:8 DL:8.7MiB ETA:20m34s]
[#8b2ec5 16GiB/27GiB(61%) CN:8 DL:8.5MiB ETA:20m51s]
[#8b2ec5 16GiB/27GiB(61%) CN:8 DL:8.6MiB ETA:20m38s]
[#8b2ec5 16GiB/27GiB(61%) CN:8 DL:8.5MiB ETA:20m56s]
[#8b2ec5 16GiB/27GiB(61%) CN:8 DL:8.4MiB ETA:21m3s]
[#8b2ec5 16GiB/27GiB(61%) CN:8 DL:8.5MiB ETA:20m57s]
[#8b2ec5 16GiB/27GiB(61%) CN:8 DL:8.5MiB ETA:20m47s]
[#8b2ec5 16GiB/27GiB(61%) CN:8 DL:8.1MiB ETA:21m55s]
[#8b2ec5 16GiB/27GiB(61%) CN:8 DL:8.0MiB ETA:22m1s]
[#8b2ec5 16GiB/27GiB(61%) CN:8 DL:8.2MiB ETA:21m42s]
[#8b2ec5 16GiB/27GiB(61%) CN:8 DL:8.1MiB ETA:21m55s]
[#8b2ec5 16GiB/27GiB(61%) CN:8 DL:7.5MiB ETA:23m29s]
[#8b2ec5 16GiB/27GiB(61%) CN:8 DL:7.7MiB ETA:22m57s]
[#8b2ec5 16GiB/27GiB(61%) CN:8 DL:7.4MiB ETA:23m50s]
[#8b2ec5 16GiB/27GiB(61%) CN:8 DL:7.2MiB ETA:24m33s]
[#8b2ec5 16GiB/27GiB(61%) CN:8 DL:7.0MiB ETA:25m13s]
[#8b2ec5 16GiB/27GiB(61%) CN:8 DL:7.1MiB ETA:24m52s]
[#8b2ec5 16GiB/27GiB(61%) CN:8 DL:6.9MiB ETA:25m29s]
[#8b2ec5 16GiB/27GiB(61%) CN:8 DL:6.9MiB ETA:25m37s]
[#8b2ec5 16GiB/27GiB(61%) CN:8 DL:6.5MiB ETA:27m8s]
[#8b2ec5 16GiB/27GiB(61%) CN:8 DL:6.9MiB ETA:25m18s]
[#8b2ec5 16GiB/27GiB(61%) CN:8 DL:6.4MiB ETA:27m29s]
[#8b2ec5 16GiB/27GiB(61%) CN:8 DL:6.4MiB ETA:27m15s]
[#8b2ec5 16GiB/27GiB(62%) CN:8 DL:6.7MiB ETA:26m18s]
[#8b2ec5 16GiB/27GiB(62%) CN:8 DL:6.6MiB ETA:26m26s]
[#8b2ec5 16GiB/27GiB(62%) CN:8 DL:6.5MiB ETA:26m54s]
[#8b2ec5 16GiB/27GiB(62%) CN:8 DL:6.7MiB ETA:26m4s]
[#8b2ec5 16GiB/27GiB(62%) CN:8 DL:6.6MiB ETA:26m21s]
[#8b2ec5 16GiB/27GiB(62%) CN:8 DL:6.9MiB ETA:25m8s]
[#8b2ec5 16GiB/27GiB(62%) CN:8 DL:6.6MiB ETA:26m25s]
[#8b2ec5 16GiB/27GiB(62%) CN:8 DL:6.9MiB ETA:25m17s]
[#8b2ec5 16GiB/27GiB(62%) CN:8 DL:6.7MiB ETA:26m1s]
 *** Download Progress Summary as of Thu Aug 27 17:15:12 2026 *** 
===============================================================================
[#8b2ec5 16GiB/27GiB(62%) CN:8 DL:6.5MiB ETA:26m49s]
FILE: /Users/wilsonxu/Models/ornith-256k/llamacpp/models/Ornith-1.5-35B-Q6_K.gguf
-------------------------------------------------------------------------------

[#8b2ec5 16GiB/27GiB(62%) CN:8 DL:6.5MiB ETA:26m49s]
[#8b2ec5 16GiB/27GiB(62%) CN:8 DL:6.6MiB ETA:26m20s]
[#8b2ec5 16GiB/27GiB(62%) CN:8 DL:6.6MiB ETA:26m19s]
[#8b2ec5 16GiB/27GiB(62%) CN:8 DL:6.7MiB ETA:26m6s]
[#8b2ec5 16GiB/27GiB(62%) CN:8 DL:6.7MiB ETA:25m55s]
[#8b2ec5 16GiB/27GiB(62%) CN:8 DL:6.4MiB ETA:27m10s]
[#8b2ec5 16GiB/27GiB(62%) CN:8 DL:6.7MiB ETA:25m59s]
[#8b2ec5 16GiB/27GiB(62%) CN:8 DL:6.3MiB ETA:27m42s]
[#8b2ec5 16GiB/27GiB(62%) CN:8 DL:6.5MiB ETA:26m36s]
[#8b2ec5 16GiB/27GiB(62%) CN:8 DL:6.5MiB ETA:26m47s]
[#8b2ec5 16GiB/27GiB(62%) CN:8 DL:6.4MiB ETA:27m]
[#8b2ec5 17GiB/27GiB(62%) CN:8 DL:6.3MiB ETA:27m30s]
[#8b2ec5 17GiB/27GiB(62%) CN:8 DL:6.1MiB ETA:28m11s]
[#8b2ec5 17GiB/27GiB(62%) CN:8 DL:6.2MiB ETA:27m39s]
[#8b2ec5 17GiB/27GiB(62%) CN:8 DL:6.3MiB ETA:27m20s]
[#8b2ec5 17GiB/27GiB(62%) CN:8 DL:6.0MiB ETA:28m37s]
[#8b2ec5 17GiB/27GiB(62%) CN:8 DL:6.6MiB ETA:26m10s]
[#8b2ec5 17GiB/27GiB(62%) CN:8 DL:6.3MiB ETA:27m25s]
[#8b2ec5 17GiB/27GiB(62%) CN:8 DL:6.3MiB ETA:27m15s]
[#8b2ec5 17GiB/27GiB(62%) CN:8 DL:6.1MiB ETA:28m10s]
[#8b2ec5 17GiB/27GiB(62%) CN:8 DL:6.1MiB ETA:28m6s]
[#8b2ec5 17GiB/27GiB(62%) CN:8 DL:6.1MiB ETA:28m18s]
[#8b2ec5 17GiB/27GiB(62%) CN:8 DL:5.9MiB ETA:28m59s]
[#8b2ec5 17GiB/27GiB(62%) CN:8 DL:5.8MiB ETA:29m30s]
[#8b2ec5 17GiB/27GiB(62%) CN:8 DL:5.7MiB ETA:30m2s]
[#8b2ec5 17GiB/27GiB(62%) CN:8 DL:5.4MiB ETA:31m39s]
[#8b2ec5 17GiB/27GiB(62%) CN:8 DL:5.4MiB ETA:31m27s]
[#8b2ec5 17GiB/27GiB(62%) CN:8 DL:5.2MiB ETA:32m33s]
[#8b2ec5 17GiB/27GiB(62%) CN:8 DL:5.1MiB ETA:33m17s]
[#8b2ec5 17GiB/27GiB(62%) CN:8 DL:5.1MiB ETA:33m23s]
[#8b2ec5 17GiB/27GiB(62%) CN:8 DL:5.1MiB ETA:33m8s]
[#8b2ec5 17GiB/27GiB(62%) CN:8 DL:4.9MiB ETA:34m38s]
[#8b2ec5 17GiB/27GiB(62%) CN:8 DL:5.0MiB ETA:34m19s]
[#8b2ec5 17GiB/27GiB(62%) CN:8 DL:5.0MiB ETA:34m6s]
[#8b2ec5 17GiB/27GiB(62%) CN:8 DL:5.3MiB ETA:32m5s]
[#8b2ec5 17GiB/27GiB(63%) CN:8 DL:5.1MiB ETA:33m13s]
[#8b2ec5 17GiB/27GiB(63%) CN:8 DL:5.3MiB ETA:32m14s]
[#8b2ec5 17GiB/27GiB(63%) CN:8 DL:5.3MiB ETA:31m54s]
[#8b2ec5 17GiB/27GiB(63%) CN:8 DL:5.3MiB ETA:32m14s]
[#8b2ec5 17GiB/27GiB(63%) CN:8 DL:5.2MiB ETA:32m44s]
[#8b2ec5 17GiB/27GiB(63%) CN:8 DL:5.2MiB ETA:32m25s]
[#8b2ec5 17GiB/27GiB(63%) CN:8 DL:5.0MiB ETA:33m44s]
[#8b2ec5 17GiB/27GiB(63%) CN:8 DL:5.2MiB ETA:32m20s]
[#8b2ec5 17GiB/27GiB(63%) CN:8 DL:4.6MiB ETA:36m36s]
[#8b2ec5 17GiB/27GiB(63%) CN:8 DL:4.8MiB ETA:34m59s]
[#8b2ec5 17GiB/27GiB(63%) CN:8 DL:4.9MiB ETA:34m16s]
[#8b2ec5 17GiB/27GiB(63%) CN:8 DL:4.7MiB ETA:35m41s]
[#8b2ec5 17GiB/27GiB(63%) CN:8 DL:4.8MiB ETA:34m52s]
[#8b2ec5 17GiB/27GiB(63%) CN:8 DL:4.9MiB ETA:34m32s]
[#8b2ec5 17GiB/27GiB(63%) CN:8 DL:4.8MiB ETA:35m3s]
[#8b2ec5 17GiB/27GiB(63%) CN:8 DL:4.9MiB ETA:34m26s]
[#8b2ec5 17GiB/27GiB(63%) CN:8 DL:4.7MiB ETA:36m8s]
[#8b2ec5 17GiB/27GiB(63%) CN:8 DL:5.0MiB ETA:33m34s]
[#8b2ec5 17GiB/27GiB(63%) CN:8 DL:5.0MiB ETA:33m28s]
[#8b2ec5 17GiB/27GiB(63%) CN:8 DL:4.9MiB ETA:34m2s]
[#8b2ec5 17GiB/27GiB(63%) CN:8 DL:5.1MiB ETA:33m11s]
[#8b2ec5 17GiB/27GiB(63%) CN:8 DL:5.1MiB ETA:32m45s]
[#8b2ec5 17GiB/27GiB(63%) CN:8 DL:5.1MiB ETA:32m55s]
 *** Download Progress Summary as of Thu Aug 27 17:16:13 2026 *** 
===============================================================================
[#8b2ec5 17GiB/27GiB(63%) CN:8 DL:5.1MiB ETA:32m46s]
FILE: /Users/wilsonxu/Models/ornith-256k/llamacpp/models/Ornith-1.5-35B-Q6_K.gguf
-------------------------------------------------------------------------------

[#8b2ec5 17GiB/27GiB(63%) CN:8 DL:5.1MiB ETA:32m46s]
[#8b2ec5 17GiB/27GiB(63%) CN:8 DL:5.3MiB ETA:31m57s]
[#8b2ec5 17GiB/27GiB(63%) CN:8 DL:5.4MiB ETA:31m20s]
[#8b2ec5 17GiB/27GiB(63%) CN:8 DL:5.5MiB ETA:30m44s]
[#8b2ec5 17GiB/27GiB(63%) CN:8 DL:5.5MiB ETA:30m45s]
[#8b2ec5 17GiB/27GiB(63%) CN:8 DL:5.6MiB ETA:29m48s]
[#8b2ec5 17GiB/27GiB(63%) CN:8 DL:5.6MiB ETA:30m4s]
[#8b2ec5 17GiB/27GiB(63%) CN:8 DL:5.6MiB ETA:29m40s]
[#8b2ec5 17GiB/27GiB(63%) CN:8 DL:5.7MiB ETA:29m25s]
[#8b2ec5 17GiB/27GiB(63%) CN:8 DL:5.6MiB ETA:29m47s]
[#8b2ec5 17GiB/27GiB(63%) CN:8 DL:5.6MiB ETA:29m46s]
[#8b2ec5 17GiB/27GiB(63%) CN:8 DL:5.6MiB ETA:29m48s]
[#8b2ec5 17GiB/27GiB(63%) CN:8 DL:5.4MiB ETA:31m6s]
[#8b2ec5 17GiB/27GiB(63%) CN:8 DL:5.5MiB ETA:30m25s]
[#8b2ec5 17GiB/27GiB(63%) CN:8 DL:5.3MiB ETA:31m18s]
[#8b2ec5 17GiB/27GiB(63%) CN:8 DL:5.4MiB ETA:30m54s]
[#8b2ec5 17GiB/27GiB(63%) CN:8 DL:5.3MiB ETA:31m15s]
[#8b2ec5 17GiB/27GiB(63%) CN:8 DL:5.5MiB ETA:30m15s]
[#8b2ec5 17GiB/27GiB(63%) CN:8 DL:5.6MiB ETA:29m30s]
[#8b2ec5 17GiB/27GiB(63%) CN:8 DL:5.5MiB ETA:29m59s]
[#8b2ec5 17GiB/27GiB(63%) CN:8 DL:5.5MiB ETA:30m28s]
[#8b2ec5 17GiB/27GiB(63%) CN:8 DL:5.4MiB ETA:30m45s]
[#8b2ec5 17GiB/27GiB(63%) CN:8 DL:5.4MiB ETA:30m45s]
[#8b2ec5 17GiB/27GiB(63%) CN:8 DL:5.5MiB ETA:30m19s]
[#8b2ec5 17GiB/27GiB(63%) CN:8 DL:5.4MiB ETA:30m38s]
[#8b2ec5 17GiB/27GiB(63%) CN:8 DL:5.5MiB ETA:30m2s]
[#8b2ec5 17GiB/27GiB(63%) CN:8 DL:5.3MiB ETA:31m9s]
[#8b2ec5 17GiB/27GiB(64%) CN:8 DL:5.3MiB ETA:30m57s]
[#8b2ec5 17GiB/27GiB(64%) CN:8 DL:5.4MiB ETA:30m29s]
[#8b2ec5 17GiB/27GiB(64%) CN:8 DL:5.7MiB ETA:28m54s]
[#8b2ec5 17GiB/27GiB(64%) CN:8 DL:5.7MiB ETA:29m2s]
[#8b2ec5 17GiB/27GiB(64%) CN:8 DL:5.6MiB ETA:29m17s]
[#8b2ec5 17GiB/27GiB(64%) CN:8 DL:5.6MiB ETA:29m33s]
[#8b2ec5 17GiB/27GiB(64%) CN:8 DL:5.7MiB ETA:28m51s]
[#8b2ec5 17GiB/27GiB(64%) CN:8 DL:5.9MiB ETA:27m57s]
[#8b2ec5 17GiB/27GiB(64%) CN:8 DL:5.9MiB ETA:27m58s]
[#8b2ec5 17GiB/27GiB(64%) CN:8 DL:6.0MiB ETA:27m16s]
[#8b2ec5 17GiB/27GiB(64%) CN:8 DL:6.1MiB ETA:27m8s]
[#8b2ec5 17GiB/27GiB(64%) CN:8 DL:6.0MiB ETA:27m22s]
[#8b2ec5 17GiB/27GiB(64%) CN:8 DL:6.3MiB ETA:26m8s]
[#8b2ec5 17GiB/27GiB(64%) CN:8 DL:6.2MiB ETA:26m33s]
[#8b2ec5 17GiB/27GiB(64%) CN:8 DL:6.3MiB ETA:25m57s]
[#8b2ec5 17GiB/27GiB(64%) CN:8 DL:6.3MiB ETA:26m8s]
[#8b2ec5 17GiB/27GiB(64%) CN:8 DL:6.2MiB ETA:26m27s]
[#8b2ec5 17GiB/27GiB(64%) CN:8 DL:6.4MiB ETA:25m46s]
[#8b2ec5 17GiB/27GiB(64%) CN:8 DL:6.3MiB ETA:26m4s]
[#8b2ec5 17GiB/27GiB(64%) CN:8 DL:6.4MiB ETA:25m33s]
[#8b2ec5 17GiB/27GiB(64%) CN:8 DL:6.4MiB ETA:25m42s]
[#8b2ec5 17GiB/27GiB(64%) CN:8 DL:6.4MiB ETA:25m32s]
[#8b2ec5 17GiB/27GiB(64%) CN:8 DL:6.6MiB ETA:24m34s]
[#8b2ec5 17GiB/27GiB(64%) CN:8 DL:6.4MiB ETA:25m35s]
[#8b2ec5 17GiB/27GiB(64%) CN:8 DL:6.5MiB ETA:25m4s]
[#8b2ec5 17GiB/27GiB(64%) CN:8 DL:6.2MiB ETA:26m6s]
[#8b2ec5 17GiB/27GiB(64%) CN:8 DL:6.4MiB ETA:25m32s]
[#8b2ec5 17GiB/27GiB(64%) CN:8 DL:6.2MiB ETA:26m13s]
[#8b2ec5 17GiB/27GiB(64%) CN:8 DL:6.3MiB ETA:25m40s]
[#8b2ec5 17GiB/27GiB(64%) CN:8 DL:6.2MiB ETA:26m8s]
[#8b2ec5 17GiB/27GiB(64%) CN:8 DL:6.2MiB ETA:26m17s]
 *** Download Progress Summary as of Thu Aug 27 17:17:14 2026 *** 
===============================================================================
[#8b2ec5 17GiB/27GiB(64%) CN:8 DL:6.0MiB ETA:26m52s]
FILE: /Users/wilsonxu/Models/ornith-256k/llamacpp/models/Ornith-1.5-35B-Q6_K.gguf
-------------------------------------------------------------------------------

[#8b2ec5 17GiB/27GiB(64%) CN:8 DL:6.0MiB ETA:26m52s]
[#8b2ec5 17GiB/27GiB(64%) CN:8 DL:6.3MiB ETA:25m54s]
[#8b2ec5 17GiB/27GiB(64%) CN:8 DL:5.9MiB ETA:27m20s]
[#8b2ec5 17GiB/27GiB(64%) CN:8 DL:5.9MiB ETA:27m16s]
[#8b2ec5 17GiB/27GiB(64%) CN:8 DL:5.8MiB ETA:27m42s]
[#8b2ec5 17GiB/27GiB(64%) CN:8 DL:5.9MiB ETA:27m23s]
[#8b2ec5 17GiB/27GiB(64%) CN:8 DL:5.6MiB ETA:28m53s]
[#8b2ec5 17GiB/27GiB(64%) CN:8 DL:5.7MiB ETA:28m9s]
[#8b2ec5 17GiB/27GiB(64%) CN:8 DL:5.6MiB ETA:29m2s]
[#8b2ec5 17GiB/27GiB(64%) CN:8 DL:5.6MiB ETA:28m44s]
[#8b2ec5 17GiB/27GiB(64%) CN:8 DL:5.5MiB ETA:29m15s]
[#8b2ec5 17GiB/27GiB(64%) CN:8 DL:5.6MiB ETA:28m35s]
[#8b2ec5 17GiB/27GiB(64%) CN:8 DL:5.6MiB ETA:28m45s]
[#8b2ec5 17GiB/27GiB(65%) CN:8 DL:5.5MiB ETA:29m31s]
[#8b2ec5 17GiB/27GiB(65%) CN:8 DL:5.3MiB ETA:30m17s]
[#8b2ec5 17GiB/27GiB(65%) CN:8 DL:5.5MiB ETA:29m15s]
[#8b2ec5 17GiB/27GiB(65%) CN:8 DL:5.2MiB ETA:30m37s]
[#8b2ec5 17GiB/27GiB(65%) CN:8 DL:5.4MiB ETA:29m50s]
[#8b2ec5 17GiB/27GiB(65%) CN:8 DL:5.3MiB ETA:30m12s]
[#8b2ec5 17GiB/27GiB(65%) CN:8 DL:5.3MiB ETA:30m28s]
[#8b2ec5 17GiB/27GiB(65%) CN:8 DL:5.3MiB ETA:30m9s]
[#8b2ec5 17GiB/27GiB(65%) CN:8 DL:5.4MiB ETA:29m53s]
[#8b2ec5 17GiB/27GiB(65%) CN:8 DL:5.3MiB ETA:30m22s]
[#8b2ec5 17GiB/27GiB(65%) CN:8 DL:5.4MiB ETA:29m45s]
[#8b2ec5 17GiB/27GiB(65%) CN:8 DL:5.3MiB ETA:30m16s]
[#8b2ec5 17GiB/27GiB(65%) CN:8 DL:5.5MiB ETA:29m]
[#8b2ec5 17GiB/27GiB(65%) CN:8 DL:5.4MiB ETA:29m44s]
[#8b2ec5 17GiB/27GiB(65%) CN:8 DL:5.4MiB ETA:29m24s]
[#8b2ec5 17GiB/27GiB(65%) CN:8 DL:5.5MiB ETA:29m9s]
[#8b2ec5 17GiB/27GiB(65%) CN:8 DL:5.6MiB ETA:28m35s]
[#8b2ec5 17GiB/27GiB(65%) CN:8 DL:5.6MiB ETA:28m19s]
[#8b2ec5 17GiB/27GiB(65%) CN:8 DL:5.7MiB ETA:27m54s]
[#8b2ec5 17GiB/27GiB(65%) CN:8 DL:5.7MiB ETA:27m45s]
[#8b2ec5 17GiB/27GiB(65%) CN:8 DL:5.7MiB ETA:28m6s]
[#8b2ec5 17GiB/27GiB(65%) CN:8 DL:5.6MiB ETA:28m16s]
[#8b2ec5 17GiB/27GiB(65%) CN:8 DL:5.8MiB ETA:27m33s]
[#8b2ec5 17GiB/27GiB(65%) CN:8 DL:5.8MiB ETA:27m36s]
[#8b2ec5 17GiB/27GiB(65%) CN:8 DL:5.8MiB ETA:27m12s]
[#8b2ec5 17GiB/27GiB(65%) CN:8 DL:5.7MiB ETA:27m41s]
[#8b2ec5 17GiB/27GiB(65%) CN:8 DL:5.9MiB ETA:27m3s]
[#8b2ec5 17GiB/27GiB(65%) CN:8 DL:5.9MiB ETA:26m45s]
[#8b2ec5 17GiB/27GiB(65%) CN:8 DL:6.0MiB ETA:26m32s]
[#8b2ec5 17GiB/27GiB(65%) CN:8 DL:6.1MiB ETA:26m8s]
[#8b2ec5 17GiB/27GiB(65%) CN:8 DL:6.1MiB ETA:25m43s]
[#8b2ec5 17GiB/27GiB(65%) CN:8 DL:6.1MiB ETA:26m6s]
[#8b2ec5 17GiB/27GiB(65%) CN:8 DL:6.2MiB ETA:25m33s]
[#8b2ec5 17GiB/27GiB(65%) CN:8 DL:6.2MiB ETA:25m31s]
[#8b2ec5 17GiB/27GiB(65%) CN:8 DL:6.2MiB ETA:25m21s]
[#8b2ec5 17GiB/27GiB(65%) CN:8 DL:6.5MiB ETA:24m14s]
[#8b2ec5 17GiB/27GiB(65%) CN:8 DL:6.6MiB ETA:23m46s]
[#8b2ec5 17GiB/27GiB(65%) CN:8 DL:6.6MiB ETA:23m45s]
[#8b2ec5 17GiB/27GiB(65%) CN:8 DL:6.8MiB ETA:23m15s]
[#8b2ec5 17GiB/27GiB(65%) CN:8 DL:6.6MiB ETA:23m38s]
[#8b2ec5 17GiB/27GiB(65%) CN:8 DL:7.0MiB ETA:22m26s]
[#8b2ec5 17GiB/27GiB(65%) CN:8 DL:6.8MiB ETA:22m59s]
[#8b2ec5 17GiB/27GiB(65%) CN:8 DL:7.1MiB ETA:21m56s]
[#8b2ec5 17GiB/27GiB(65%) CN:8 DL:7.2MiB ETA:21m53s]
[#8b2ec5 17GiB/27GiB(66%) CN:8 DL:7.2MiB ETA:21m50s]
 *** Download Progress Summary as of Thu Aug 27 17:18:14 2026 *** 
===============================================================================
[#8b2ec5 17GiB/27GiB(66%) CN:8 DL:7.2MiB ETA:21m37s]
FILE: /Users/wilsonxu/Models/ornith-256k/llamacpp/models/Ornith-1.5-35B-Q6_K.gguf
-------------------------------------------------------------------------------

[#8b2ec5 17GiB/27GiB(66%) CN:8 DL:7.2MiB ETA:21m37s]
[#8b2ec5 17GiB/27GiB(66%) CN:8 DL:7.4MiB ETA:21m6s]
[#8b2ec5 17GiB/27GiB(66%) CN:8 DL:7.5MiB ETA:20m57s]
[#8b2ec5 17GiB/27GiB(66%) CN:8 DL:7.9MiB ETA:19m53s]
[#8b2ec5 18GiB/27GiB(66%) CN:8 DL:7.4MiB ETA:21m]
[#8b2ec5 18GiB/27GiB(66%) CN:8 DL:7.7MiB ETA:20m10s]
[#8b2ec5 18GiB/27GiB(66%) CN:8 DL:7.3MiB ETA:21m18s]
[#8b2ec5 18GiB/27GiB(66%) CN:8 DL:7.7MiB ETA:20m18s]
[#8b2ec5 18GiB/27GiB(66%) CN:8 DL:7.4MiB ETA:20m55s]
[#8b2ec5 18GiB/27GiB(66%) CN:8 DL:7.5MiB ETA:20m46s]
[#8b2ec5 18GiB/27GiB(66%) CN:8 DL:7.5MiB ETA:20m42s]
[#8b2ec5 18GiB/27GiB(66%) CN:8 DL:7.4MiB ETA:20m50s]
[#8b2ec5 18GiB/27GiB(66%) CN:8 DL:7.1MiB ETA:21m41s]
[#8b2ec5 18GiB/27GiB(66%) CN:8 DL:7.3MiB ETA:21m14s]
[#8b2ec5 18GiB/27GiB(66%) CN:8 DL:6.5MiB ETA:23m53s]

08/27 17:18:30 [[1;32mNOTICE[0m] CUID#14 - Redirecting to https://us.aws.cdn.hf.co/xet-bridge-us/6a83fdf1993fbb53ef83dbb1/c5e4bd4e5aead56c29af62fb4180f69b77a2f64cced4d117987bfbfb64860be4?user_id=public&X-Xet-Cas-Uid=public&response-content-disposition=inline%3B+filename*%3DUTF-8%27%27Ornith-1.5-35B-Q6_K.gguf%3B+filename%3D%22Ornith-1.5-35B-Q6_K.gguf%22%3B&Expires=1787825910&Policy=eyJTdGF0ZW1lbnQiOlt7IlJlc291cmNlIjoiaHR0cHM6Ly91cy5hd3MuY2RuLmhmLmNvL3hldC1icmlkZ2UtdXMvNmE4M2ZkZjE5OTNmYmI1M2VmODNkYmIxL2M1ZTRiZDRlNWFlYWQ1NmMyOWFmNjJmYjQxODBmNjliNzdhMmY2NGNjZWQ0ZDExNzk4N2JmYmZiNjQ4NjBiZTRcXD91c2VyX2lkPXB1YmxpYyZYLVhldC1DYXMtVWlkPXB1YmxpYyZyZXNwb25zZS1jb250ZW50LWRpc3Bvc2l0aW9uPWlubGluZSUzQitmaWxlbmFtZSUyQSUzRFVURi04JTI3JTI3T3JuaXRoLTEuNS0zNUItUTZfSy5nZ3VmJTNCK2ZpbGVuYW1lJTNEJTIyT3JuaXRoLTEuNS0zNUItUTZfSy5nZ3VmJTIyJTNCIiwiQ29uZGl0aW9uIjp7IkRhdGVMZXNzVGhhbiI6eyJFcG9jaFRpbWUiOjE3ODc4MjU5MTB9fX1dfQ__&Signature=MEYCIQD0lLARj1T0YJQGr7inzps5EWpprmyUXNL40dpP0CajxAIhAOn9abZdl5sQBDNlR2CIgAZptBHJD4bnm6GHWWQYsZpo&Key-Pair-Id=01KXEF4KZ1B6FV465MAWR4M21F
[#8b2ec5 18GiB/27GiB(66%) CN:8 DL:5.9MiB ETA:26m3s]
[#8b2ec5 18GiB/27GiB(66%) CN:8 DL:4.9MiB ETA:31m27s]

08/27 17:18:31 [[1;32mNOTICE[0m] CUID#17 - Redirecting to https://us.aws.cdn.hf.co/xet-bridge-us/6a83fdf1993fbb53ef83dbb1/c5e4bd4e5aead56c29af62fb4180f69b77a2f64cced4d117987bfbfb64860be4?response-content-disposition=inline%3B+filename*%3DUTF-8%27%27Ornith-1.5-35B-Q6_K.gguf%3B+filename%3D%22Ornith-1.5-35B-Q6_K.gguf%22%3B&X-Xet-Cas-Uid=public&user_id=public&Expires=1787825910&Policy=eyJTdGF0ZW1lbnQiOlt7IlJlc291cmNlIjoiaHR0cHM6Ly91cy5hd3MuY2RuLmhmLmNvL3hldC1icmlkZ2UtdXMvNmE4M2ZkZjE5OTNmYmI1M2VmODNkYmIxL2M1ZTRiZDRlNWFlYWQ1NmMyOWFmNjJmYjQxODBmNjliNzdhMmY2NGNjZWQ0ZDExNzk4N2JmYmZiNjQ4NjBiZTRcXD9yZXNwb25zZS1jb250ZW50LWRpc3Bvc2l0aW9uPWlubGluZSUzQitmaWxlbmFtZSUyQSUzRFVURi04JTI3JTI3T3JuaXRoLTEuNS0zNUItUTZfSy5nZ3VmJTNCK2ZpbGVuYW1lJTNEJTIyT3JuaXRoLTEuNS0zNUItUTZfSy5nZ3VmJTIyJTNCJlgtWGV0LUNhcy1VaWQ9cHVibGljJnVzZXJfaWQ9cHVibGljIiwiQ29uZGl0aW9uIjp7IkRhdGVMZXNzVGhhbiI6eyJFcG9jaFRpbWUiOjE3ODc4MjU5MTB9fX1dfQ__&Signature=MEQCIF5%7EDaosMXXAlsA9Ogy1KdGpqiuSvpuFjCQvpQvWOiZAAiAvA24ag8uotTSeqwWeLtqSAtCfXOUsdtwhg2nvEdDfdw__&Key-Pair-Id=01KXEF4KZ1B6FV465MAWR4M21F

08/27 17:18:32 [[1;32mNOTICE[0m] CUID#22 - Redirecting to https://us.aws.cdn.hf.co/xet-bridge-us/6a83fdf1993fbb53ef83dbb1/c5e4bd4e5aead56c29af62fb4180f69b77a2f64cced4d117987bfbfb64860be4?user_id=public&X-Xet-Cas-Uid=public&response-content-disposition=inline%3B+filename*%3DUTF-8%27%27Ornith-1.5-35B-Q6_K.gguf%3B+filename%3D%22Ornith-1.5-35B-Q6_K.gguf%22%3B&Expires=1787825912&Policy=eyJTdGF0ZW1lbnQiOlt7IlJlc291cmNlIjoiaHR0cHM6Ly91cy5hd3MuY2RuLmhmLmNvL3hldC1icmlkZ2UtdXMvNmE4M2ZkZjE5OTNmYmI1M2VmODNkYmIxL2M1ZTRiZDRlNWFlYWQ1NmMyOWFmNjJmYjQxODBmNjliNzdhMmY2NGNjZWQ0ZDExNzk4N2JmYmZiNjQ4NjBiZTRcXD91c2VyX2lkPXB1YmxpYyZYLVhldC1DYXMtVWlkPXB1YmxpYyZyZXNwb25zZS1jb250ZW50LWRpc3Bvc2l0aW9uPWlubGluZSUzQitmaWxlbmFtZSUyQSUzRFVURi04JTI3JTI3T3JuaXRoLTEuNS0zNUItUTZfSy5nZ3VmJTNCK2ZpbGVuYW1lJTNEJTIyT3JuaXRoLTEuNS0zNUItUTZfSy5nZ3VmJTIyJTNCIiwiQ29uZGl0aW9uIjp7IkRhdGVMZXNzVGhhbiI6eyJFcG9jaFRpbWUiOjE3ODc4MjU5MTJ9fX1dfQ__&Signature=MEUCICUt0WMfob%7ErGyZMysKM%7EgbcOBAtthgob5p-lRqyPe7QAiEAgzXPaajLuEuU58470a3TbGocGpsDX2Sp7Xzt9xEX0Vg_&Key-Pair-Id=01KXEF4KZ1B6FV465MAWR4M21F
[#8b2ec5 18GiB/27GiB(66%) CN:8 DL:4.2MiB ETA:36m36s]
[#8b2ec5 18GiB/27GiB(66%) CN:8 DL:3.4MiB ETA:45m42s]
[#8b2ec5 18GiB/27GiB(66%) CN:8 DL:2.6MiB ETA:59m41s]
[#8b2ec5 18GiB/27GiB(66%) CN:8 DL:1.9MiB ETA:1h20m27s]
[#8b2ec5 18GiB/27GiB(66%) CN:8 DL:1.4MiB ETA:1h46m6s]
[#8b2ec5 18GiB/27GiB(66%) CN:8 DL:1.0MiB ETA:2h26m12s]
[#8b2ec5 18GiB/27GiB(66%) CN:8 DL:2.2MiB ETA:1h8m49s]
[#8b2ec5 18GiB/27GiB(66%) CN:8 DL:2.7MiB ETA:55m41s]
[#8b2ec5 18GiB/27GiB(66%) CN:8 DL:3.6MiB ETA:42m32s]
[#8b2ec5 18GiB/27GiB(66%) CN:8 DL:4.2MiB ETA:36m11s]
[#8b2ec5 18GiB/27GiB(66%) CN:8 DL:4.9MiB ETA:31m23s]
[#8b2ec5 18GiB/27GiB(66%) CN:8 DL:5.2MiB ETA:29m15s]
[#8b2ec5 18GiB/27GiB(66%) CN:8 DL:6.0MiB ETA:25m32s]
[#8b2ec5 18GiB/27GiB(66%) CN:8 DL:6.4MiB ETA:23m53s]
[#8b2ec5 18GiB/27GiB(66%) CN:8 DL:6.8MiB ETA:22m32s]
[#8b2ec5 18GiB/27GiB(66%) CN:8 DL:6.2MiB ETA:24m44s]
[#8b2ec5 18GiB/27GiB(66%) CN:8 DL:6.2MiB ETA:24m51s]

08/27 17:18:50 [[1;32mNOTICE[0m] CUID#21 - Redirecting to https://us.aws.cdn.hf.co/xet-bridge-us/6a83fdf1993fbb53ef83dbb1/c5e4bd4e5aead56c29af62fb4180f69b77a2f64cced4d117987bfbfb64860be4?X-Xet-Cas-Uid=public&user_id=public&response-content-disposition=inline%3B+filename*%3DUTF-8%27%27Ornith-1.5-35B-Q6_K.gguf%3B+filename%3D%22Ornith-1.5-35B-Q6_K.gguf%22%3B&Expires=1787825929&Policy=eyJTdGF0ZW1lbnQiOlt7IlJlc291cmNlIjoiaHR0cHM6Ly91cy5hd3MuY2RuLmhmLmNvL3hldC1icmlkZ2UtdXMvNmE4M2ZkZjE5OTNmYmI1M2VmODNkYmIxL2M1ZTRiZDRlNWFlYWQ1NmMyOWFmNjJmYjQxODBmNjliNzdhMmY2NGNjZWQ0ZDExNzk4N2JmYmZiNjQ4NjBiZTRcXD9YLVhldC1DYXMtVWlkPXB1YmxpYyZ1c2VyX2lkPXB1YmxpYyZyZXNwb25zZS1jb250ZW50LWRpc3Bvc2l0aW9uPWlubGluZSUzQitmaWxlbmFtZSUyQSUzRFVURi04JTI3JTI3T3JuaXRoLTEuNS0zNUItUTZfSy5nZ3VmJTNCK2ZpbGVuYW1lJTNEJTIyT3JuaXRoLTEuNS0zNUItUTZfSy5nZ3VmJTIyJTNCIiwiQ29uZGl0aW9uIjp7IkRhdGVMZXNzVGhhbiI6eyJFcG9jaFRpbWUiOjE3ODc4MjU5Mjl9fX1dfQ__&Signature=MEUCIHl%7EvbULIlWxSqhvMnAn8tKSn0MWOclHnueD-0eoVEHoAiEAjm7-T2%7EIWRysM4kSB085QGyiTC4lExFm-4ViZIHA9pQ_&Key-Pair-Id=01KXEF4KZ1B6FV465MAWR4M21F
[#8b2ec5 18GiB/27GiB(66%) CN:8 DL:6.0MiB ETA:25m38s]
[#8b2ec5 18GiB/27GiB(66%) CN:8 DL:5.8MiB ETA:26m9s]
[#8b2ec5 18GiB/27GiB(66%) CN:8 DL:5.5MiB ETA:27m50s]
[#8b2ec5 18GiB/27GiB(66%) CN:8 DL:5.7MiB ETA:26m44s]

08/27 17:18:53 [[1;32mNOTICE[0m] CUID#18 - Redirecting to https://us.aws.cdn.hf.co/xet-bridge-us/6a83fdf1993fbb53ef83dbb1/c5e4bd4e5aead56c29af62fb4180f69b77a2f64cced4d117987bfbfb64860be4?X-Xet-Cas-Uid=public&user_id=public&response-content-disposition=inline%3B+filename*%3DUTF-8%27%27Ornith-1.5-35B-Q6_K.gguf%3B+filename%3D%22Ornith-1.5-35B-Q6_K.gguf%22%3B&Expires=1787825933&Policy=eyJTdGF0ZW1lbnQiOlt7IlJlc291cmNlIjoiaHR0cHM6Ly91cy5hd3MuY2RuLmhmLmNvL3hldC1icmlkZ2UtdXMvNmE4M2ZkZjE5OTNmYmI1M2VmODNkYmIxL2M1ZTRiZDRlNWFlYWQ1NmMyOWFmNjJmYjQxODBmNjliNzdhMmY2NGNjZWQ0ZDExNzk4N2JmYmZiNjQ4NjBiZTRcXD9YLVhldC1DYXMtVWlkPXB1YmxpYyZ1c2VyX2lkPXB1YmxpYyZyZXNwb25zZS1jb250ZW50LWRpc3Bvc2l0aW9uPWlubGluZSUzQitmaWxlbmFtZSUyQSUzRFVURi04JTI3JTI3T3JuaXRoLTEuNS0zNUItUTZfSy5nZ3VmJTNCK2ZpbGVuYW1lJTNEJTIyT3JuaXRoLTEuNS0zNUItUTZfSy5nZ3VmJTIyJTNCIiwiQ29uZGl0aW9uIjp7IkRhdGVMZXNzVGhhbiI6eyJFcG9jaFRpbWUiOjE3ODc4MjU5MzN9fX1dfQ__&Signature=MEYCIQDysVN9Z4DcVxT2gRoOOXI-j033TB67M9NCSP9izbRBugIhAMe5qzCYTSqPi13VCPy73KRmHGOnHUwkSbZCsS4DR4ig&Key-Pair-Id=01KXEF4KZ1B6FV465MAWR4M21F
[#8b2ec5 18GiB/27GiB(66%) CN:8 DL:5.4MiB ETA:28m17s]
[#8b2ec5 18GiB/27GiB(66%) CN:8 DL:5.2MiB ETA:29m17s]
[#8b2ec5 18GiB/27GiB(66%) CN:8 DL:5.3MiB ETA:28m39s]
[#8b2ec5 18GiB/27GiB(66%) CN:8 DL:5.4MiB ETA:28m6s]
[#8b2ec5 18GiB/27GiB(66%) CN:8 DL:5.9MiB ETA:25m59s]

08/27 17:18:59 [[1;32mNOTICE[0m] CUID#20 - Redirecting to https://us.aws.cdn.hf.co/xet-bridge-us/6a83fdf1993fbb53ef83dbb1/c5e4bd4e5aead56c29af62fb4180f69b77a2f64cced4d117987bfbfb64860be4?user_id=public&X-Xet-Cas-Uid=public&response-content-disposition=inline%3B+filename*%3DUTF-8%27%27Ornith-1.5-35B-Q6_K.gguf%3B+filename%3D%22Ornith-1.5-35B-Q6_K.gguf%22%3B&Expires=1787825939&Policy=eyJTdGF0ZW1lbnQiOlt7IlJlc291cmNlIjoiaHR0cHM6Ly91cy5hd3MuY2RuLmhmLmNvL3hldC1icmlkZ2UtdXMvNmE4M2ZkZjE5OTNmYmI1M2VmODNkYmIxL2M1ZTRiZDRlNWFlYWQ1NmMyOWFmNjJmYjQxODBmNjliNzdhMmY2NGNjZWQ0ZDExNzk4N2JmYmZiNjQ4NjBiZTRcXD91c2VyX2lkPXB1YmxpYyZYLVhldC1DYXMtVWlkPXB1YmxpYyZyZXNwb25zZS1jb250ZW50LWRpc3Bvc2l0aW9uPWlubGluZSUzQitmaWxlbmFtZSUyQSUzRFVURi04JTI3JTI3T3JuaXRoLTEuNS0zNUItUTZfSy5nZ3VmJTNCK2ZpbGVuYW1lJTNEJTIyT3JuaXRoLTEuNS0zNUItUTZfSy5nZ3VmJTIyJTNCIiwiQ29uZGl0aW9uIjp7IkRhdGVMZXNzVGhhbiI6eyJFcG9jaFRpbWUiOjE3ODc4MjU5Mzl9fX1dfQ__&Signature=MEUCIQCpq3Vlfml1sB-2nBgqm1EVF-tOZ3jM1nieGAjG1IDa4QIgLn67TKlV1q3JWIhEoXopwGrGW3ArvUmFUaSD57vRhb0_&Key-Pair-Id=01KXEF4KZ1B6FV465MAWR4M21F
[#8b2ec5 18GiB/27GiB(66%) CN:8 DL:5.5MiB ETA:27m43s]
[#8b2ec5 18GiB/27GiB(66%) CN:8 DL:5.3MiB ETA:28m32s]
[#8b2ec5 18GiB/27GiB(66%) CN:8 DL:5.1MiB ETA:29m31s]

08/27 17:19:02 [[1;32mNOTICE[0m] CUID#23 - Redirecting to https://us.aws.cdn.hf.co/xet-bridge-us/6a83fdf1993fbb53ef83dbb1/c5e4bd4e5aead56c29af62fb4180f69b77a2f64cced4d117987bfbfb64860be4?X-Xet-Cas-Uid=public&response-content-disposition=inline%3B+filename*%3DUTF-8%27%27Ornith-1.5-35B-Q6_K.gguf%3B+filename%3D%22Ornith-1.5-35B-Q6_K.gguf%22%3B&user_id=public&Expires=1787825941&Policy=eyJTdGF0ZW1lbnQiOlt7IlJlc291cmNlIjoiaHR0cHM6Ly91cy5hd3MuY2RuLmhmLmNvL3hldC1icmlkZ2UtdXMvNmE4M2ZkZjE5OTNmYmI1M2VmODNkYmIxL2M1ZTRiZDRlNWFlYWQ1NmMyOWFmNjJmYjQxODBmNjliNzdhMmY2NGNjZWQ0ZDExNzk4N2JmYmZiNjQ4NjBiZTRcXD9YLVhldC1DYXMtVWlkPXB1YmxpYyZyZXNwb25zZS1jb250ZW50LWRpc3Bvc2l0aW9uPWlubGluZSUzQitmaWxlbmFtZSUyQSUzRFVURi04JTI3JTI3T3JuaXRoLTEuNS0zNUItUTZfSy5nZ3VmJTNCK2ZpbGVuYW1lJTNEJTIyT3JuaXRoLTEuNS0zNUItUTZfSy5nZ3VmJTIyJTNCJnVzZXJfaWQ9cHVibGljIiwiQ29uZGl0aW9uIjp7IkRhdGVMZXNzVGhhbiI6eyJFcG9jaFRpbWUiOjE3ODc4MjU5NDF9fX1dfQ__&Signature=MEUCIQDtCNcOO-42t5bdB0uuDXSWZ%7EX6%7EGWWgol2HugBK33GfwIgXBlFwxMp-IIgcXL7xdhrHvuSxKfA9C0uKHDtYlUiIUU_&Key-Pair-Id=01KXEF4KZ1B6FV465MAWR4M21F
[#8b2ec5 18GiB/27GiB(66%) CN:8 DL:4.9MiB ETA:31m15s]
[#8b2ec5 18GiB/27GiB(66%) CN:8 DL:4.5MiB ETA:33m33s]
[#8b2ec5 18GiB/27GiB(67%) CN:8 DL:4.4MiB ETA:34m6s]
[#8b2ec5 18GiB/27GiB(67%) CN:8 DL:4.2MiB ETA:36m19s]
[#8b2ec5 18GiB/27GiB(67%) CN:8 DL:3.9MiB ETA:38m52s]

08/27 17:19:08 [[1;32mNOTICE[0m] CUID#19 - Redirecting to https://us.aws.cdn.hf.co/xet-bridge-us/6a83fdf1993fbb53ef83dbb1/c5e4bd4e5aead56c29af62fb4180f69b77a2f64cced4d117987bfbfb64860be4?X-Xet-Cas-Uid=public&user_id=public&response-content-disposition=inline%3B+filename*%3DUTF-8%27%27Ornith-1.5-35B-Q6_K.gguf%3B+filename%3D%22Ornith-1.5-35B-Q6_K.gguf%22%3B&Expires=1787825948&Policy=eyJTdGF0ZW1lbnQiOlt7IlJlc291cmNlIjoiaHR0cHM6Ly91cy5hd3MuY2RuLmhmLmNvL3hldC1icmlkZ2UtdXMvNmE4M2ZkZjE5OTNmYmI1M2VmODNkYmIxL2M1ZTRiZDRlNWFlYWQ1NmMyOWFmNjJmYjQxODBmNjliNzdhMmY2NGNjZWQ0ZDExNzk4N2JmYmZiNjQ4NjBiZTRcXD9YLVhldC1DYXMtVWlkPXB1YmxpYyZ1c2VyX2lkPXB1YmxpYyZyZXNwb25zZS1jb250ZW50LWRpc3Bvc2l0aW9uPWlubGluZSUzQitmaWxlbmFtZSUyQSUzRFVURi04JTI3JTI3T3JuaXRoLTEuNS0zNUItUTZfSy5nZ3VmJTNCK2ZpbGVuYW1lJTNEJTIyT3JuaXRoLTEuNS0zNUItUTZfSy5nZ3VmJTIyJTNCIiwiQ29uZGl0aW9uIjp7IkRhdGVMZXNzVGhhbiI6eyJFcG9jaFRpbWUiOjE3ODc4MjU5NDh9fX1dfQ__&Signature=MEYCIQD6EtJDlbKLm0zUt1BawUII-zk2hI2NSk6TC3VSjWIJQwIhAIShiTkSQhTKpJKUfRStsX8wtCyseqHFQfVzzHWewwG4&Key-Pair-Id=01KXEF4KZ1B6FV465MAWR4M21F
[#8b2ec5 18GiB/27GiB(67%) CN:8 DL:3.1MiB ETA:47m53s]
[#8b2ec5 18GiB/27GiB(67%) CN:8 DL:3.1MiB ETA:48m18s]
[#8b2ec5 18GiB/27GiB(67%) CN:8 DL:3.3MiB ETA:45m37s]
[#8b2ec5 18GiB/27GiB(67%) CN:8 DL:3.2MiB ETA:47m3s]
[#8b2ec5 18GiB/27GiB(67%) CN:8 DL:3.4MiB ETA:44m41s]
[#8b2ec5 18GiB/27GiB(67%) CN:8 DL:3.3MiB ETA:45m17s]
 *** Download Progress Summary as of Thu Aug 27 17:19:15 2026 *** 
===============================================================================
[#8b2ec5 18GiB/27GiB(67%) CN:8 DL:3.3MiB ETA:46m6s]
FILE: /Users/wilsonxu/Models/ornith-256k/llamacpp/models/Ornith-1.5-35B-Q6_K.gguf
-------------------------------------------------------------------------------

[#8b2ec5 18GiB/27GiB(67%) CN:8 DL:3.3MiB ETA:46m6s]
[#8b2ec5 18GiB/27GiB(67%) CN:8 DL:2.8MiB ETA:53m44s]
[#8b2ec5 18GiB/27GiB(67%) CN:8 DL:2.7MiB ETA:55m29s]
[#8b2ec5 18GiB/27GiB(67%) CN:8 DL:2.8MiB ETA:54m3s]
[#8b2ec5 18GiB/27GiB(67%) CN:8 DL:2.8MiB ETA:52m48s]
[#8b2ec5 18GiB/27GiB(67%) CN:8 DL:2.8MiB ETA:54m]
[#8b2ec5 18GiB/27GiB(67%) CN:8 DL:3.0MiB ETA:50m3s]
[#8b2ec5 18GiB/27GiB(67%) CN:8 DL:2.8MiB ETA:54m6s]
[#8b2ec5 18GiB/27GiB(67%) CN:8 DL:3.0MiB ETA:50m27s]
[#8b2ec5 18GiB/27GiB(67%) CN:8 DL:2.9MiB ETA:51m36s]
[#8b2ec5 18GiB/27GiB(67%) CN:8 DL:3.1MiB ETA:48m5s]
[#8b2ec5 18GiB/27GiB(67%) CN:8 DL:3.2MiB ETA:46m46s]
[#8b2ec5 18GiB/27GiB(67%) CN:8 DL:3.3MiB ETA:45m44s]
[#8b2ec5 18GiB/27GiB(67%) CN:8 DL:3.4MiB ETA:44m14s]
[#8b2ec5 18GiB/27GiB(67%) CN:8 DL:3.4MiB ETA:44m39s]
[#8b2ec5 18GiB/27GiB(67%) CN:8 DL:3.4MiB ETA:43m55s]
[#8b2ec5 18GiB/27GiB(67%) CN:8 DL:3.5MiB ETA:43m2s]
[#8b2ec5 18GiB/27GiB(67%) CN:8 DL:3.4MiB ETA:43m41s]
[#8b2ec5 18GiB/27GiB(67%) CN:8 DL:3.7MiB ETA:40m12s]
[#8b2ec5 18GiB/27GiB(67%) CN:8 DL:3.6MiB ETA:41m42s]
[#8b2ec5 18GiB/27GiB(67%) CN:8 DL:3.6MiB ETA:41m4s]
[#8b2ec5 18GiB/27GiB(67%) CN:8 DL:3.7MiB ETA:40m24s]
[#8b2ec5 18GiB/27GiB(67%) CN:8 DL:3.7MiB ETA:40m9s]
[#8b2ec5 18GiB/27GiB(67%) CN:8 DL:3.7MiB ETA:40m37s]
[#8b2ec5 18GiB/27GiB(67%) CN:8 DL:3.7MiB ETA:40m4s]
[#8b2ec5 18GiB/27GiB(67%) CN:8 DL:3.8MiB ETA:38m46s]
[#8b2ec5 18GiB/27GiB(67%) CN:8 DL:4.1MiB ETA:36m35s]
[#8b2ec5 18GiB/27GiB(67%) CN:8 DL:3.8MiB ETA:39m10s]
[#8b2ec5 18GiB/27GiB(67%) CN:8 DL:4.1MiB ETA:36m18s]
[#8b2ec5 18GiB/27GiB(67%) CN:8 DL:4.0MiB ETA:37m22s]
[#8b2ec5 18GiB/27GiB(67%) CN:8 DL:4.0MiB ETA:36m56s]
[#8b2ec5 18GiB/27GiB(67%) CN:8 DL:4.0MiB ETA:37m18s]
[#8b2ec5 18GiB/27GiB(67%) CN:8 DL:4.3MiB ETA:34m55s]
[#8b2ec5 18GiB/27GiB(67%) CN:8 DL:4.2MiB ETA:35m2s]
[#8b2ec5 18GiB/27GiB(67%) CN:8 DL:4.1MiB ETA:36m21s]
[#8b2ec5 18GiB/27GiB(67%) CN:8 DL:4.0MiB ETA:37m3s]
[#8b2ec5 18GiB/27GiB(67%) CN:8 DL:4.2MiB ETA:35m26s]
[#8b2ec5 18GiB/27GiB(67%) CN:8 DL:4.0MiB ETA:37m26s]
[#8b2ec5 18GiB/27GiB(67%) CN:8 DL:4.2MiB ETA:35m38s]
[#8b2ec5 18GiB/27GiB(67%) CN:8 DL:3.8MiB ETA:38m37s]
[#8b2ec5 18GiB/27GiB(67%) CN:8 DL:3.8MiB ETA:38m47s]
[#8b2ec5 18GiB/27GiB(67%) CN:8 DL:3.7MiB ETA:39m39s]
[#8b2ec5 18GiB/27GiB(67%) CN:8 DL:3.7MiB ETA:39m38s]
[#8b2ec5 18GiB/27GiB(67%) CN:8 DL:3.7MiB ETA:39m46s]
[#8b2ec5 18GiB/27GiB(67%) CN:8 DL:3.7MiB ETA:40m15s]
[#8b2ec5 18GiB/27GiB(67%) CN:8 DL:3.6MiB ETA:41m20s]
[#8b2ec5 18GiB/27GiB(67%) CN:8 DL:3.7MiB ETA:39m48s]
[#8b2ec5 18GiB/27GiB(67%) CN:8 DL:3.6MiB ETA:40m55s]
[#8b2ec5 18GiB/27GiB(67%) CN:8 DL:3.8MiB ETA:38m23s]
[#8b2ec5 18GiB/27GiB(67%) CN:8 DL:3.7MiB ETA:39m20s]
[#8b2ec5 18GiB/27GiB(67%) CN:8 DL:3.7MiB ETA:39m59s]
[#8b2ec5 18GiB/27GiB(67%) CN:8 DL:3.7MiB ETA:39m47s]
[#8b2ec5 18GiB/27GiB(67%) CN:8 DL:3.7MiB ETA:39m40s]
[#8b2ec5 18GiB/27GiB(67%) CN:8 DL:3.7MiB ETA:40m]
[#8b2ec5 18GiB/27GiB(67%) CN:8 DL:3.6MiB ETA:40m56s]
[#8b2ec5 18GiB/27GiB(67%) CN:8 DL:3.5MiB ETA:42m10s]
[#8b2ec5 18GiB/27GiB(67%) CN:8 DL:3.6MiB ETA:40m29s]
[#8b2ec5 18GiB/27GiB(67%) CN:8 DL:3.5MiB ETA:42m16s]
 *** Download Progress Summary as of Thu Aug 27 17:20:15 2026 *** 
===============================================================================
[#8b2ec5 18GiB/27GiB(67%) CN:8 DL:3.5MiB ETA:41m28s]
FILE: /Users/wilsonxu/Models/ornith-256k/llamacpp/models/Ornith-1.5-35B-Q6_K.gguf
-------------------------------------------------------------------------------

[#8b2ec5 18GiB/27GiB(67%) CN:8 DL:3.5MiB ETA:41m28s]
[#8b2ec5 18GiB/27GiB(67%) CN:8 DL:3.3MiB ETA:44m12s]
[#8b2ec5 18GiB/27GiB(67%) CN:8 DL:3.3MiB ETA:44m46s]
[#8b2ec5 18GiB/27GiB(67%) CN:8 DL:3.3MiB ETA:44m13s]
[#8b2ec5 18GiB/27GiB(67%) CN:8 DL:3.4MiB ETA:43m31s]
[#8b2ec5 18GiB/27GiB(67%) CN:8 DL:3.4MiB ETA:43m19s]
[#8b2ec5 18GiB/27GiB(67%) CN:8 DL:3.5MiB ETA:42m5s]
[#8b2ec5 18GiB/27GiB(68%) CN:8 DL:3.5MiB ETA:42m23s]
[#8b2ec5 18GiB/27GiB(68%) CN:8 DL:3.6MiB ETA:40m46s]
[#8b2ec5 18GiB/27GiB(68%) CN:8 DL:3.5MiB ETA:42m17s]
[#8b2ec5 18GiB/27GiB(68%) CN:8 DL:3.7MiB ETA:39m17s]
[#8b2ec5 18GiB/27GiB(68%) CN:8 DL:3.7MiB ETA:39m44s]
[#8b2ec5 18GiB/27GiB(68%) CN:8 DL:3.6MiB ETA:40m35s]
[#8b2ec5 18GiB/27GiB(68%) CN:8 DL:3.8MiB ETA:38m47s]
[#8b2ec5 18GiB/27GiB(68%) CN:8 DL:3.7MiB ETA:39m15s]
[#8b2ec5 18GiB/27GiB(68%) CN:8 DL:3.8MiB ETA:38m52s]
[#8b2ec5 18GiB/27GiB(68%) CN:8 DL:3.8MiB ETA:38m34s]
[#8b2ec5 18GiB/27GiB(68%) CN:8 DL:3.8MiB ETA:38m14s]
[#8b2ec5 18GiB/27GiB(68%) CN:8 DL:4.0MiB ETA:36m32s]
[#8b2ec5 18GiB/27GiB(68%) CN:8 DL:3.9MiB ETA:37m15s]
[#8b2ec5 18GiB/27GiB(68%) CN:8 DL:4.0MiB ETA:36m4s]
[#8b2ec5 18GiB/27GiB(68%) CN:8 DL:4.2MiB ETA:34m27s]
[#8b2ec5 18GiB/27GiB(68%) CN:8 DL:4.1MiB ETA:35m23s]
[#8b2ec5 18GiB/27GiB(68%) CN:8 DL:4.4MiB ETA:33m29s]
[#8b2ec5 18GiB/27GiB(68%) CN:8 DL:4.4MiB ETA:32m59s]
[#8b2ec5 18GiB/27GiB(68%) CN:8 DL:4.4MiB ETA:32m51s]
[#8b2ec5 18GiB/27GiB(68%) CN:8 DL:4.3MiB ETA:33m31s]
[#8b2ec5 18GiB/27GiB(68%) CN:8 DL:4.5MiB ETA:32m8s]
[#8b2ec5 18GiB/27GiB(68%) CN:8 DL:4.7MiB ETA:30m42s]
[#8b2ec5 18GiB/27GiB(68%) CN:8 DL:4.7MiB ETA:30m43s]
[#8b2ec5 18GiB/27GiB(68%) CN:8 DL:4.7MiB ETA:30m45s]
[#8b2ec5 18GiB/27GiB(68%) CN:8 DL:4.8MiB ETA:30m15s]
[#8b2ec5 18GiB/27GiB(68%) CN:8 DL:4.7MiB ETA:30m53s]
[#8b2ec5 18GiB/27GiB(68%) CN:8 DL:4.7MiB ETA:31m1s]
[#8b2ec5 18GiB/27GiB(68%) CN:8 DL:4.8MiB ETA:30m18s]
[#8b2ec5 18GiB/27GiB(68%) CN:8 DL:4.9MiB ETA:29m21s]
[#8b2ec5 18GiB/27GiB(68%) CN:8 DL:4.9MiB ETA:29m30s]
[#8b2ec5 18GiB/27GiB(68%) CN:8 DL:4.8MiB ETA:30m2s]
[#8b2ec5 18GiB/27GiB(68%) CN:8 DL:5.0MiB ETA:28m50s]
[#8b2ec5 18GiB/27GiB(68%) CN:8 DL:5.0MiB ETA:28m49s]
[#8b2ec5 18GiB/27GiB(68%) CN:8 DL:5.2MiB ETA:27m38s]
[#8b2ec5 18GiB/27GiB(68%) CN:8 DL:5.2MiB ETA:27m49s]
[#8b2ec5 18GiB/27GiB(68%) CN:8 DL:5.0MiB ETA:28m41s]
[#8b2ec5 18GiB/27GiB(68%) CN:8 DL:5.2MiB ETA:27m52s]
[#8b2ec5 18GiB/27GiB(68%) CN:8 DL:5.1MiB ETA:28m23s]
[#8b2ec5 18GiB/27GiB(68%) CN:8 DL:5.0MiB ETA:28m36s]
[#8b2ec5 18GiB/27GiB(68%) CN:8 DL:5.2MiB ETA:27m29s]
[#8b2ec5 18GiB/27GiB(68%) CN:8 DL:5.1MiB ETA:28m5s]
[#8b2ec5 18GiB/27GiB(68%) CN:8 DL:5.2MiB ETA:27m47s]
[#8b2ec5 18GiB/27GiB(68%) CN:8 DL:4.9MiB ETA:29m6s]
[#8b2ec5 18GiB/27GiB(68%) CN:8 DL:5.1MiB ETA:27m53s]
[#8b2ec5 18GiB/27GiB(68%) CN:8 DL:5.3MiB ETA:27m15s]
[#8b2ec5 18GiB/27GiB(68%) CN:8 DL:5.0MiB ETA:28m33s]
[#8b2ec5 18GiB/27GiB(68%) CN:8 DL:5.4MiB ETA:26m43s]
[#8b2ec5 18GiB/27GiB(68%) CN:8 DL:5.4MiB ETA:26m37s]
[#8b2ec5 18GiB/27GiB(68%) CN:8 DL:5.5MiB ETA:26m15s]
[#8b2ec5 18GiB/27GiB(68%) CN:8 DL:5.4MiB ETA:26m26s]
[#8b2ec5 18GiB/27GiB(68%) CN:8 DL:5.6MiB ETA:25m42s]
 *** Download Progress Summary as of Thu Aug 27 17:21:16 2026 *** 
===============================================================================
[#8b2ec5 18GiB/27GiB(68%) CN:8 DL:5.8MiB ETA:24m49s]
FILE: /Users/wilsonxu/Models/ornith-256k/llamacpp/models/Ornith-1.5-35B-Q6_K.gguf
-------------------------------------------------------------------------------

[#8b2ec5 18GiB/27GiB(68%) CN:8 DL:5.8MiB ETA:24m49s]
[#8b2ec5 18GiB/27GiB(68%) CN:8 DL:5.6MiB ETA:25m38s]
[#8b2ec5 18GiB/27GiB(68%) CN:8 DL:5.7MiB ETA:25m10s]
[#8b2ec5 18GiB/27GiB(69%) CN:8 DL:5.9MiB ETA:24m18s]
[#8b2ec5 18GiB/27GiB(69%) CN:8 DL:5.6MiB ETA:25m27s]
[#8b2ec5 18GiB/27GiB(69%) CN:8 DL:5.7MiB ETA:24m56s]
[#8b2ec5 18GiB/27GiB(69%) CN:8 DL:5.6MiB ETA:25m13s]
[#8b2ec5 18GiB/27GiB(69%) CN:8 DL:5.7MiB ETA:24m49s]
[#8b2ec5 18GiB/27GiB(69%) CN:8 DL:5.6MiB ETA:25m9s]
[#8b2ec5 18GiB/27GiB(69%) CN:8 DL:5.5MiB ETA:25m51s]
[#8b2ec5 18GiB/27GiB(69%) CN:8 DL:5.5MiB ETA:25m40s]
[#8b2ec5 18GiB/27GiB(69%) CN:8 DL:5.6MiB ETA:25m18s]
[#8b2ec5 18GiB/27GiB(69%) CN:8 DL:5.6MiB ETA:25m27s]
[#8b2ec5 18GiB/27GiB(69%) CN:8 DL:5.7MiB ETA:24m42s]
[#8b2ec5 18GiB/27GiB(69%) CN:8 DL:5.4MiB ETA:25m59s]
[#8b2ec5 18GiB/27GiB(69%) CN:8 DL:5.5MiB ETA:25m37s]
[#8b2ec5 18GiB/27GiB(69%) CN:8 DL:5.6MiB ETA:25m15s]
[#8b2ec5 18GiB/27GiB(69%) CN:8 DL:5.5MiB ETA:25m43s]
[#8b2ec5 18GiB/27GiB(69%) CN:8 DL:5.7MiB ETA:24m53s]
[#8b2ec5 18GiB/27GiB(69%) CN:8 DL:5.9MiB ETA:24m5s]
[#8b2ec5 18GiB/27GiB(69%) CN:8 DL:5.8MiB ETA:24m25s]
[#8b2ec5 18GiB/27GiB(69%) CN:8 DL:5.7MiB ETA:24m36s]
[#8b2ec5 18GiB/27GiB(69%) CN:8 DL:5.6MiB ETA:25m11s]
[#8b2ec5 18GiB/27GiB(69%) CN:8 DL:5.9MiB ETA:23m54s]
[#8b2ec5 18GiB/27GiB(69%) CN:8 DL:5.5MiB ETA:25m43s]
[#8b2ec5 18GiB/27GiB(69%) CN:8 DL:5.3MiB ETA:26m24s]
[#8b2ec5 18GiB/27GiB(69%) CN:8 DL:5.6MiB ETA:25m17s]
[#8b2ec5 18GiB/27GiB(69%) CN:8 DL:5.4MiB ETA:25m47s]
[#8b2ec5 18GiB/27GiB(69%) CN:8 DL:5.3MiB ETA:26m11s]
[#8b2ec5 18GiB/27GiB(69%) CN:8 DL:5.4MiB ETA:26m3s]
[#8b2ec5 18GiB/27GiB(69%) CN:8 DL:5.5MiB ETA:25m32s]
[#8b2ec5 18GiB/27GiB(69%) CN:8 DL:5.4MiB ETA:25m41s]
[#8b2ec5 18GiB/27GiB(69%) CN:8 DL:5.4MiB ETA:26m]
[#8b2ec5 18GiB/27GiB(69%) CN:8 DL:5.6MiB ETA:24m51s]
[#8b2ec5 18GiB/27GiB(69%) CN:8 DL:5.6MiB ETA:24m57s]
[#8b2ec5 18GiB/27GiB(69%) CN:8 DL:5.4MiB ETA:25m53s]
[#8b2ec5 18GiB/27GiB(69%) CN:8 DL:5.6MiB ETA:25m6s]
[#8b2ec5 18GiB/27GiB(69%) CN:8 DL:5.5MiB ETA:25m32s]
[#8b2ec5 18GiB/27GiB(69%) CN:8 DL:5.6MiB ETA:24m59s]
[#8b2ec5 18GiB/27GiB(69%) CN:8 DL:5.2MiB ETA:26m42s]
[#8b2ec5 18GiB/27GiB(69%) CN:8 DL:5.4MiB ETA:25m50s]
[#8b2ec5 18GiB/27GiB(69%) CN:8 DL:5.4MiB ETA:25m56s]
[#8b2ec5 18GiB/27GiB(69%) CN:8 DL:5.4MiB ETA:25m51s]
[#8b2ec5 18GiB/27GiB(69%) CN:8 DL:5.2MiB ETA:26m28s]
[#8b2ec5 19GiB/27GiB(69%) CN:8 DL:5.2MiB ETA:26m32s]
[#8b2ec5 19GiB/27GiB(69%) CN:8 DL:5.1MiB ETA:27m19s]
[#8b2ec5 19GiB/27GiB(69%) CN:8 DL:5.2MiB ETA:26m48s]
[#8b2ec5 19GiB/27GiB(69%) CN:8 DL:5.1MiB ETA:27m15s]
[#8b2ec5 19GiB/27GiB(69%) CN:8 DL:5.4MiB ETA:25m32s]
[#8b2ec5 19GiB/27GiB(69%) CN:8 DL:5.3MiB ETA:26m3s]
[#8b2ec5 19GiB/27GiB(69%) CN:8 DL:5.4MiB ETA:25m36s]
[#8b2ec5 19GiB/27GiB(70%) CN:8 DL:5.3MiB ETA:26m7s]
[#8b2ec5 19GiB/27GiB(70%) CN:8 DL:5.4MiB ETA:25m22s]
[#8b2ec5 19GiB/27GiB(70%) CN:8 DL:5.8MiB ETA:23m37s]
[#8b2ec5 19GiB/27GiB(70%) CN:8 DL:5.8MiB ETA:23m51s]
[#8b2ec5 19GiB/27GiB(70%) CN:8 DL:5.9MiB ETA:23m26s]
[#8b2ec5 19GiB/27GiB(70%) CN:8 DL:6.0MiB ETA:23m]
[#8b2ec5 19GiB/27GiB(70%) CN:8 DL:6.0MiB ETA:22m47s]

08/27 17:22:17 [[1;32mNOTICE[0m] CUID#20 - Redirecting to https://us.aws.cdn.hf.co/xet-bridge-us/6a83fdf1993fbb53ef83dbb1/c5e4bd4e5aead56c29af62fb4180f69b77a2f64cced4d117987bfbfb64860be4?X-Xet-Cas-Uid=public&response-content-disposition=inline%3B+filename*%3DUTF-8%27%27Ornith-1.5-35B-Q6_K.gguf%3B+filename%3D%22Ornith-1.5-35B-Q6_K.gguf%22%3B&user_id=public&Expires=1787826137&Policy=eyJTdGF0ZW1lbnQiOlt7IlJlc291cmNlIjoiaHR0cHM6Ly91cy5hd3MuY2RuLmhmLmNvL3hldC1icmlkZ2UtdXMvNmE4M2ZkZjE5OTNmYmI1M2VmODNkYmIxL2M1ZTRiZDRlNWFlYWQ1NmMyOWFmNjJmYjQxODBmNjliNzdhMmY2NGNjZWQ0ZDExNzk4N2JmYmZiNjQ4NjBiZTRcXD9YLVhldC1DYXMtVWlkPXB1YmxpYyZyZXNwb25zZS1jb250ZW50LWRpc3Bvc2l0aW9uPWlubGluZSUzQitmaWxlbmFtZSUyQSUzRFVURi04JTI3JTI3T3JuaXRoLTEuNS0zNUItUTZfSy5nZ3VmJTNCK2ZpbGVuYW1lJTNEJTIyT3JuaXRoLTEuNS0zNUItUTZfSy5nZ3VmJTIyJTNCJnVzZXJfaWQ9cHVibGljIiwiQ29uZGl0aW9uIjp7IkRhdGVMZXNzVGhhbiI6eyJFcG9jaFRpbWUiOjE3ODc4MjYxMzd9fX1dfQ__&Signature=MEYCIQCeTBCRzQOmEOONQ4qxEz4JeziL7tZJcSprvbVOQsL0xQIhALgnn7Oko1gYvjNE5a2GRLsInly5OtrjJQqcd%7Exx8VQQ&Key-Pair-Id=01KXEF4KZ1B6FV465MAWR4M21F
 *** Download Progress Summary as of Thu Aug 27 17:22:17 2026 *** 
===============================================================================
[#8b2ec5 19GiB/27GiB(70%) CN:8 DL:5.9MiB ETA:23m19s]
FILE: /Users/wilsonxu/Models/ornith-256k/llamacpp/models/Ornith-1.5-35B-Q6_K.gguf
-------------------------------------------------------------------------------

[#8b2ec5 19GiB/27GiB(70%) CN:8 DL:5.9MiB ETA:23m19s]
[#8b2ec5 19GiB/27GiB(70%) CN:8 DL:5.7MiB ETA:24m1s]

08/27 17:22:18 [[1;32mNOTICE[0m] CUID#18 - Redirecting to https://us.aws.cdn.hf.co/xet-bridge-us/6a83fdf1993fbb53ef83dbb1/c5e4bd4e5aead56c29af62fb4180f69b77a2f64cced4d117987bfbfb64860be4?X-Xet-Cas-Uid=public&user_id=public&response-content-disposition=inline%3B+filename*%3DUTF-8%27%27Ornith-1.5-35B-Q6_K.gguf%3B+filename%3D%22Ornith-1.5-35B-Q6_K.gguf%22%3B&Expires=1787826137&Policy=eyJTdGF0ZW1lbnQiOlt7IlJlc291cmNlIjoiaHR0cHM6Ly91cy5hd3MuY2RuLmhmLmNvL3hldC1icmlkZ2UtdXMvNmE4M2ZkZjE5OTNmYmI1M2VmODNkYmIxL2M1ZTRiZDRlNWFlYWQ1NmMyOWFmNjJmYjQxODBmNjliNzdhMmY2NGNjZWQ0ZDExNzk4N2JmYmZiNjQ4NjBiZTRcXD9YLVhldC1DYXMtVWlkPXB1YmxpYyZ1c2VyX2lkPXB1YmxpYyZyZXNwb25zZS1jb250ZW50LWRpc3Bvc2l0aW9uPWlubGluZSUzQitmaWxlbmFtZSUyQSUzRFVURi04JTI3JTI3T3JuaXRoLTEuNS0zNUItUTZfSy5nZ3VmJTNCK2ZpbGVuYW1lJTNEJTIyT3JuaXRoLTEuNS0zNUItUTZfSy5nZ3VmJTIyJTNCIiwiQ29uZGl0aW9uIjp7IkRhdGVMZXNzVGhhbiI6eyJFcG9jaFRpbWUiOjE3ODc4MjYxMzd9fX1dfQ__&Signature=MEYCIQDyidZhbDrF4hUjucy49fzSHNvoPbA3zH%7EiW7NrScqyRAIhAJly93jY0nggIg35m%7EGYPs1PG3Y1bhKfqxq18YgfVS9R&Key-Pair-Id=01KXEF4KZ1B6FV465MAWR4M21F
[#8b2ec5 19GiB/27GiB(70%) CN:8 DL:6.0MiB ETA:22m56s]
[#8b2ec5 19GiB/27GiB(70%) CN:8 DL:6.1MiB ETA:22m24s]
[#8b2ec5 19GiB/27GiB(70%) CN:8 DL:5.7MiB ETA:23m53s]
[#8b2ec5 19GiB/27GiB(70%) CN:8 DL:5.8MiB ETA:23m33s]
[#8b2ec5 19GiB/27GiB(70%) CN:8 DL:5.6MiB ETA:24m33s]
[#8b2ec5 19GiB/27GiB(70%) CN:8 DL:5.8MiB ETA:23m44s]
[#8b2ec5 19GiB/27GiB(70%) CN:8 DL:5.8MiB ETA:23m24s]
[#8b2ec5 19GiB/27GiB(70%) CN:8 DL:6.2MiB ETA:22m7s]
[#8b2ec5 19GiB/27GiB(70%) CN:8 DL:6.5MiB ETA:21m4s]
[#8b2ec5 19GiB/27GiB(70%) CN:8 DL:6.4MiB ETA:21m11s]
[#8b2ec5 19GiB/27GiB(70%) CN:8 DL:6.7MiB ETA:20m19s]
[#8b2ec5 19GiB/27GiB(70%) CN:8 DL:7.1MiB ETA:19m10s]
[#8b2ec5 19GiB/27GiB(70%) CN:8 DL:7.1MiB ETA:19m13s]
[#8b2ec5 19GiB/27GiB(70%) CN:8 DL:7.3MiB ETA:18m31s]
[#8b2ec5 19GiB/27GiB(70%) CN:8 DL:7.0MiB ETA:19m30s]
[#8b2ec5 19GiB/27GiB(70%) CN:8 DL:7.1MiB ETA:19m6s]
[#8b2ec5 19GiB/27GiB(70%) CN:8 DL:7.0MiB ETA:19m25s]
[#8b2ec5 19GiB/27GiB(70%) CN:8 DL:6.9MiB ETA:19m37s]
[#8b2ec5 19GiB/27GiB(70%) CN:8 DL:7.2MiB ETA:18m54s]
[#8b2ec5 19GiB/27GiB(70%) CN:8 DL:7.0MiB ETA:19m21s]
[#8b2ec5 19GiB/27GiB(70%) CN:8 DL:6.9MiB ETA:19m30s]
[#8b2ec5 19GiB/27GiB(70%) CN:8 DL:7.2MiB ETA:18m50s]
[#8b2ec5 19GiB/27GiB(70%) CN:8 DL:7.1MiB ETA:18m56s]
[#8b2ec5 19GiB/27GiB(70%) CN:8 DL:7.5MiB ETA:18m3s]
[#8b2ec5 19GiB/27GiB(70%) CN:8 DL:7.0MiB ETA:19m13s]
[#8b2ec5 19GiB/27GiB(70%) CN:8 DL:7.3MiB ETA:18m28s]
[#8b2ec5 19GiB/27GiB(70%) CN:8 DL:7.3MiB ETA:18m24s]
[#8b2ec5 19GiB/27GiB(70%) CN:8 DL:7.1MiB ETA:18m47s]
[#8b2ec5 19GiB/27GiB(70%) CN:8 DL:7.3MiB ETA:18m18s]
[#8b2ec5 19GiB/27GiB(70%) CN:8 DL:7.2MiB ETA:18m40s]
[#8b2ec5 19GiB/27GiB(71%) CN:8 DL:7.2MiB ETA:18m28s]

08/27 17:22:51 [[1;32mNOTICE[0m] CUID#22 - Redirecting to https://us.aws.cdn.hf.co/xet-bridge-us/6a83fdf1993fbb53ef83dbb1/c5e4bd4e5aead56c29af62fb4180f69b77a2f64cced4d117987bfbfb64860be4?X-Xet-Cas-Uid=public&response-content-disposition=inline%3B+filename*%3DUTF-8%27%27Ornith-1.5-35B-Q6_K.gguf%3B+filename%3D%22Ornith-1.5-35B-Q6_K.gguf%22%3B&user_id=public&Expires=1787826171&Policy=eyJTdGF0ZW1lbnQiOlt7IlJlc291cmNlIjoiaHR0cHM6Ly91cy5hd3MuY2RuLmhmLmNvL3hldC1icmlkZ2UtdXMvNmE4M2ZkZjE5OTNmYmI1M2VmODNkYmIxL2M1ZTRiZDRlNWFlYWQ1NmMyOWFmNjJmYjQxODBmNjliNzdhMmY2NGNjZWQ0ZDExNzk4N2JmYmZiNjQ4NjBiZTRcXD9YLVhldC1DYXMtVWlkPXB1YmxpYyZyZXNwb25zZS1jb250ZW50LWRpc3Bvc2l0aW9uPWlubGluZSUzQitmaWxlbmFtZSUyQSUzRFVURi04JTI3JTI3T3JuaXRoLTEuNS0zNUItUTZfSy5nZ3VmJTNCK2ZpbGVuYW1lJTNEJTIyT3JuaXRoLTEuNS0zNUItUTZfSy5nZ3VmJTIyJTNCJnVzZXJfaWQ9cHVibGljIiwiQ29uZGl0aW9uIjp7IkRhdGVMZXNzVGhhbiI6eyJFcG9jaFRpbWUiOjE3ODc4MjYxNzF9fX1dfQ__&Signature=MEUCIQDwECuftIvpN1joLPFiLKGaGQVNk2jjKRCNM%7Ee8NT06VQIgRL8GjPI6B3HVC48ioGrTILwbl9FBQ2Iz2e5B3FQtoBg_&Key-Pair-Id=01KXEF4KZ1B6FV465MAWR4M21F
[#8b2ec5 19GiB/27GiB(71%) CN:8 DL:7.2MiB ETA:18m26s]
[#8b2ec5 19GiB/27GiB(71%) CN:8 DL:7.1MiB ETA:18m50s]
[#8b2ec5 19GiB/27GiB(71%) CN:8 DL:7.5MiB ETA:17m48s]
[#8b2ec5 19GiB/27GiB(71%) CN:8 DL:7.2MiB ETA:18m24s]
[#8b2ec5 19GiB/27GiB(71%) CN:8 DL:7.4MiB ETA:17m55s]
[#8b2ec5 19GiB/27GiB(71%) CN:8 DL:7.7MiB ETA:17m20s]

08/27 17:22:58 [[1;31mERROR[0m] CUID#22 - Download aborted. URI=https://huggingface.co/ornith-ai/Ornith-1.5-35B-A3B-GGUF/resolve/main/Ornith-1.5-35B-Q6_K.gguf
Exception: [AbstractCommand.cc:351] errorCode=1 URI=https://huggingface.co/ornith-ai/Ornith-1.5-35B-A3B-GGUF/resolve/main/Ornith-1.5-35B-Q6_K.gguf
  -> [SocketCore.cc:1022] errorCode=1 SSL/TLS handshake failure: Connection aborted
[#8b2ec5 19GiB/27GiB(71%) CN:7 DL:7.5MiB ETA:17m49s]
[#8b2ec5 19GiB/27GiB(71%) CN:7 DL:6.9MiB ETA:19m15s]

08/27 17:23:00 [[1;32mNOTICE[0m] CUID#18 - Redirecting to https://us.aws.cdn.hf.co/xet-bridge-us/6a83fdf1993fbb53ef83dbb1/c5e4bd4e5aead56c29af62fb4180f69b77a2f64cced4d117987bfbfb64860be4?user_id=public&X-Xet-Cas-Uid=public&response-content-disposition=inline%3B+filename*%3DUTF-8%27%27Ornith-1.5-35B-Q6_K.gguf%3B+filename%3D%22Ornith-1.5-35B-Q6_K.gguf%22%3B&Expires=1787826179&Policy=eyJTdGF0ZW1lbnQiOlt7IlJlc291cmNlIjoiaHR0cHM6Ly91cy5hd3MuY2RuLmhmLmNvL3hldC1icmlkZ2UtdXMvNmE4M2ZkZjE5OTNmYmI1M2VmODNkYmIxL2M1ZTRiZDRlNWFlYWQ1NmMyOWFmNjJmYjQxODBmNjliNzdhMmY2NGNjZWQ0ZDExNzk4N2JmYmZiNjQ4NjBiZTRcXD91c2VyX2lkPXB1YmxpYyZYLVhldC1DYXMtVWlkPXB1YmxpYyZyZXNwb25zZS1jb250ZW50LWRpc3Bvc2l0aW9uPWlubGluZSUzQitmaWxlbmFtZSUyQSUzRFVURi04JTI3JTI3T3JuaXRoLTEuNS0zNUItUTZfSy5nZ3VmJTNCK2ZpbGVuYW1lJTNEJTIyT3JuaXRoLTEuNS0zNUItUTZfSy5nZ3VmJTIyJTNCIiwiQ29uZGl0aW9uIjp7IkRhdGVMZXNzVGhhbiI6eyJFcG9jaFRpbWUiOjE3ODc4MjYxNzl9fX1dfQ__&Signature=MEUCIQCRpoy914ZHAk0FSWyg1QQ1Ae8Ec7R4TQJzxNKqHksKrwIgEMuNAtxwM%7E52fJEAWoj2oma7RVpKm3aZftBTkwMENoc_&Key-Pair-Id=01KXEF4KZ1B6FV465MAWR4M21F
[#8b2ec5 19GiB/27GiB(71%) CN:7 DL:6.1MiB ETA:21m45s]

08/27 17:23:00 [[1;32mNOTICE[0m] CUID#21 - Redirecting to https://us.aws.cdn.hf.co/xet-bridge-us/6a83fdf1993fbb53ef83dbb1/c5e4bd4e5aead56c29af62fb4180f69b77a2f64cced4d117987bfbfb64860be4?X-Xet-Cas-Uid=public&response-content-disposition=inline%3B+filename*%3DUTF-8%27%27Ornith-1.5-35B-Q6_K.gguf%3B+filename%3D%22Ornith-1.5-35B-Q6_K.gguf%22%3B&user_id=public&Expires=1787826180&Policy=eyJTdGF0ZW1lbnQiOlt7IlJlc291cmNlIjoiaHR0cHM6Ly91cy5hd3MuY2RuLmhmLmNvL3hldC1icmlkZ2UtdXMvNmE4M2ZkZjE5OTNmYmI1M2VmODNkYmIxL2M1ZTRiZDRlNWFlYWQ1NmMyOWFmNjJmYjQxODBmNjliNzdhMmY2NGNjZWQ0ZDExNzk4N2JmYmZiNjQ4NjBiZTRcXD9YLVhldC1DYXMtVWlkPXB1YmxpYyZyZXNwb25zZS1jb250ZW50LWRpc3Bvc2l0aW9uPWlubGluZSUzQitmaWxlbmFtZSUyQSUzRFVURi04JTI3JTI3T3JuaXRoLTEuNS0zNUItUTZfSy5nZ3VmJTNCK2ZpbGVuYW1lJTNEJTIyT3JuaXRoLTEuNS0zNUItUTZfSy5nZ3VmJTIyJTNCJnVzZXJfaWQ9cHVibGljIiwiQ29uZGl0aW9uIjp7IkRhdGVMZXNzVGhhbiI6eyJFcG9jaFRpbWUiOjE3ODc4MjYxODB9fX1dfQ__&Signature=MEUCIBDVvhopEDUpduOtDCob3lsPHsu7kV3C9XlDuuUhOT1%7EAiEAl2W14cYtaeZEiH9RVpjvMHaCfdvhnYCcEkS6XD4%7EYPs_&Key-Pair-Id=01KXEF4KZ1B6FV465MAWR4M21F

08/27 17:23:00 [[1;32mNOTICE[0m] CUID#19 - Redirecting to https://us.aws.cdn.hf.co/xet-bridge-us/6a83fdf1993fbb53ef83dbb1/c5e4bd4e5aead56c29af62fb4180f69b77a2f64cced4d117987bfbfb64860be4?response-content-disposition=inline%3B+filename*%3DUTF-8%27%27Ornith-1.5-35B-Q6_K.gguf%3B+filename%3D%22Ornith-1.5-35B-Q6_K.gguf%22%3B&X-Xet-Cas-Uid=public&user_id=public&Expires=1787826180&Policy=eyJTdGF0ZW1lbnQiOlt7IlJlc291cmNlIjoiaHR0cHM6Ly91cy5hd3MuY2RuLmhmLmNvL3hldC1icmlkZ2UtdXMvNmE4M2ZkZjE5OTNmYmI1M2VmODNkYmIxL2M1ZTRiZDRlNWFlYWQ1NmMyOWFmNjJmYjQxODBmNjliNzdhMmY2NGNjZWQ0ZDExNzk4N2JmYmZiNjQ4NjBiZTRcXD9yZXNwb25zZS1jb250ZW50LWRpc3Bvc2l0aW9uPWlubGluZSUzQitmaWxlbmFtZSUyQSUzRFVURi04JTI3JTI3T3JuaXRoLTEuNS0zNUItUTZfSy5nZ3VmJTNCK2ZpbGVuYW1lJTNEJTIyT3JuaXRoLTEuNS0zNUItUTZfSy5nZ3VmJTIyJTNCJlgtWGV0LUNhcy1VaWQ9cHVibGljJnVzZXJfaWQ9cHVibGljIiwiQ29uZGl0aW9uIjp7IkRhdGVMZXNzVGhhbiI6eyJFcG9jaFRpbWUiOjE3ODc4MjYxODB9fX1dfQ__&Signature=MEQCIBOKTl8Wj-EsG7cywdThJ0C2PtMu7cRBMlVKcj65dOP9AiBNFyX9yqoOAb5-MfRIFLiKSlcefv5KOcO-LW%7ESay2uLw__&Key-Pair-Id=01KXEF4KZ1B6FV465MAWR4M21F

08/27 17:23:01 [[1;32mNOTICE[0m] CUID#14 - Redirecting to https://us.aws.cdn.hf.co/xet-bridge-us/6a83fdf1993fbb53ef83dbb1/c5e4bd4e5aead56c29af62fb4180f69b77a2f64cced4d117987bfbfb64860be4?response-content-disposition=inline%3B+filename*%3DUTF-8%27%27Ornith-1.5-35B-Q6_K.gguf%3B+filename%3D%22Ornith-1.5-35B-Q6_K.gguf%22%3B&X-Xet-Cas-Uid=public&user_id=public&Expires=1787826180&Policy=eyJTdGF0ZW1lbnQiOlt7IlJlc291cmNlIjoiaHR0cHM6Ly91cy5hd3MuY2RuLmhmLmNvL3hldC1icmlkZ2UtdXMvNmE4M2ZkZjE5OTNmYmI1M2VmODNkYmIxL2M1ZTRiZDRlNWFlYWQ1NmMyOWFmNjJmYjQxODBmNjliNzdhMmY2NGNjZWQ0ZDExNzk4N2JmYmZiNjQ4NjBiZTRcXD9yZXNwb25zZS1jb250ZW50LWRpc3Bvc2l0aW9uPWlubGluZSUzQitmaWxlbmFtZSUyQSUzRFVURi04JTI3JTI3T3JuaXRoLTEuNS0zNUItUTZfSy5nZ3VmJTNCK2ZpbGVuYW1lJTNEJTIyT3JuaXRoLTEuNS0zNUItUTZfSy5nZ3VmJTIyJTNCJlgtWGV0LUNhcy1VaWQ9cHVibGljJnVzZXJfaWQ9cHVibGljIiwiQ29uZGl0aW9uIjp7IkRhdGVMZXNzVGhhbiI6eyJFcG9jaFRpbWUiOjE3ODc4MjYxODB9fX1dfQ__&Signature=MEQCIBOKTl8Wj-EsG7cywdThJ0C2PtMu7cRBMlVKcj65dOP9AiBNFyX9yqoOAb5-MfRIFLiKSlcefv5KOcO-LW%7ESay2uLw__&Key-Pair-Id=01KXEF4KZ1B6FV465MAWR4M21F
[#8b2ec5 19GiB/27GiB(71%) CN:7 DL:5.5MiB ETA:24m11s]
[#8b2ec5 19GiB/27GiB(71%) CN:7 DL:4.8MiB ETA:27m25s]
[#8b2ec5 19GiB/27GiB(71%) CN:7 DL:4.0MiB ETA:32m42s]
[#8b2ec5 19GiB/27GiB(71%) CN:7 DL:3.5MiB ETA:37m41s]
[#8b2ec5 19GiB/27GiB(71%) CN:7 DL:3.0MiB ETA:43m55s]

08/27 17:23:06 [[1;32mNOTICE[0m] CUID#20 - Redirecting to https://us.aws.cdn.hf.co/xet-bridge-us/6a83fdf1993fbb53ef83dbb1/c5e4bd4e5aead56c29af62fb4180f69b77a2f64cced4d117987bfbfb64860be4?response-content-disposition=inline%3B+filename*%3DUTF-8%27%27Ornith-1.5-35B-Q6_K.gguf%3B+filename%3D%22Ornith-1.5-35B-Q6_K.gguf%22%3B&user_id=public&X-Xet-Cas-Uid=public&Expires=1787826186&Policy=eyJTdGF0ZW1lbnQiOlt7IlJlc291cmNlIjoiaHR0cHM6Ly91cy5hd3MuY2RuLmhmLmNvL3hldC1icmlkZ2UtdXMvNmE4M2ZkZjE5OTNmYmI1M2VmODNkYmIxL2M1ZTRiZDRlNWFlYWQ1NmMyOWFmNjJmYjQxODBmNjliNzdhMmY2NGNjZWQ0ZDExNzk4N2JmYmZiNjQ4NjBiZTRcXD9yZXNwb25zZS1jb250ZW50LWRpc3Bvc2l0aW9uPWlubGluZSUzQitmaWxlbmFtZSUyQSUzRFVURi04JTI3JTI3T3JuaXRoLTEuNS0zNUItUTZfSy5nZ3VmJTNCK2ZpbGVuYW1lJTNEJTIyT3JuaXRoLTEuNS0zNUItUTZfSy5nZ3VmJTIyJTNCJnVzZXJfaWQ9cHVibGljJlgtWGV0LUNhcy1VaWQ9cHVibGljIiwiQ29uZGl0aW9uIjp7IkRhdGVMZXNzVGhhbiI6eyJFcG9jaFRpbWUiOjE3ODc4MjYxODZ9fX1dfQ__&Signature=MEUCIFwvpN7SjLa84UMn4LrxZT0lgpoGhQO%7EcVYbnFsCzg9GAiEAxULjIaLKdG5ZCyKcyttvASB87gReGzIvtziSlVDIGPA_&Key-Pair-Id=01KXEF4KZ1B6FV465MAWR4M21F
[#8b2ec5 19GiB/27GiB(71%) CN:7 DL:2.5MiB ETA:52m31s]

08/27 17:23:07 [[1;32mNOTICE[0m] CUID#17 - Redirecting to https://us.aws.cdn.hf.co/xet-bridge-us/6a83fdf1993fbb53ef83dbb1/c5e4bd4e5aead56c29af62fb4180f69b77a2f64cced4d117987bfbfb64860be4?X-Xet-Cas-Uid=public&response-content-disposition=inline%3B+filename*%3DUTF-8%27%27Ornith-1.5-35B-Q6_K.gguf%3B+filename%3D%22Ornith-1.5-35B-Q6_K.gguf%22%3B&user_id=public&Expires=1787826186&Policy=eyJTdGF0ZW1lbnQiOlt7IlJlc291cmNlIjoiaHR0cHM6Ly91cy5hd3MuY2RuLmhmLmNvL3hldC1icmlkZ2UtdXMvNmE4M2ZkZjE5OTNmYmI1M2VmODNkYmIxL2M1ZTRiZDRlNWFlYWQ1NmMyOWFmNjJmYjQxODBmNjliNzdhMmY2NGNjZWQ0ZDExNzk4N2JmYmZiNjQ4NjBiZTRcXD9YLVhldC1DYXMtVWlkPXB1YmxpYyZyZXNwb25zZS1jb250ZW50LWRpc3Bvc2l0aW9uPWlubGluZSUzQitmaWxlbmFtZSUyQSUzRFVURi04JTI3JTI3T3JuaXRoLTEuNS0zNUItUTZfSy5nZ3VmJTNCK2ZpbGVuYW1lJTNEJTIyT3JuaXRoLTEuNS0zNUItUTZfSy5nZ3VmJTIyJTNCJnVzZXJfaWQ9cHVibGljIiwiQ29uZGl0aW9uIjp7IkRhdGVMZXNzVGhhbiI6eyJFcG9jaFRpbWUiOjE3ODc4MjYxODZ9fX1dfQ__&Signature=MEUCIQCWkrNTTuWKR829MXB6UyJ40gIff7TwXnlQLrcVZxbfewIgZkE1KXW7kyJARjKhVfUdfLGw1P0oxvyqNKx52%7Ed1abc_&Key-Pair-Id=01KXEF4KZ1B6FV465MAWR4M21F
[#8b2ec5 19GiB/27GiB(71%) CN:7 DL:2.4MiB ETA:54m11s]
[#8b2ec5 19GiB/27GiB(71%) CN:7 DL:2.8MiB ETA:47m25s]
[#8b2ec5 19GiB/27GiB(71%) CN:7 DL:3.5MiB ETA:37m12s]
[#8b2ec5 19GiB/27GiB(71%) CN:7 DL:4.4MiB ETA:30m5s]
[#8b2ec5 19GiB/27GiB(71%) CN:7 DL:5.2MiB ETA:25m8s]

08/27 17:23:13 [[1;32mNOTICE[0m] CUID#23 - Redirecting to https://us.aws.cdn.hf.co/xet-bridge-us/6a83fdf1993fbb53ef83dbb1/c5e4bd4e5aead56c29af62fb4180f69b77a2f64cced4d117987bfbfb64860be4?user_id=public&X-Xet-Cas-Uid=public&response-content-disposition=inline%3B+filename*%3DUTF-8%27%27Ornith-1.5-35B-Q6_K.gguf%3B+filename%3D%22Ornith-1.5-35B-Q6_K.gguf%22%3B&Expires=1787826191&Policy=eyJTdGF0ZW1lbnQiOlt7IlJlc291cmNlIjoiaHR0cHM6Ly91cy5hd3MuY2RuLmhmLmNvL3hldC1icmlkZ2UtdXMvNmE4M2ZkZjE5OTNmYmI1M2VmODNkYmIxL2M1ZTRiZDRlNWFlYWQ1NmMyOWFmNjJmYjQxODBmNjliNzdhMmY2NGNjZWQ0ZDExNzk4N2JmYmZiNjQ4NjBiZTRcXD91c2VyX2lkPXB1YmxpYyZYLVhldC1DYXMtVWlkPXB1YmxpYyZyZXNwb25zZS1jb250ZW50LWRpc3Bvc2l0aW9uPWlubGluZSUzQitmaWxlbmFtZSUyQSUzRFVURi04JTI3JTI3T3JuaXRoLTEuNS0zNUItUTZfSy5nZ3VmJTNCK2ZpbGVuYW1lJTNEJTIyT3JuaXRoLTEuNS0zNUItUTZfSy5nZ3VmJTIyJTNCIiwiQ29uZGl0aW9uIjp7IkRhdGVMZXNzVGhhbiI6eyJFcG9jaFRpbWUiOjE3ODc4MjYxOTF9fX1dfQ__&Signature=MEQCIH67oFLDFW%7EUo-gbfLaVhfUktK7aNWat6B%7ElrxAv7F%7EXAiAoBhZQhoZJ%7EDswlQ76V7YGq5%7EK84slNazPeUVkjgb3zQ__&Key-Pair-Id=01KXEF4KZ1B6FV465MAWR4M21F
[#8b2ec5 19GiB/27GiB(71%) CN:7 DL:6.6MiB ETA:19m49s]
[#8b2ec5 19GiB/27GiB(71%) CN:7 DL:7.3MiB ETA:18m7s]
[#8b2ec5 19GiB/27GiB(71%) CN:7 DL:8.1MiB ETA:16m11s]
[#8b2ec5 19GiB/27GiB(71%) CN:7 DL:8.6MiB ETA:15m20s]
[#8b2ec5 19GiB/27GiB(71%) CN:7 DL:9.1MiB ETA:14m23s]
 *** Download Progress Summary as of Thu Aug 27 17:23:18 2026 *** 
===============================================================================
[#8b2ec5 19GiB/27GiB(71%) CN:7 DL:9.5MiB ETA:13m47s]
FILE: /Users/wilsonxu/Models/ornith-256k/llamacpp/models/Ornith-1.5-35B-Q6_K.gguf
-------------------------------------------------------------------------------

[#8b2ec5 19GiB/27GiB(71%) CN:7 DL:9.5MiB ETA:13m47s]
[#8b2ec5 19GiB/27GiB(71%) CN:7 DL:10MiB ETA:12m57s]
[#8b2ec5 19GiB/27GiB(71%) CN:7 DL:10MiB ETA:12m14s]
[#8b2ec5 19GiB/27GiB(71%) CN:7 DL:11MiB ETA:11m46s]
[#8b2ec5 19GiB/27GiB(71%) CN:7 DL:11MiB ETA:11m34s]
[#8b2ec5 19GiB/27GiB(71%) CN:7 DL:11MiB ETA:11m6s]
[#8b2ec5 19GiB/27GiB(71%) CN:7 DL:11MiB ETA:11m14s]
[#8b2ec5 19GiB/27GiB(71%) CN:7 DL:11MiB ETA:10m52s]
[#8b2ec5 19GiB/27GiB(72%) CN:7 DL:12MiB ETA:10m41s]
[#8b2ec5 19GiB/27GiB(72%) CN:7 DL:12MiB ETA:10m13s]
[#8b2ec5 19GiB/27GiB(72%) CN:7 DL:12MiB ETA:10m13s]
[#8b2ec5 19GiB/27GiB(72%) CN:7 DL:12MiB ETA:10m13s]
[#8b2ec5 19GiB/27GiB(72%) CN:7 DL:12MiB ETA:10m17s]
[#8b2ec5 19GiB/27GiB(72%) CN:7 DL:12MiB ETA:10m17s]
[#8b2ec5 19GiB/27GiB(72%) CN:7 DL:12MiB ETA:10m9s]
[#8b2ec5 19GiB/27GiB(72%) CN:7 DL:13MiB ETA:9m52s]
[#8b2ec5 19GiB/27GiB(72%) CN:7 DL:12MiB ETA:10m9s]
[#8b2ec5 19GiB/27GiB(72%) CN:7 DL:12MiB ETA:10m5s]
[#8b2ec5 19GiB/27GiB(72%) CN:7 DL:12MiB ETA:9m54s]
[#8b2ec5 19GiB/27GiB(72%) CN:7 DL:12MiB ETA:10m12s]
[#8b2ec5 19GiB/27GiB(72%) CN:7 DL:12MiB ETA:10m3s]
[#8b2ec5 19GiB/27GiB(72%) CN:7 DL:12MiB ETA:9m50s]
[#8b2ec5 19GiB/27GiB(72%) CN:7 DL:12MiB ETA:9m57s]
[#8b2ec5 19GiB/27GiB(72%) CN:7 DL:12MiB ETA:10m8s]
[#8b2ec5 19GiB/27GiB(72%) CN:7 DL:12MiB ETA:10m9s]
[#8b2ec5 19GiB/27GiB(72%) CN:7 DL:12MiB ETA:9m48s]
[#8b2ec5 19GiB/27GiB(72%) CN:7 DL:12MiB ETA:10m16s]
[#8b2ec5 19GiB/27GiB(72%) CN:7 DL:11MiB ETA:10m29s]
[#8b2ec5 19GiB/27GiB(72%) CN:7 DL:12MiB ETA:10m15s]
[#8b2ec5 19GiB/27GiB(72%) CN:7 DL:11MiB ETA:10m32s]
[#8b2ec5 19GiB/27GiB(73%) CN:7 DL:11MiB ETA:10m54s]
[#8b2ec5 19GiB/27GiB(73%) CN:7 DL:11MiB ETA:10m43s]
[#8b2ec5 19GiB/27GiB(73%) CN:7 DL:11MiB ETA:10m47s]
[#8b2ec5 19GiB/27GiB(73%) CN:7 DL:11MiB ETA:10m58s]
[#8b2ec5 19GiB/27GiB(73%) CN:7 DL:11MiB ETA:11m7s]
[#8b2ec5 19GiB/27GiB(73%) CN:7 DL:11MiB ETA:10m45s]
[#8b2ec5 19GiB/27GiB(73%) CN:7 DL:10MiB ETA:11m21s]
[#8b2ec5 19GiB/27GiB(73%) CN:7 DL:11MiB ETA:11m7s]
[#8b2ec5 19GiB/27GiB(73%) CN:7 DL:11MiB ETA:11m9s]
[#8b2ec5 19GiB/27GiB(73%) CN:7 DL:11MiB ETA:10m49s]
[#8b2ec5 19GiB/27GiB(73%) CN:7 DL:10MiB ETA:11m26s]
[#8b2ec5 19GiB/27GiB(73%) CN:7 DL:11MiB ETA:11m1s]
[#8b2ec5 20GiB/27GiB(73%) CN:7 DL:11MiB ETA:11m8s]
[#8b2ec5 20GiB/27GiB(73%) CN:7 DL:11MiB ETA:10m53s]
[#8b2ec5 20GiB/27GiB(73%) CN:7 DL:11MiB ETA:10m45s]
[#8b2ec5 20GiB/27GiB(73%) CN:7 DL:11MiB ETA:10m19s]
[#8b2ec5 20GiB/27GiB(73%) CN:7 DL:11MiB ETA:10m49s]
[#8b2ec5 20GiB/27GiB(73%) CN:7 DL:11MiB ETA:10m55s]
[#8b2ec5 20GiB/27GiB(73%) CN:7 DL:11MiB ETA:10m57s]
[#8b2ec5 20GiB/27GiB(73%) CN:7 DL:11MiB ETA:10m59s]
[#8b2ec5 20GiB/27GiB(73%) CN:7 DL:10MiB ETA:11m10s]
[#8b2ec5 20GiB/27GiB(73%) CN:7 DL:11MiB ETA:10m54s]
[#8b2ec5 20GiB/27GiB(73%) CN:7 DL:10MiB ETA:11m25s]
[#8b2ec5 20GiB/27GiB(73%) CN:7 DL:10MiB ETA:11m17s]
[#8b2ec5 20GiB/27GiB(74%) CN:7 DL:10MiB ETA:11m38s]
[#8b2ec5 20GiB/27GiB(74%) CN:7 DL:10MiB ETA:11m20s]
[#8b2ec5 20GiB/27GiB(74%) CN:7 DL:10MiB ETA:11m39s]
[#8b2ec5 20GiB/27GiB(74%) CN:7 DL:10MiB ETA:11m46s]
 *** Download Progress Summary as of Thu Aug 27 17:24:19 2026 *** 
===============================================================================
[#8b2ec5 20GiB/27GiB(74%) CN:7 DL:10MiB ETA:11m46s]
FILE: /Users/wilsonxu/Models/ornith-256k/llamacpp/models/Ornith-1.5-35B-Q6_K.gguf
-------------------------------------------------------------------------------

[#8b2ec5 20GiB/27GiB(74%) CN:7 DL:10MiB ETA:11m46s]
[#8b2ec5 20GiB/27GiB(74%) CN:7 DL:10MiB ETA:11m54s]
[#8b2ec5 20GiB/27GiB(74%) CN:7 DL:10MiB ETA:11m54s]
[#8b2ec5 20GiB/27GiB(74%) CN:7 DL:10MiB ETA:11m38s]
[#8b2ec5 20GiB/27GiB(74%) CN:7 DL:9.9MiB ETA:12m]
[#8b2ec5 20GiB/27GiB(74%) CN:7 DL:10MiB ETA:11m38s]
[#8b2ec5 20GiB/27GiB(74%) CN:7 DL:10MiB ETA:11m32s]
[#8b2ec5 20GiB/27GiB(74%) CN:7 DL:10MiB ETA:10m59s]
[#8b2ec5 20GiB/27GiB(74%) CN:7 DL:10MiB ETA:11m28s]
[#8b2ec5 20GiB/27GiB(74%) CN:7 DL:10MiB ETA:11m20s]
[#8b2ec5 20GiB/27GiB(74%) CN:7 DL:10MiB ETA:11m12s]
[#8b2ec5 20GiB/27GiB(74%) CN:7 DL:10MiB ETA:11m31s]
[#8b2ec5 20GiB/27GiB(74%) CN:7 DL:10MiB ETA:11m27s]
[#8b2ec5 20GiB/27GiB(74%) CN:7 DL:9.9MiB ETA:11m47s]
[#8b2ec5 20GiB/27GiB(74%) CN:7 DL:10MiB ETA:11m35s]
[#8b2ec5 20GiB/27GiB(74%) CN:7 DL:9.9MiB ETA:11m45s]
[#8b2ec5 20GiB/27GiB(74%) CN:7 DL:9.6MiB ETA:12m4s]
[#8b2ec5 20GiB/27GiB(74%) CN:7 DL:10MiB ETA:11m28s]
[#8b2ec5 20GiB/27GiB(74%) CN:7 DL:9.7MiB ETA:11m56s]
[#8b2ec5 20GiB/27GiB(74%) CN:7 DL:9.8MiB ETA:11m51s]
[#8b2ec5 20GiB/27GiB(74%) CN:7 DL:9.9MiB ETA:11m38s]
[#8b2ec5 20GiB/27GiB(74%) CN:7 DL:9.8MiB ETA:11m51s]
[#8b2ec5 20GiB/27GiB(74%) CN:7 DL:9.9MiB ETA:11m41s]
[#8b2ec5 20GiB/27GiB(75%) CN:7 DL:9.8MiB ETA:11m45s]
[#8b2ec5 20GiB/27GiB(75%) CN:7 DL:9.8MiB ETA:11m45s]
[#8b2ec5 20GiB/27GiB(75%) CN:7 DL:9.8MiB ETA:11m43s]
[#8b2ec5 20GiB/27GiB(75%) CN:7 DL:9.5MiB ETA:12m1s]
[#8b2ec5 20GiB/27GiB(75%) CN:7 DL:10MiB ETA:11m25s]
[#8b2ec5 20GiB/27GiB(75%) CN:7 DL:9.5MiB ETA:11m59s]
[#8b2ec5 20GiB/27GiB(75%) CN:7 DL:9.4MiB ETA:12m6s]
[#8b2ec5 20GiB/27GiB(75%) CN:7 DL:9.3MiB ETA:12m19s]
[#8b2ec5 20GiB/27GiB(75%) CN:7 DL:9.2MiB ETA:12m25s]
[#8b2ec5 20GiB/27GiB(75%) CN:7 DL:9.1MiB ETA:12m30s]
[#8b2ec5 20GiB/27GiB(75%) CN:7 DL:8.9MiB ETA:12m44s]
[#8b2ec5 20GiB/27GiB(75%) CN:7 DL:8.8MiB ETA:12m52s]
[#8b2ec5 20GiB/27GiB(75%) CN:7 DL:8.9MiB ETA:12m47s]
[#8b2ec5 20GiB/27GiB(75%) CN:7 DL:8.8MiB ETA:12m49s]
[#8b2ec5 20GiB/27GiB(75%) CN:7 DL:9.1MiB ETA:12m29s]
[#8b2ec5 20GiB/27GiB(75%) CN:7 DL:8.7MiB ETA:12m55s]
[#8b2ec5 20GiB/27GiB(75%) CN:7 DL:8.7MiB ETA:12m56s]
[#8b2ec5 20GiB/27GiB(75%) CN:7 DL:9.2MiB ETA:12m14s]
[#8b2ec5 20GiB/27GiB(75%) CN:7 DL:8.8MiB ETA:12m50s]
[#8b2ec5 20GiB/27GiB(75%) CN:7 DL:8.7MiB ETA:12m52s]
[#8b2ec5 20GiB/27GiB(75%) CN:7 DL:8.9MiB ETA:12m33s]
[#8b2ec5 20GiB/27GiB(75%) CN:7 DL:9.1MiB ETA:12m20s]
[#8b2ec5 20GiB/27GiB(75%) CN:7 DL:8.6MiB ETA:12m55s]
[#8b2ec5 20GiB/27GiB(75%) CN:7 DL:8.7MiB ETA:12m48s]
[#8b2ec5 20GiB/27GiB(75%) CN:7 DL:8.7MiB ETA:12m45s]
[#8b2ec5 20GiB/27GiB(75%) CN:7 DL:8.7MiB ETA:12m52s]
[#8b2ec5 20GiB/27GiB(75%) CN:7 DL:8.1MiB ETA:13m38s]
[#8b2ec5 20GiB/27GiB(75%) CN:7 DL:8.4MiB ETA:13m13s]
[#8b2ec5 20GiB/27GiB(75%) CN:7 DL:8.4MiB ETA:13m13s]
[#8b2ec5 20GiB/27GiB(75%) CN:7 DL:8.2MiB ETA:13m31s]
[#8b2ec5 20GiB/27GiB(76%) CN:7 DL:7.8MiB ETA:14m13s]
[#8b2ec5 20GiB/27GiB(76%) CN:7 DL:8.1MiB ETA:13m41s]
[#8b2ec5 20GiB/27GiB(76%) CN:7 DL:7.9MiB ETA:14m]
[#8b2ec5 20GiB/27GiB(76%) CN:7 DL:8.2MiB ETA:13m27s]
[#8b2ec5 20GiB/27GiB(76%) CN:7 DL:8.4MiB ETA:13m7s]
 *** Download Progress Summary as of Thu Aug 27 17:25:20 2026 *** 
===============================================================================
[#8b2ec5 20GiB/27GiB(76%) CN:7 DL:8.2MiB ETA:13m20s]
FILE: /Users/wilsonxu/Models/ornith-256k/llamacpp/models/Ornith-1.5-35B-Q6_K.gguf
-------------------------------------------------------------------------------

[#8b2ec5 20GiB/27GiB(76%) CN:7 DL:8.2MiB ETA:13m20s]
[#8b2ec5 20GiB/27GiB(76%) CN:7 DL:7.6MiB ETA:14m28s]
[#8b2ec5 20GiB/27GiB(76%) CN:7 DL:8.0MiB ETA:13m44s]
[#8b2ec5 20GiB/27GiB(76%) CN:7 DL:8.0MiB ETA:13m37s]
[#8b2ec5 20GiB/27GiB(76%) CN:7 DL:8.3MiB ETA:13m9s]
[#8b2ec5 20GiB/27GiB(76%) CN:7 DL:8.0MiB ETA:13m41s]
[#8b2ec5 20GiB/27GiB(76%) CN:7 DL:8.0MiB ETA:13m42s]
[#8b2ec5 20GiB/27GiB(76%) CN:7 DL:8.0MiB ETA:13m34s]
[#8b2ec5 20GiB/27GiB(76%) CN:7 DL:7.8MiB ETA:13m59s]
[#8b2ec5 20GiB/27GiB(76%) CN:7 DL:8.1MiB ETA:13m22s]
[#8b2ec5 20GiB/27GiB(76%) CN:7 DL:8.6MiB ETA:12m35s]
[#8b2ec5 20GiB/27GiB(76%) CN:7 DL:8.2MiB ETA:13m8s]
[#8b2ec5 20GiB/27GiB(76%) CN:7 DL:8.1MiB ETA:13m20s]
[#8b2ec5 20GiB/27GiB(76%) CN:7 DL:8.3MiB ETA:13m4s]
[#8b2ec5 20GiB/27GiB(76%) CN:7 DL:8.5MiB ETA:12m41s]
[#8b2ec5 20GiB/27GiB(76%) CN:7 DL:8.6MiB ETA:12m34s]
[#8b2ec5 20GiB/27GiB(76%) CN:7 DL:8.5MiB ETA:12m43s]
[#8b2ec5 20GiB/27GiB(76%) CN:7 DL:9.0MiB ETA:11m55s]
[#8b2ec5 20GiB/27GiB(76%) CN:7 DL:9.1MiB ETA:11m50s]
[#8b2ec5 20GiB/27GiB(76%) CN:7 DL:9.2MiB ETA:11m36s]
[#8b2ec5 20GiB/27GiB(76%) CN:7 DL:9.1MiB ETA:11m45s]
[#8b2ec5 20GiB/27GiB(76%) CN:7 DL:9.1MiB ETA:11m44s]
[#8b2ec5 20GiB/27GiB(76%) CN:7 DL:9.0MiB ETA:11m50s]
[#8b2ec5 20GiB/27GiB(76%) CN:7 DL:8.9MiB ETA:11m54s]
[#8b2ec5 20GiB/27GiB(76%) CN:7 DL:9.0MiB ETA:11m45s]
[#8b2ec5 20GiB/27GiB(77%) CN:7 DL:9.2MiB ETA:11m34s]
[#8b2ec5 20GiB/27GiB(77%) CN:7 DL:9.2MiB ETA:11m34s]
[#8b2ec5 20GiB/27GiB(77%) CN:7 DL:9.3MiB ETA:11m26s]
[#8b2ec5 20GiB/27GiB(77%) CN:7 DL:9.3MiB ETA:11m22s]
[#8b2ec5 20GiB/27GiB(77%) CN:7 DL:9.5MiB ETA:11m8s]
[#8b2ec5 20GiB/27GiB(77%) CN:7 DL:9.5MiB ETA:11m5s]
[#8b2ec5 21GiB/27GiB(77%) CN:7 DL:9.5MiB ETA:11m7s]
[#8b2ec5 21GiB/27GiB(77%) CN:7 DL:9.7MiB ETA:10m46s]
[#8b2ec5 21GiB/27GiB(77%) CN:7 DL:9.7MiB ETA:10m51s]
[#8b2ec5 21GiB/27GiB(77%) CN:7 DL:9.3MiB ETA:11m12s]
[#8b2ec5 21GiB/27GiB(77%) CN:7 DL:9.2MiB ETA:11m20s]
[#8b2ec5 21GiB/27GiB(77%) CN:7 DL:9.1MiB ETA:11m24s]
[#8b2ec5 21GiB/27GiB(77%) CN:7 DL:9.2MiB ETA:11m22s]
[#8b2ec5 21GiB/27GiB(77%) CN:7 DL:9.3MiB ETA:11m11s]
[#8b2ec5 21GiB/27GiB(77%) CN:7 DL:9.4MiB ETA:11m]
[#8b2ec5 21GiB/27GiB(77%) CN:7 DL:9.3MiB ETA:11m11s]
[#8b2ec5 21GiB/27GiB(77%) CN:7 DL:8.9MiB ETA:11m36s]
[#8b2ec5 21GiB/27GiB(77%) CN:7 DL:9.3MiB ETA:11m5s]
[#8b2ec5 21GiB/27GiB(77%) CN:7 DL:9.5MiB ETA:10m49s]
[#8b2ec5 21GiB/27GiB(77%) CN:7 DL:9.4MiB ETA:10m56s]
[#8b2ec5 21GiB/27GiB(77%) CN:7 DL:9.3MiB ETA:11m7s]
[#8b2ec5 21GiB/27GiB(77%) CN:7 DL:9.3MiB ETA:11m]
[#8b2ec5 21GiB/27GiB(77%) CN:7 DL:9.6MiB ETA:10m39s]
[#8b2ec5 21GiB/27GiB(77%) CN:7 DL:9.5MiB ETA:10m43s]
[#8b2ec5 21GiB/27GiB(77%) CN:7 DL:10MiB ETA:10m14s]
[#8b2ec5 21GiB/27GiB(77%) CN:7 DL:10MiB ETA:10m]
[#8b2ec5 21GiB/27GiB(77%) CN:7 DL:9.8MiB ETA:10m26s]
[#8b2ec5 21GiB/27GiB(77%) CN:7 DL:9.7MiB ETA:10m32s]
[#8b2ec5 21GiB/27GiB(78%) CN:7 DL:9.6MiB ETA:10m37s]
[#8b2ec5 21GiB/27GiB(78%) CN:7 DL:9.4MiB ETA:10m50s]
[#8b2ec5 21GiB/27GiB(78%) CN:7 DL:9.3MiB ETA:10m50s]
[#8b2ec5 21GiB/27GiB(78%) CN:7 DL:9.0MiB ETA:11m11s]
[#8b2ec5 21GiB/27GiB(78%) CN:7 DL:9.1MiB ETA:11m5s]
 *** Download Progress Summary as of Thu Aug 27 17:26:20 2026 *** 
===============================================================================
[#8b2ec5 21GiB/27GiB(78%) CN:7 DL:8.9MiB ETA:11m18s]
FILE: /Users/wilsonxu/Models/ornith-256k/llamacpp/models/Ornith-1.5-35B-Q6_K.gguf
-------------------------------------------------------------------------------

[#8b2ec5 21GiB/27GiB(78%) CN:7 DL:8.9MiB ETA:11m18s]
[#8b2ec5 21GiB/27GiB(78%) CN:7 DL:8.8MiB ETA:11m23s]
[#8b2ec5 21GiB/27GiB(78%) CN:7 DL:8.6MiB ETA:11m39s]
[#8b2ec5 21GiB/27GiB(78%) CN:7 DL:8.6MiB ETA:11m40s]
[#8b2ec5 21GiB/27GiB(78%) CN:7 DL:8.3MiB ETA:12m4s]
[#8b2ec5 21GiB/27GiB(78%) CN:7 DL:8.4MiB ETA:11m52s]
[#8b2ec5 21GiB/27GiB(78%) CN:7 DL:8.4MiB ETA:11m57s]
[#8b2ec5 21GiB/27GiB(78%) CN:7 DL:8.1MiB ETA:12m17s]
[#8b2ec5 21GiB/27GiB(78%) CN:7 DL:8.0MiB ETA:12m26s]
[#8b2ec5 21GiB/27GiB(78%) CN:7 DL:7.9MiB ETA:12m39s]
[#8b2ec5 21GiB/27GiB(78%) CN:7 DL:7.8MiB ETA:12m41s]
[#8b2ec5 21GiB/27GiB(78%) CN:7 DL:8.2MiB ETA:12m4s]
[#8b2ec5 21GiB/27GiB(78%) CN:7 DL:8.1MiB ETA:12m15s]
[#8b2ec5 21GiB/27GiB(78%) CN:7 DL:8.1MiB ETA:12m13s]
[#8b2ec5 21GiB/27GiB(78%) CN:7 DL:7.7MiB ETA:12m51s]
[#8b2ec5 21GiB/27GiB(78%) CN:7 DL:8.1MiB ETA:12m11s]
[#8b2ec5 21GiB/27GiB(78%) CN:7 DL:8.0MiB ETA:12m14s]
[#8b2ec5 21GiB/27GiB(78%) CN:7 DL:7.8MiB ETA:12m32s]
[#8b2ec5 21GiB/27GiB(78%) CN:7 DL:7.9MiB ETA:12m28s]
[#8b2ec5 21GiB/27GiB(78%) CN:7 DL:7.9MiB ETA:12m21s]
[#8b2ec5 21GiB/27GiB(78%) CN:7 DL:7.7MiB ETA:12m43s]
[#8b2ec5 21GiB/27GiB(78%) CN:7 DL:7.5MiB ETA:12m58s]
[#8b2ec5 21GiB/27GiB(78%) CN:7 DL:8.1MiB ETA:12m5s]
[#8b2ec5 21GiB/27GiB(78%) CN:7 DL:8.2MiB ETA:11m51s]
[#8b2ec5 21GiB/27GiB(78%) CN:7 DL:8.2MiB ETA:11m54s]
[#8b2ec5 21GiB/27GiB(78%) CN:7 DL:8.3MiB ETA:11m42s]
[#8b2ec5 21GiB/27GiB(78%) CN:7 DL:8.2MiB ETA:11m51s]
[#8b2ec5 21GiB/27GiB(78%) CN:7 DL:8.1MiB ETA:12m]
[#8b2ec5 21GiB/27GiB(79%) CN:7 DL:8.1MiB ETA:11m53s]
[#8b2ec5 21GiB/27GiB(79%) CN:7 DL:8.1MiB ETA:11m51s]
[#8b2ec5 21GiB/27GiB(79%) CN:7 DL:8.7MiB ETA:11m9s]
[#8b2ec5 21GiB/27GiB(79%) CN:7 DL:8.4MiB ETA:11m25s]
[#8b2ec5 21GiB/27GiB(79%) CN:7 DL:8.5MiB ETA:11m16s]
[#8b2ec5 21GiB/27GiB(79%) CN:7 DL:8.2MiB ETA:11m45s]
[#8b2ec5 21GiB/27GiB(79%) CN:7 DL:8.1MiB ETA:11m49s]
[#8b2ec5 21GiB/27GiB(79%) CN:7 DL:8.3MiB ETA:11m31s]

08/27 17:26:58 [[1;32mNOTICE[0m] CUID#21 - Redirecting to https://us.aws.cdn.hf.co/xet-bridge-us/6a83fdf1993fbb53ef83dbb1/c5e4bd4e5aead56c29af62fb4180f69b77a2f64cced4d117987bfbfb64860be4?X-Xet-Cas-Uid=public&response-content-disposition=inline%3B+filename*%3DUTF-8%27%27Ornith-1.5-35B-Q6_K.gguf%3B+filename%3D%22Ornith-1.5-35B-Q6_K.gguf%22%3B&user_id=public&Expires=1787826416&Policy=eyJTdGF0ZW1lbnQiOlt7IlJlc291cmNlIjoiaHR0cHM6Ly91cy5hd3MuY2RuLmhmLmNvL3hldC1icmlkZ2UtdXMvNmE4M2ZkZjE5OTNmYmI1M2VmODNkYmIxL2M1ZTRiZDRlNWFlYWQ1NmMyOWFmNjJmYjQxODBmNjliNzdhMmY2NGNjZWQ0ZDExNzk4N2JmYmZiNjQ4NjBiZTRcXD9YLVhldC1DYXMtVWlkPXB1YmxpYyZyZXNwb25zZS1jb250ZW50LWRpc3Bvc2l0aW9uPWlubGluZSUzQitmaWxlbmFtZSUyQSUzRFVURi04JTI3JTI3T3JuaXRoLTEuNS0zNUItUTZfSy5nZ3VmJTNCK2ZpbGVuYW1lJTNEJTIyT3JuaXRoLTEuNS0zNUItUTZfSy5nZ3VmJTIyJTNCJnVzZXJfaWQ9cHVibGljIiwiQ29uZGl0aW9uIjp7IkRhdGVMZXNzVGhhbiI6eyJFcG9jaFRpbWUiOjE3ODc4MjY0MTZ9fX1dfQ__&Signature=MEYCIQDUkq1%7EjanCzUfFaK5OZ65DSigQ34Yx1sxWaot%7E7BNTQAIhAMo3JvRVA322vdmI3Epi8rnjYE7sI3l6JNSYMO4vYhte&Key-Pair-Id=01KXEF4KZ1B6FV465MAWR4M21F
[#8b2ec5 21GiB/27GiB(79%) CN:7 DL:8.2MiB ETA:11m38s]
[#8b2ec5 21GiB/27GiB(79%) CN:7 DL:8.4MiB ETA:11m22s]
[#8b2ec5 21GiB/27GiB(79%) CN:7 DL:8.2MiB ETA:11m40s]
[#8b2ec5 21GiB/27GiB(79%) CN:7 DL:8.5MiB ETA:11m8s]
[#8b2ec5 21GiB/27GiB(79%) CN:7 DL:8.6MiB ETA:11m6s]
[#8b2ec5 21GiB/27GiB(79%) CN:7 DL:8.8MiB ETA:10m46s]
[#8b2ec5 21GiB/27GiB(79%) CN:7 DL:8.7MiB ETA:10m52s]
[#8b2ec5 21GiB/27GiB(79%) CN:7 DL:8.8MiB ETA:10m42s]
[#8b2ec5 21GiB/27GiB(79%) CN:7 DL:9.1MiB ETA:10m22s]
[#8b2ec5 21GiB/27GiB(79%) CN:7 DL:9.3MiB ETA:10m8s]
[#8b2ec5 21GiB/27GiB(79%) CN:7 DL:9.1MiB ETA:10m22s]
[#8b2ec5 21GiB/27GiB(79%) CN:7 DL:9.3MiB ETA:10m5s]
[#8b2ec5 21GiB/27GiB(79%) CN:7 DL:9.2MiB ETA:10m9s]
[#8b2ec5 21GiB/27GiB(79%) CN:7 DL:9.3MiB ETA:10m4s]
[#8b2ec5 21GiB/27GiB(79%) CN:7 DL:9.3MiB ETA:10m]
[#8b2ec5 21GiB/27GiB(79%) CN:7 DL:9.7MiB ETA:9m37s]
[#8b2ec5 21GiB/27GiB(79%) CN:7 DL:9.7MiB ETA:9m37s]
[#8b2ec5 21GiB/27GiB(79%) CN:7 DL:9.4MiB ETA:9m54s]
[#8b2ec5 21GiB/27GiB(79%) CN:7 DL:9.3MiB ETA:9m57s]
[#8b2ec5 21GiB/27GiB(79%) CN:7 DL:9.7MiB ETA:9m34s]
[#8b2ec5 21GiB/27GiB(79%) CN:7 DL:9.5MiB ETA:9m43s]
[#8b2ec5 21GiB/27GiB(80%) CN:7 DL:9.5MiB ETA:9m45s]
 *** Download Progress Summary as of Thu Aug 27 17:27:21 2026 *** 
===============================================================================
[#8b2ec5 21GiB/27GiB(80%) CN:7 DL:9.6MiB ETA:9m34s]
FILE: /Users/wilsonxu/Models/ornith-256k/llamacpp/models/Ornith-1.5-35B-Q6_K.gguf
-------------------------------------------------------------------------------

[#8b2ec5 21GiB/27GiB(80%) CN:7 DL:9.6MiB ETA:9m34s]
[#8b2ec5 21GiB/27GiB(80%) CN:7 DL:9.7MiB ETA:9m31s]
[#8b2ec5 21GiB/27GiB(80%) CN:7 DL:9.6MiB ETA:9m32s]
[#8b2ec5 21GiB/27GiB(80%) CN:7 DL:9.5MiB ETA:9m40s]
[#8b2ec5 21GiB/27GiB(80%) CN:7 DL:9.8MiB ETA:9m20s]
[#8b2ec5 21GiB/27GiB(80%) CN:7 DL:9.6MiB ETA:9m32s]
[#8b2ec5 21GiB/27GiB(80%) CN:7 DL:9.5MiB ETA:9m34s]
[#8b2ec5 21GiB/27GiB(80%) CN:7 DL:9.6MiB ETA:9m26s]
[#8b2ec5 21GiB/27GiB(80%) CN:7 DL:9.6MiB ETA:9m27s]
[#8b2ec5 21GiB/27GiB(80%) CN:7 DL:9.4MiB ETA:9m37s]
[#8b2ec5 21GiB/27GiB(80%) CN:7 DL:9.4MiB ETA:9m35s]
[#8b2ec5 21GiB/27GiB(80%) CN:7 DL:9.6MiB ETA:9m25s]
[#8b2ec5 21GiB/27GiB(80%) CN:7 DL:9.5MiB ETA:9m27s]
[#8b2ec5 21GiB/27GiB(80%) CN:7 DL:9.6MiB ETA:9m19s]
[#8b2ec5 21GiB/27GiB(80%) CN:7 DL:9.9MiB ETA:9m5s]
[#8b2ec5 21GiB/27GiB(80%) CN:7 DL:9.7MiB ETA:9m13s]
[#8b2ec5 21GiB/27GiB(80%) CN:7 DL:9.6MiB ETA:9m20s]
[#8b2ec5 21GiB/27GiB(80%) CN:7 DL:9.9MiB ETA:9m1s]
[#8b2ec5 21GiB/27GiB(80%) CN:7 DL:9.8MiB ETA:9m4s]
[#8b2ec5 21GiB/27GiB(80%) CN:7 DL:9.9MiB ETA:9m]
[#8b2ec5 21GiB/27GiB(80%) CN:7 DL:9.7MiB ETA:9m9s]
[#8b2ec5 21GiB/27GiB(80%) CN:7 DL:9.9MiB ETA:8m56s]
[#8b2ec5 21GiB/27GiB(80%) CN:7 DL:9.8MiB ETA:9m]
[#8b2ec5 22GiB/27GiB(80%) CN:7 DL:9.8MiB ETA:8m58s]
[#8b2ec5 22GiB/27GiB(80%) CN:7 DL:10MiB ETA:8m42s]
[#8b2ec5 22GiB/27GiB(80%) CN:7 DL:10MiB ETA:8m46s]
[#8b2ec5 22GiB/27GiB(81%) CN:7 DL:9.8MiB ETA:8m55s]
[#8b2ec5 22GiB/27GiB(81%) CN:7 DL:10MiB ETA:8m41s]
[#8b2ec5 22GiB/27GiB(81%) CN:7 DL:9.8MiB ETA:8m56s]
[#8b2ec5 22GiB/27GiB(81%) CN:7 DL:9.9MiB ETA:8m45s]
[#8b2ec5 22GiB/27GiB(81%) CN:7 DL:10MiB ETA:8m33s]
[#8b2ec5 22GiB/27GiB(81%) CN:7 DL:10MiB ETA:8m26s]
[#8b2ec5 22GiB/27GiB(81%) CN:7 DL:10MiB ETA:8m18s]
[#8b2ec5 22GiB/27GiB(81%) CN:7 DL:10MiB ETA:8m15s]
[#8b2ec5 22GiB/27GiB(81%) CN:7 DL:10MiB ETA:7m59s]
[#8b2ec5 22GiB/27GiB(81%) CN:7 DL:10MiB ETA:8m5s]
[#8b2ec5 22GiB/27GiB(81%) CN:7 DL:10MiB ETA:8m11s]
[#8b2ec5 22GiB/27GiB(81%) CN:7 DL:10MiB ETA:7m58s]
[#8b2ec5 22GiB/27GiB(81%) CN:7 DL:10MiB ETA:8m4s]
[#8b2ec5 22GiB/27GiB(81%) CN:7 DL:10MiB ETA:7m58s]
[#8b2ec5 22GiB/27GiB(81%) CN:7 DL:10MiB ETA:8m9s]
[#8b2ec5 22GiB/27GiB(81%) CN:7 DL:10MiB ETA:7m59s]
[#8b2ec5 22GiB/27GiB(81%) CN:7 DL:10MiB ETA:7m56s]
[#8b2ec5 22GiB/27GiB(81%) CN:7 DL:10MiB ETA:7m58s]
[#8b2ec5 22GiB/27GiB(81%) CN:7 DL:11MiB ETA:7m39s]
[#8b2ec5 22GiB/27GiB(81%) CN:7 DL:10MiB ETA:7m54s]
[#8b2ec5 22GiB/27GiB(81%) CN:7 DL:10MiB ETA:7m58s]
[#8b2ec5 22GiB/27GiB(81%) CN:7 DL:10MiB ETA:7m54s]
[#8b2ec5 22GiB/27GiB(81%) CN:7 DL:10MiB ETA:7m57s]
[#8b2ec5 22GiB/27GiB(81%) CN:7 DL:10MiB ETA:7m56s]
[#8b2ec5 22GiB/27GiB(81%) CN:7 DL:10MiB ETA:8m1s]
[#8b2ec5 22GiB/27GiB(82%) CN:7 DL:10MiB ETA:8m2s]
[#8b2ec5 22GiB/27GiB(82%) CN:7 DL:10MiB ETA:8m1s]
[#8b2ec5 22GiB/27GiB(82%) CN:7 DL:10MiB ETA:8m15s]
[#8b2ec5 22GiB/27GiB(82%) CN:7 DL:11MiB ETA:7m30s]
[#8b2ec5 22GiB/27GiB(82%) CN:7 DL:10MiB ETA:7m53s]
[#8b2ec5 22GiB/27GiB(82%) CN:7 DL:10MiB ETA:7m56s]
[#8b2ec5 22GiB/27GiB(82%) CN:7 DL:10MiB ETA:7m54s]
 *** Download Progress Summary as of Thu Aug 27 17:28:22 2026 *** 
===============================================================================
[#8b2ec5 22GiB/27GiB(82%) CN:7 DL:10MiB ETA:7m52s]
FILE: /Users/wilsonxu/Models/ornith-256k/llamacpp/models/Ornith-1.5-35B-Q6_K.gguf
-------------------------------------------------------------------------------

[#8b2ec5 22GiB/27GiB(82%) CN:7 DL:10MiB ETA:7m52s]
[#8b2ec5 22GiB/27GiB(82%) CN:7 DL:10MiB ETA:7m45s]
[#8b2ec5 22GiB/27GiB(82%) CN:7 DL:10MiB ETA:7m48s]
[#8b2ec5 22GiB/27GiB(82%) CN:7 DL:10MiB ETA:7m36s]
[#8b2ec5 22GiB/27GiB(82%) CN:7 DL:10MiB ETA:7m44s]
[#8b2ec5 22GiB/27GiB(82%) CN:7 DL:9.8MiB ETA:8m17s]
[#8b2ec5 22GiB/27GiB(82%) CN:7 DL:9.5MiB ETA:8m29s]

08/27 17:28:28 [[1;31mERROR[0m] CUID#17 - Download aborted. URI=https://huggingface.co/ornith-ai/Ornith-1.5-35B-A3B-GGUF/resolve/main/Ornith-1.5-35B-Q6_K.gguf
Exception: [AbstractCommand.cc:351] errorCode=1 URI=https://huggingface.co/ornith-ai/Ornith-1.5-35B-A3B-GGUF/resolve/main/Ornith-1.5-35B-Q6_K.gguf
  -> [SocketCore.cc:1022] errorCode=1 SSL/TLS handshake failure: Connection aborted

08/27 17:28:28 [[1;31mERROR[0m] CUID#20 - Download aborted. URI=https://huggingface.co/ornith-ai/Ornith-1.5-35B-A3B-GGUF/resolve/main/Ornith-1.5-35B-Q6_K.gguf
Exception: [AbstractCommand.cc:351] errorCode=1 URI=https://huggingface.co/ornith-ai/Ornith-1.5-35B-A3B-GGUF/resolve/main/Ornith-1.5-35B-Q6_K.gguf
  -> [SocketCore.cc:1022] errorCode=1 SSL/TLS handshake failure: Connection aborted
[#8b2ec5 22GiB/27GiB(82%) CN:5 DL:8.5MiB ETA:9m27s]

08/27 17:28:29 [[1;32mNOTICE[0m] CUID#23 - Redirecting to https://us.aws.cdn.hf.co/xet-bridge-us/6a83fdf1993fbb53ef83dbb1/c5e4bd4e5aead56c29af62fb4180f69b77a2f64cced4d117987bfbfb64860be4?X-Xet-Cas-Uid=public&response-content-disposition=inline%3B+filename*%3DUTF-8%27%27Ornith-1.5-35B-Q6_K.gguf%3B+filename%3D%22Ornith-1.5-35B-Q6_K.gguf%22%3B&user_id=public&Expires=1787826509&Policy=eyJTdGF0ZW1lbnQiOlt7IlJlc291cmNlIjoiaHR0cHM6Ly91cy5hd3MuY2RuLmhmLmNvL3hldC1icmlkZ2UtdXMvNmE4M2ZkZjE5OTNmYmI1M2VmODNkYmIxL2M1ZTRiZDRlNWFlYWQ1NmMyOWFmNjJmYjQxODBmNjliNzdhMmY2NGNjZWQ0ZDExNzk4N2JmYmZiNjQ4NjBiZTRcXD9YLVhldC1DYXMtVWlkPXB1YmxpYyZyZXNwb25zZS1jb250ZW50LWRpc3Bvc2l0aW9uPWlubGluZSUzQitmaWxlbmFtZSUyQSUzRFVURi04JTI3JTI3T3JuaXRoLTEuNS0zNUItUTZfSy5nZ3VmJTNCK2ZpbGVuYW1lJTNEJTIyT3JuaXRoLTEuNS0zNUItUTZfSy5nZ3VmJTIyJTNCJnVzZXJfaWQ9cHVibGljIiwiQ29uZGl0aW9uIjp7IkRhdGVMZXNzVGhhbiI6eyJFcG9jaFRpbWUiOjE3ODc4MjY1MDl9fX1dfQ__&Signature=MEUCIFwApR%7EGB0iMtD8WL8acrRr7wuZEJljPaWY6GYQ5gdgmAiEAp7h27M5g-HitbZo8MNHFepe8ydXUpvRBGpGzjmV2Uhw_&Key-Pair-Id=01KXEF4KZ1B6FV465MAWR4M21F

08/27 17:28:30 [[1;32mNOTICE[0m] CUID#18 - Redirecting to https://us.aws.cdn.hf.co/xet-bridge-us/6a83fdf1993fbb53ef83dbb1/c5e4bd4e5aead56c29af62fb4180f69b77a2f64cced4d117987bfbfb64860be4?X-Xet-Cas-Uid=public&user_id=public&response-content-disposition=inline%3B+filename*%3DUTF-8%27%27Ornith-1.5-35B-Q6_K.gguf%3B+filename%3D%22Ornith-1.5-35B-Q6_K.gguf%22%3B&Expires=1787826510&Policy=eyJTdGF0ZW1lbnQiOlt7IlJlc291cmNlIjoiaHR0cHM6Ly91cy5hd3MuY2RuLmhmLmNvL3hldC1icmlkZ2UtdXMvNmE4M2ZkZjE5OTNmYmI1M2VmODNkYmIxL2M1ZTRiZDRlNWFlYWQ1NmMyOWFmNjJmYjQxODBmNjliNzdhMmY2NGNjZWQ0ZDExNzk4N2JmYmZiNjQ4NjBiZTRcXD9YLVhldC1DYXMtVWlkPXB1YmxpYyZ1c2VyX2lkPXB1YmxpYyZyZXNwb25zZS1jb250ZW50LWRpc3Bvc2l0aW9uPWlubGluZSUzQitmaWxlbmFtZSUyQSUzRFVURi04JTI3JTI3T3JuaXRoLTEuNS0zNUItUTZfSy5nZ3VmJTNCK2ZpbGVuYW1lJTNEJTIyT3JuaXRoLTEuNS0zNUItUTZfSy5nZ3VmJTIyJTNCIiwiQ29uZGl0aW9uIjp7IkRhdGVMZXNzVGhhbiI6eyJFcG9jaFRpbWUiOjE3ODc4MjY1MTB9fX1dfQ__&Signature=MEUCIQCE-SzOfgK9Tt6778kv4dzFwN4ESq-a-hxNlTIgQqw8CQIgN%7E62YqlXz07eNZre-tnvZFs7jLHuBAzu6Ze-WgRoHYo_&Key-Pair-Id=01KXEF4KZ1B6FV465MAWR4M21F
[#8b2ec5 22GiB/27GiB(82%) CN:5 DL:7.3MiB ETA:11m6s]

08/27 17:28:31 [[1;32mNOTICE[0m] CUID#14 - Redirecting to https://us.aws.cdn.hf.co/xet-bridge-us/6a83fdf1993fbb53ef83dbb1/c5e4bd4e5aead56c29af62fb4180f69b77a2f64cced4d117987bfbfb64860be4?X-Xet-Cas-Uid=public&user_id=public&response-content-disposition=inline%3B+filename*%3DUTF-8%27%27Ornith-1.5-35B-Q6_K.gguf%3B+filename%3D%22Ornith-1.5-35B-Q6_K.gguf%22%3B&Expires=1787826510&Policy=eyJTdGF0ZW1lbnQiOlt7IlJlc291cmNlIjoiaHR0cHM6Ly91cy5hd3MuY2RuLmhmLmNvL3hldC1icmlkZ2UtdXMvNmE4M2ZkZjE5OTNmYmI1M2VmODNkYmIxL2M1ZTRiZDRlNWFlYWQ1NmMyOWFmNjJmYjQxODBmNjliNzdhMmY2NGNjZWQ0ZDExNzk4N2JmYmZiNjQ4NjBiZTRcXD9YLVhldC1DYXMtVWlkPXB1YmxpYyZ1c2VyX2lkPXB1YmxpYyZyZXNwb25zZS1jb250ZW50LWRpc3Bvc2l0aW9uPWlubGluZSUzQitmaWxlbmFtZSUyQSUzRFVURi04JTI3JTI3T3JuaXRoLTEuNS0zNUItUTZfSy5nZ3VmJTNCK2ZpbGVuYW1lJTNEJTIyT3JuaXRoLTEuNS0zNUItUTZfSy5nZ3VmJTIyJTNCIiwiQ29uZGl0aW9uIjp7IkRhdGVMZXNzVGhhbiI6eyJFcG9jaFRpbWUiOjE3ODc4MjY1MTB9fX1dfQ__&Signature=MEUCIQCE-SzOfgK9Tt6778kv4dzFwN4ESq-a-hxNlTIgQqw8CQIgN%7E62YqlXz07eNZre-tnvZFs7jLHuBAzu6Ze-WgRoHYo_&Key-Pair-Id=01KXEF4KZ1B6FV465MAWR4M21F

08/27 17:28:31 [[1;32mNOTICE[0m] CUID#19 - Redirecting to https://us.aws.cdn.hf.co/xet-bridge-us/6a83fdf1993fbb53ef83dbb1/c5e4bd4e5aead56c29af62fb4180f69b77a2f64cced4d117987bfbfb64860be4?user_id=public&response-content-disposition=inline%3B+filename*%3DUTF-8%27%27Ornith-1.5-35B-Q6_K.gguf%3B+filename%3D%22Ornith-1.5-35B-Q6_K.gguf%22%3B&X-Xet-Cas-Uid=public&Expires=1787826510&Policy=eyJTdGF0ZW1lbnQiOlt7IlJlc291cmNlIjoiaHR0cHM6Ly91cy5hd3MuY2RuLmhmLmNvL3hldC1icmlkZ2UtdXMvNmE4M2ZkZjE5OTNmYmI1M2VmODNkYmIxL2M1ZTRiZDRlNWFlYWQ1NmMyOWFmNjJmYjQxODBmNjliNzdhMmY2NGNjZWQ0ZDExNzk4N2JmYmZiNjQ4NjBiZTRcXD91c2VyX2lkPXB1YmxpYyZyZXNwb25zZS1jb250ZW50LWRpc3Bvc2l0aW9uPWlubGluZSUzQitmaWxlbmFtZSUyQSUzRFVURi04JTI3JTI3T3JuaXRoLTEuNS0zNUItUTZfSy5nZ3VmJTNCK2ZpbGVuYW1lJTNEJTIyT3JuaXRoLTEuNS0zNUItUTZfSy5nZ3VmJTIyJTNCJlgtWGV0LUNhcy1VaWQ9cHVibGljIiwiQ29uZGl0aW9uIjp7IkRhdGVMZXNzVGhhbiI6eyJFcG9jaFRpbWUiOjE3ODc4MjY1MTB9fX1dfQ__&Signature=MEQCIASRtlBK-mZR8IOh7ddxAdqOwN0pspCCQjZrGSE0q9qEAiAiRzrnxUWGH-65dY9yxvF8EO7a15vE6b4hfa%7Eo8xccSA__&Key-Pair-Id=01KXEF4KZ1B6FV465MAWR4M21F
[#8b2ec5 22GiB/27GiB(82%) CN:5 DL:6.3MiB ETA:12m50s]
[#8b2ec5 22GiB/27GiB(82%) CN:5 DL:4.9MiB ETA:16m33s]
[#8b2ec5 22GiB/27GiB(82%) CN:5 DL:3.8MiB ETA:21m7s]
[#8b2ec5 22GiB/27GiB(82%) CN:5 DL:2.6MiB ETA:30m52s]

08/27 17:28:35 [[1;32mNOTICE[0m] CUID#21 - Redirecting to https://us.aws.cdn.hf.co/xet-bridge-us/6a83fdf1993fbb53ef83dbb1/c5e4bd4e5aead56c29af62fb4180f69b77a2f64cced4d117987bfbfb64860be4?user_id=public&response-content-disposition=inline%3B+filename*%3DUTF-8%27%27Ornith-1.5-35B-Q6_K.gguf%3B+filename%3D%22Ornith-1.5-35B-Q6_K.gguf%22%3B&X-Xet-Cas-Uid=public&Expires=1787826515&Policy=eyJTdGF0ZW1lbnQiOlt7IlJlc291cmNlIjoiaHR0cHM6Ly91cy5hd3MuY2RuLmhmLmNvL3hldC1icmlkZ2UtdXMvNmE4M2ZkZjE5OTNmYmI1M2VmODNkYmIxL2M1ZTRiZDRlNWFlYWQ1NmMyOWFmNjJmYjQxODBmNjliNzdhMmY2NGNjZWQ0ZDExNzk4N2JmYmZiNjQ4NjBiZTRcXD91c2VyX2lkPXB1YmxpYyZyZXNwb25zZS1jb250ZW50LWRpc3Bvc2l0aW9uPWlubGluZSUzQitmaWxlbmFtZSUyQSUzRFVURi04JTI3JTI3T3JuaXRoLTEuNS0zNUItUTZfSy5nZ3VmJTNCK2ZpbGVuYW1lJTNEJTIyT3JuaXRoLTEuNS0zNUItUTZfSy5nZ3VmJTIyJTNCJlgtWGV0LUNhcy1VaWQ9cHVibGljIiwiQ29uZGl0aW9uIjp7IkRhdGVMZXNzVGhhbiI6eyJFcG9jaFRpbWUiOjE3ODc4MjY1MTV9fX1dfQ__&Signature=MEUCIQCwWOnqMfpfPGvP%7Eogzq1ZXWDOyaiLXRuT3NzrcWGvF9gIge5xepdUh7pDKg1GH0via0nDgiY7sdvzCt%7Ez1l4uVFaI_&Key-Pair-Id=01KXEF4KZ1B6FV465MAWR4M21F
[#8b2ec5 22GiB/27GiB(82%) CN:5 DL:1.9MiB ETA:42m43s]
[#8b2ec5 22GiB/27GiB(82%) CN:5 DL:1.0MiB ETA:1h14m1s]
[#8b2ec5 22GiB/27GiB(82%) CN:5 DL:1.1MiB ETA:1h11m8s]
[#8b2ec5 22GiB/27GiB(82%) CN:5 DL:1.7MiB ETA:45m8s]
[#8b2ec5 22GiB/27GiB(82%) CN:5 DL:1.9MiB ETA:41m6s]
[#8b2ec5 22GiB/27GiB(82%) CN:5 DL:2.4MiB ETA:32m22s]
[#8b2ec5 22GiB/27GiB(82%) CN:5 DL:2.8MiB ETA:28m24s]
[#8b2ec5 22GiB/27GiB(82%) CN:5 DL:3.4MiB ETA:23m23s]
[#8b2ec5 22GiB/27GiB(82%) CN:5 DL:4.0MiB ETA:20m8s]
[#8b2ec5 22GiB/27GiB(82%) CN:5 DL:4.4MiB ETA:17m57s]
[#8b2ec5 22GiB/27GiB(82%) CN:5 DL:4.7MiB ETA:16m52s]
[#8b2ec5 22GiB/27GiB(82%) CN:5 DL:5.0MiB ETA:15m51s]
[#8b2ec5 22GiB/27GiB(82%) CN:5 DL:5.0MiB ETA:15m57s]
[#8b2ec5 22GiB/27GiB(82%) CN:5 DL:5.2MiB ETA:15m16s]
[#8b2ec5 22GiB/27GiB(82%) CN:5 DL:4.9MiB ETA:16m8s]
[#8b2ec5 22GiB/27GiB(82%) CN:5 DL:5.1MiB ETA:15m28s]
[#8b2ec5 22GiB/27GiB(82%) CN:5 DL:5.0MiB ETA:15m52s]
[#8b2ec5 22GiB/27GiB(82%) CN:5 DL:4.9MiB ETA:16m7s]
[#8b2ec5 22GiB/27GiB(82%) CN:5 DL:4.9MiB ETA:16m14s]
[#8b2ec5 22GiB/27GiB(82%) CN:5 DL:4.9MiB ETA:16m4s]
[#8b2ec5 22GiB/27GiB(82%) CN:5 DL:4.9MiB ETA:16m12s]
[#8b2ec5 22GiB/27GiB(82%) CN:5 DL:4.8MiB ETA:16m26s]
[#8b2ec5 22GiB/27GiB(82%) CN:5 DL:4.8MiB ETA:16m14s]
[#8b2ec5 22GiB/27GiB(82%) CN:5 DL:5.2MiB ETA:15m13s]
[#8b2ec5 22GiB/27GiB(82%) CN:5 DL:4.9MiB ETA:16m1s]
[#8b2ec5 22GiB/27GiB(82%) CN:5 DL:4.7MiB ETA:16m47s]
[#8b2ec5 22GiB/27GiB(82%) CN:5 DL:4.6MiB ETA:17m]
[#8b2ec5 22GiB/27GiB(82%) CN:5 DL:4.4MiB ETA:17m39s]
[#8b2ec5 22GiB/27GiB(82%) CN:5 DL:4.4MiB ETA:17m35s]
[#8b2ec5 22GiB/27GiB(83%) CN:5 DL:4.4MiB ETA:17m38s]
[#8b2ec5 22GiB/27GiB(83%) CN:5 DL:4.3MiB ETA:18m9s]
[#8b2ec5 22GiB/27GiB(83%) CN:5 DL:4.3MiB ETA:18m10s]
[#8b2ec5 22GiB/27GiB(83%) CN:5 DL:4.1MiB ETA:18m45s]
[#8b2ec5 22GiB/27GiB(83%) CN:5 DL:4.2MiB ETA:18m15s]
[#8b2ec5 22GiB/27GiB(83%) CN:5 DL:4.2MiB ETA:18m20s]
[#8b2ec5 22GiB/27GiB(83%) CN:5 DL:4.2MiB ETA:18m31s]
[#8b2ec5 22GiB/27GiB(83%) CN:5 DL:4.2MiB ETA:18m25s]
[#8b2ec5 22GiB/27GiB(83%) CN:5 DL:4.3MiB ETA:17m58s]
[#8b2ec5 22GiB/27GiB(83%) CN:5 DL:4.1MiB ETA:18m46s]
[#8b2ec5 22GiB/27GiB(83%) CN:5 DL:4.2MiB ETA:18m15s]
[#8b2ec5 22GiB/27GiB(83%) CN:5 DL:4.1MiB ETA:18m42s]
[#8b2ec5 22GiB/27GiB(83%) CN:5 DL:4.4MiB ETA:17m37s]
[#8b2ec5 22GiB/27GiB(83%) CN:5 DL:4.4MiB ETA:17m26s]
[#8b2ec5 22GiB/27GiB(83%) CN:5 DL:4.6MiB ETA:16m47s]
[#8b2ec5 22GiB/27GiB(83%) CN:5 DL:4.4MiB ETA:17m21s]
 *** Download Progress Summary as of Thu Aug 27 17:29:23 2026 *** 
===============================================================================
[#8b2ec5 22GiB/27GiB(83%) CN:5 DL:4.4MiB ETA:17m36s]
FILE: /Users/wilsonxu/Models/ornith-256k/llamacpp/models/Ornith-1.5-35B-Q6_K.gguf
-------------------------------------------------------------------------------

[#8b2ec5 22GiB/27GiB(83%) CN:5 DL:4.4MiB ETA:17m36s]
[#8b2ec5 22GiB/27GiB(83%) CN:5 DL:4.2MiB ETA:18m2s]
[#8b2ec5 22GiB/27GiB(83%) CN:5 DL:4.3MiB ETA:17m42s]
[#8b2ec5 22GiB/27GiB(83%) CN:5 DL:4.1MiB ETA:18m27s]
[#8b2ec5 22GiB/27GiB(83%) CN:5 DL:4.2MiB ETA:18m1s]
[#8b2ec5 22GiB/27GiB(83%) CN:5 DL:4.1MiB ETA:18m39s]
[#8b2ec5 22GiB/27GiB(83%) CN:5 DL:4.0MiB ETA:19m3s]
[#8b2ec5 22GiB/27GiB(83%) CN:5 DL:3.9MiB ETA:19m30s]
[#8b2ec5 22GiB/27GiB(83%) CN:5 DL:4.5MiB ETA:16m59s]
[#8b2ec5 22GiB/27GiB(83%) CN:5 DL:4.2MiB ETA:17m59s]
[#8b2ec5 22GiB/27GiB(83%) CN:5 DL:4.2MiB ETA:18m3s]
[#8b2ec5 22GiB/27GiB(83%) CN:5 DL:4.3MiB ETA:17m51s]
[#8b2ec5 22GiB/27GiB(83%) CN:5 DL:4.3MiB ETA:17m44s]
[#8b2ec5 22GiB/27GiB(83%) CN:5 DL:4.1MiB ETA:18m18s]
[#8b2ec5 22GiB/27GiB(83%) CN:5 DL:4.1MiB ETA:18m15s]
[#8b2ec5 22GiB/27GiB(83%) CN:5 DL:4.2MiB ETA:17m59s]
[#8b2ec5 22GiB/27GiB(83%) CN:5 DL:4.2MiB ETA:17m58s]
[#8b2ec5 22GiB/27GiB(83%) CN:5 DL:3.8MiB ETA:19m46s]
[#8b2ec5 22GiB/27GiB(83%) CN:5 DL:4.2MiB ETA:17m46s]
[#8b2ec5 22GiB/27GiB(83%) CN:5 DL:4.2MiB ETA:18m8s]
[#8b2ec5 22GiB/27GiB(83%) CN:5 DL:4.1MiB ETA:18m29s]
[#8b2ec5 22GiB/27GiB(83%) CN:5 DL:4.0MiB ETA:18m38s]
[#8b2ec5 22GiB/27GiB(83%) CN:5 DL:4.1MiB ETA:18m24s]
[#8b2ec5 22GiB/27GiB(83%) CN:5 DL:4.1MiB ETA:18m27s]
[#8b2ec5 22GiB/27GiB(83%) CN:5 DL:4.0MiB ETA:18m51s]
[#8b2ec5 22GiB/27GiB(83%) CN:5 DL:4.1MiB ETA:18m18s]
[#8b2ec5 22GiB/27GiB(83%) CN:5 DL:4.0MiB ETA:18m29s]
[#8b2ec5 22GiB/27GiB(83%) CN:5 DL:4.1MiB ETA:18m24s]
[#8b2ec5 22GiB/27GiB(83%) CN:5 DL:4.0MiB ETA:18m27s]
[#8b2ec5 22GiB/27GiB(83%) CN:5 DL:4.1MiB ETA:18m3s]
[#8b2ec5 22GiB/27GiB(83%) CN:5 DL:3.9MiB ETA:18m55s]
[#8b2ec5 22GiB/27GiB(83%) CN:5 DL:3.9MiB ETA:18m52s]
[#8b2ec5 22GiB/27GiB(83%) CN:5 DL:3.9MiB ETA:19m8s]
[#8b2ec5 22GiB/27GiB(83%) CN:5 DL:3.9MiB ETA:19m11s]
[#8b2ec5 22GiB/27GiB(83%) CN:5 DL:3.9MiB ETA:19m2s]
[#8b2ec5 22GiB/27GiB(83%) CN:5 DL:3.9MiB ETA:19m14s]
[#8b2ec5 22GiB/27GiB(83%) CN:5 DL:3.9MiB ETA:18m56s]
[#8b2ec5 22GiB/27GiB(83%) CN:5 DL:3.9MiB ETA:19m4s]
[#8b2ec5 22GiB/27GiB(83%) CN:5 DL:3.9MiB ETA:18m52s]
[#8b2ec5 22GiB/27GiB(83%) CN:5 DL:3.9MiB ETA:18m49s]
[#8b2ec5 22GiB/27GiB(83%) CN:5 DL:3.8MiB ETA:19m17s]
[#8b2ec5 22GiB/27GiB(83%) CN:5 DL:3.8MiB ETA:19m38s]
[#8b2ec5 22GiB/27GiB(83%) CN:5 DL:3.7MiB ETA:19m41s]
[#8b2ec5 22GiB/27GiB(83%) CN:5 DL:3.7MiB ETA:19m58s]
[#8b2ec5 22GiB/27GiB(83%) CN:5 DL:3.6MiB ETA:20m23s]
[#8b2ec5 22GiB/27GiB(83%) CN:5 DL:3.6MiB ETA:20m24s]
[#8b2ec5 22GiB/27GiB(83%) CN:5 DL:3.6MiB ETA:20m17s]
[#8b2ec5 22GiB/27GiB(83%) CN:5 DL:3.6MiB ETA:20m20s]
[#8b2ec5 22GiB/27GiB(84%) CN:5 DL:3.7MiB ETA:19m34s]
[#8b2ec5 22GiB/27GiB(84%) CN:5 DL:3.9MiB ETA:18m58s]
[#8b2ec5 22GiB/27GiB(84%) CN:5 DL:3.6MiB ETA:20m5s]
[#8b2ec5 22GiB/27GiB(84%) CN:5 DL:3.8MiB ETA:19m13s]
[#8b2ec5 22GiB/27GiB(84%) CN:5 DL:3.8MiB ETA:19m22s]
[#8b2ec5 22GiB/27GiB(84%) CN:5 DL:3.9MiB ETA:18m54s]
[#8b2ec5 22GiB/27GiB(84%) CN:5 DL:3.9MiB ETA:18m33s]
[#8b2ec5 22GiB/27GiB(84%) CN:5 DL:4.1MiB ETA:17m55s]
[#8b2ec5 22GiB/27GiB(84%) CN:5 DL:4.1MiB ETA:17m45s]
[#8b2ec5 22GiB/27GiB(84%) CN:5 DL:4.1MiB ETA:17m38s]
 *** Download Progress Summary as of Thu Aug 27 17:30:24 2026 *** 
===============================================================================
[#8b2ec5 22GiB/27GiB(84%) CN:5 DL:4.2MiB ETA:17m23s]
FILE: /Users/wilsonxu/Models/ornith-256k/llamacpp/models/Ornith-1.5-35B-Q6_K.gguf
-------------------------------------------------------------------------------

[#8b2ec5 22GiB/27GiB(84%) CN:5 DL:4.2MiB ETA:17m23s]
[#8b2ec5 22GiB/27GiB(84%) CN:5 DL:4.5MiB ETA:16m9s]
[#8b2ec5 22GiB/27GiB(84%) CN:5 DL:4.2MiB ETA:17m18s]
[#8b2ec5 22GiB/27GiB(84%) CN:5 DL:4.4MiB ETA:16m36s]
[#8b2ec5 22GiB/27GiB(84%) CN:5 DL:4.5MiB ETA:16m14s]
[#8b2ec5 22GiB/27GiB(84%) CN:5 DL:4.4MiB ETA:16m33s]
[#8b2ec5 22GiB/27GiB(84%) CN:5 DL:4.3MiB ETA:16m53s]
[#8b2ec5 22GiB/27GiB(84%) CN:5 DL:4.4MiB ETA:16m32s]
[#8b2ec5 22GiB/27GiB(84%) CN:5 DL:4.4MiB ETA:16m15s]
[#8b2ec5 22GiB/27GiB(84%) CN:5 DL:4.6MiB ETA:15m45s]
[#8b2ec5 22GiB/27GiB(84%) CN:5 DL:4.5MiB ETA:16m7s]
[#8b2ec5 22GiB/27GiB(84%) CN:5 DL:4.7MiB ETA:15m16s]
[#8b2ec5 22GiB/27GiB(84%) CN:5 DL:4.5MiB ETA:16m6s]
[#8b2ec5 22GiB/27GiB(84%) CN:5 DL:4.5MiB ETA:15m56s]
[#8b2ec5 22GiB/27GiB(84%) CN:5 DL:4.6MiB ETA:15m33s]
[#8b2ec5 22GiB/27GiB(84%) CN:5 DL:4.7MiB ETA:15m20s]
[#8b2ec5 22GiB/27GiB(84%) CN:5 DL:4.5MiB ETA:15m59s]
[#8b2ec5 22GiB/27GiB(84%) CN:5 DL:4.4MiB ETA:16m11s]
[#8b2ec5 22GiB/27GiB(84%) CN:5 DL:4.3MiB ETA:16m25s]
[#8b2ec5 22GiB/27GiB(84%) CN:5 DL:4.3MiB ETA:16m27s]
[#8b2ec5 22GiB/27GiB(84%) CN:5 DL:4.4MiB ETA:16m13s]
[#8b2ec5 22GiB/27GiB(84%) CN:5 DL:4.5MiB ETA:15m42s]
[#8b2ec5 22GiB/27GiB(84%) CN:5 DL:4.3MiB ETA:16m32s]
[#8b2ec5 23GiB/27GiB(84%) CN:5 DL:4.3MiB ETA:16m23s]
[#8b2ec5 23GiB/27GiB(84%) CN:5 DL:4.4MiB ETA:16m12s]
[#8b2ec5 23GiB/27GiB(84%) CN:5 DL:4.4MiB ETA:15m54s]
[#8b2ec5 23GiB/27GiB(84%) CN:5 DL:4.6MiB ETA:15m24s]
[#8b2ec5 23GiB/27GiB(84%) CN:5 DL:4.4MiB ETA:15m52s]
[#8b2ec5 23GiB/27GiB(84%) CN:5 DL:4.7MiB ETA:15m3s]
[#8b2ec5 23GiB/27GiB(84%) CN:5 DL:4.7MiB ETA:15m5s]
[#8b2ec5 23GiB/27GiB(84%) CN:5 DL:4.5MiB ETA:15m43s]
[#8b2ec5 23GiB/27GiB(84%) CN:5 DL:4.6MiB ETA:15m18s]
[#8b2ec5 23GiB/27GiB(84%) CN:5 DL:4.4MiB ETA:16m5s]
[#8b2ec5 23GiB/27GiB(84%) CN:5 DL:4.3MiB ETA:16m28s]
[#8b2ec5 23GiB/27GiB(84%) CN:5 DL:4.0MiB ETA:17m19s]
[#8b2ec5 23GiB/27GiB(84%) CN:5 DL:4.2MiB ETA:16m51s]
[#8b2ec5 23GiB/27GiB(84%) CN:5 DL:4.1MiB ETA:17m13s]
[#8b2ec5 23GiB/27GiB(84%) CN:5 DL:3.9MiB ETA:18m]
[#8b2ec5 23GiB/27GiB(84%) CN:5 DL:3.7MiB ETA:18m36s]
[#8b2ec5 23GiB/27GiB(84%) CN:5 DL:3.9MiB ETA:17m57s]
[#8b2ec5 23GiB/27GiB(84%) CN:5 DL:3.7MiB ETA:18m33s]
[#8b2ec5 23GiB/27GiB(84%) CN:5 DL:3.9MiB ETA:17m37s]
[#8b2ec5 23GiB/27GiB(84%) CN:5 DL:3.7MiB ETA:18m35s]
[#8b2ec5 23GiB/27GiB(84%) CN:5 DL:4.0MiB ETA:17m10s]
[#8b2ec5 23GiB/27GiB(84%) CN:5 DL:3.6MiB ETA:19m22s]
[#8b2ec5 23GiB/27GiB(84%) CN:5 DL:3.8MiB ETA:18m25s]
[#8b2ec5 23GiB/27GiB(84%) CN:5 DL:3.4MiB ETA:20m2s]
[#8b2ec5 23GiB/27GiB(84%) CN:5 DL:3.6MiB ETA:19m12s]
[#8b2ec5 23GiB/27GiB(84%) CN:5 DL:3.5MiB ETA:19m30s]
[#8b2ec5 23GiB/27GiB(84%) CN:5 DL:3.7MiB ETA:18m47s]
[#8b2ec5 23GiB/27GiB(84%) CN:5 DL:3.6MiB ETA:18m58s]
[#8b2ec5 23GiB/27GiB(84%) CN:5 DL:3.8MiB ETA:18m14s]
[#8b2ec5 23GiB/27GiB(84%) CN:5 DL:3.4MiB ETA:20m2s]
[#8b2ec5 23GiB/27GiB(84%) CN:5 DL:3.6MiB ETA:18m55s]
[#8b2ec5 23GiB/27GiB(85%) CN:5 DL:3.6MiB ETA:19m15s]
[#8b2ec5 23GiB/27GiB(85%) CN:5 DL:3.8MiB ETA:17m57s]
[#8b2ec5 23GiB/27GiB(85%) CN:5 DL:3.7MiB ETA:18m43s]
[#8b2ec5 23GiB/27GiB(85%) CN:5 DL:3.7MiB ETA:18m37s]
 *** Download Progress Summary as of Thu Aug 27 17:31:24 2026 *** 
===============================================================================
[#8b2ec5 23GiB/27GiB(85%) CN:5 DL:3.6MiB ETA:18m54s]
FILE: /Users/wilsonxu/Models/ornith-256k/llamacpp/models/Ornith-1.5-35B-Q6_K.gguf
-------------------------------------------------------------------------------

[#8b2ec5 23GiB/27GiB(85%) CN:5 DL:3.6MiB ETA:18m54s]
[#8b2ec5 23GiB/27GiB(85%) CN:5 DL:3.4MiB ETA:20m14s]
[#8b2ec5 23GiB/27GiB(85%) CN:5 DL:3.5MiB ETA:19m13s]
[#8b2ec5 23GiB/27GiB(85%) CN:5 DL:3.8MiB ETA:17m50s]
[#8b2ec5 23GiB/27GiB(85%) CN:5 DL:3.5MiB ETA:19m37s]
[#8b2ec5 23GiB/27GiB(85%) CN:5 DL:3.4MiB ETA:19m48s]
[#8b2ec5 23GiB/27GiB(85%) CN:5 DL:3.4MiB ETA:19m48s]
[#8b2ec5 23GiB/27GiB(85%) CN:5 DL:3.4MiB ETA:19m48s]
[#8b2ec5 23GiB/27GiB(85%) CN:5 DL:3.5MiB ETA:19m28s]
[#8b2ec5 23GiB/27GiB(85%) CN:5 DL:3.5MiB ETA:19m29s]
[#8b2ec5 23GiB/27GiB(85%) CN:5 DL:3.6MiB ETA:18m45s]
[#8b2ec5 23GiB/27GiB(85%) CN:5 DL:3.5MiB ETA:19m8s]
[#8b2ec5 23GiB/27GiB(85%) CN:5 DL:3.4MiB ETA:19m42s]
[#8b2ec5 23GiB/27GiB(85%) CN:5 DL:4.0MiB ETA:16m57s]
[#8b2ec5 23GiB/27GiB(85%) CN:5 DL:3.7MiB ETA:18m29s]
[#8b2ec5 23GiB/27GiB(85%) CN:5 DL:3.7MiB ETA:18m17s]
[#8b2ec5 23GiB/27GiB(85%) CN:5 DL:3.8MiB ETA:17m46s]
[#8b2ec5 23GiB/27GiB(85%) CN:5 DL:3.9MiB ETA:17m28s]
[#8b2ec5 23GiB/27GiB(85%) CN:5 DL:3.8MiB ETA:17m45s]
[#8b2ec5 23GiB/27GiB(85%) CN:5 DL:3.8MiB ETA:17m52s]
[#8b2ec5 23GiB/27GiB(85%) CN:5 DL:3.9MiB ETA:17m21s]
[#8b2ec5 23GiB/27GiB(85%) CN:5 DL:3.8MiB ETA:17m31s]
[#8b2ec5 23GiB/27GiB(85%) CN:5 DL:3.7MiB ETA:17m58s]
[#8b2ec5 23GiB/27GiB(85%) CN:5 DL:4.0MiB ETA:16m36s]
[#8b2ec5 23GiB/27GiB(85%) CN:5 DL:3.7MiB ETA:17m50s]
[#8b2ec5 23GiB/27GiB(85%) CN:5 DL:3.7MiB ETA:18m11s]
[#8b2ec5 23GiB/27GiB(85%) CN:5 DL:3.6MiB ETA:18m20s]
[#8b2ec5 23GiB/27GiB(85%) CN:5 DL:3.7MiB ETA:17m54s]
[#8b2ec5 23GiB/27GiB(85%) CN:5 DL:3.8MiB ETA:17m24s]
[#8b2ec5 23GiB/27GiB(85%) CN:5 DL:3.7MiB ETA:18m4s]
[#8b2ec5 23GiB/27GiB(85%) CN:5 DL:3.8MiB ETA:17m38s]
[#8b2ec5 23GiB/27GiB(85%) CN:5 DL:3.7MiB ETA:17m42s]
[#8b2ec5 23GiB/27GiB(85%) CN:5 DL:3.7MiB ETA:17m46s]
[#8b2ec5 23GiB/27GiB(85%) CN:5 DL:4.3MiB ETA:15m33s]
[#8b2ec5 23GiB/27GiB(85%) CN:5 DL:4.0MiB ETA:16m37s]
[#8b2ec5 23GiB/27GiB(85%) CN:5 DL:3.8MiB ETA:17m15s]
[#8b2ec5 23GiB/27GiB(85%) CN:5 DL:3.9MiB ETA:16m44s]
[#8b2ec5 23GiB/27GiB(85%) CN:5 DL:3.8MiB ETA:17m9s]
[#8b2ec5 23GiB/27GiB(85%) CN:5 DL:4.0MiB ETA:16m27s]
[#8b2ec5 23GiB/27GiB(85%) CN:5 DL:4.0MiB ETA:16m30s]
[#8b2ec5 23GiB/27GiB(85%) CN:5 DL:4.0MiB ETA:16m31s]
[#8b2ec5 23GiB/27GiB(85%) CN:5 DL:4.0MiB ETA:16m17s]
[#8b2ec5 23GiB/27GiB(85%) CN:5 DL:3.9MiB ETA:17m2s]
[#8b2ec5 23GiB/27GiB(85%) CN:5 DL:4.2MiB ETA:15m42s]
[#8b2ec5 23GiB/27GiB(85%) CN:5 DL:4.1MiB ETA:15m59s]
[#8b2ec5 23GiB/27GiB(85%) CN:5 DL:4.1MiB ETA:16m1s]
[#8b2ec5 23GiB/27GiB(85%) CN:5 DL:4.2MiB ETA:15m37s]
[#8b2ec5 23GiB/27GiB(85%) CN:5 DL:4.1MiB ETA:15m47s]
[#8b2ec5 23GiB/27GiB(85%) CN:5 DL:4.2MiB ETA:15m23s]
[#8b2ec5 23GiB/27GiB(85%) CN:5 DL:4.1MiB ETA:15m59s]
[#8b2ec5 23GiB/27GiB(85%) CN:5 DL:4.1MiB ETA:15m48s]
[#8b2ec5 23GiB/27GiB(85%) CN:5 DL:4.0MiB ETA:16m11s]

08/27 17:32:19 [[1;32mNOTICE[0m] CUID#18 - Redirecting to https://us.aws.cdn.hf.co/xet-bridge-us/6a83fdf1993fbb53ef83dbb1/c5e4bd4e5aead56c29af62fb4180f69b77a2f64cced4d117987bfbfb64860be4?X-Xet-Cas-Uid=public&user_id=public&response-content-disposition=inline%3B+filename*%3DUTF-8%27%27Ornith-1.5-35B-Q6_K.gguf%3B+filename%3D%22Ornith-1.5-35B-Q6_K.gguf%22%3B&Expires=1787826739&Policy=eyJTdGF0ZW1lbnQiOlt7IlJlc291cmNlIjoiaHR0cHM6Ly91cy5hd3MuY2RuLmhmLmNvL3hldC1icmlkZ2UtdXMvNmE4M2ZkZjE5OTNmYmI1M2VmODNkYmIxL2M1ZTRiZDRlNWFlYWQ1NmMyOWFmNjJmYjQxODBmNjliNzdhMmY2NGNjZWQ0ZDExNzk4N2JmYmZiNjQ4NjBiZTRcXD9YLVhldC1DYXMtVWlkPXB1YmxpYyZ1c2VyX2lkPXB1YmxpYyZyZXNwb25zZS1jb250ZW50LWRpc3Bvc2l0aW9uPWlubGluZSUzQitmaWxlbmFtZSUyQSUzRFVURi04JTI3JTI3T3JuaXRoLTEuNS0zNUItUTZfSy5nZ3VmJTNCK2ZpbGVuYW1lJTNEJTIyT3JuaXRoLTEuNS0zNUItUTZfSy5nZ3VmJTIyJTNCIiwiQ29uZGl0aW9uIjp7IkRhdGVMZXNzVGhhbiI6eyJFcG9jaFRpbWUiOjE3ODc4MjY3Mzl9fX1dfQ__&Signature=MEQCIFhGF03R83aBlXk7OnORABhe--xVYJDIf%7EvkbGHcKnG2AiA9EkDAyeE969Z2x0T3AVOo41y-MSuDicbRbt9XBqdmWg__&Key-Pair-Id=01KXEF4KZ1B6FV465MAWR4M21F
[#8b2ec5 23GiB/27GiB(85%) CN:5 DL:4.1MiB ETA:15m59s]
[#8b2ec5 23GiB/27GiB(85%) CN:5 DL:4.5MiB ETA:14m22s]
[#8b2ec5 23GiB/27GiB(85%) CN:5 DL:4.0MiB ETA:16m3s]
[#8b2ec5 23GiB/27GiB(85%) CN:5 DL:4.0MiB ETA:16m7s]
[#8b2ec5 23GiB/27GiB(85%) CN:5 DL:4.0MiB ETA:16m8s]
[#8b2ec5 23GiB/27GiB(85%) CN:5 DL:4.0MiB ETA:16m14s]
 *** Download Progress Summary as of Thu Aug 27 17:32:25 2026 *** 
===============================================================================
[#8b2ec5 23GiB/27GiB(85%) CN:5 DL:4.0MiB ETA:16m1s]
FILE: /Users/wilsonxu/Models/ornith-256k/llamacpp/models/Ornith-1.5-35B-Q6_K.gguf
-------------------------------------------------------------------------------

[#8b2ec5 23GiB/27GiB(85%) CN:5 DL:4.0MiB ETA:16m1s]

08/27 17:32:26 [[1;32mNOTICE[0m] CUID#14 - Redirecting to https://us.aws.cdn.hf.co/xet-bridge-us/6a83fdf1993fbb53ef83dbb1/c5e4bd4e5aead56c29af62fb4180f69b77a2f64cced4d117987bfbfb64860be4?response-content-disposition=inline%3B+filename*%3DUTF-8%27%27Ornith-1.5-35B-Q6_K.gguf%3B+filename%3D%22Ornith-1.5-35B-Q6_K.gguf%22%3B&user_id=public&X-Xet-Cas-Uid=public&Expires=1787826745&Policy=eyJTdGF0ZW1lbnQiOlt7IlJlc291cmNlIjoiaHR0cHM6Ly91cy5hd3MuY2RuLmhmLmNvL3hldC1icmlkZ2UtdXMvNmE4M2ZkZjE5OTNmYmI1M2VmODNkYmIxL2M1ZTRiZDRlNWFlYWQ1NmMyOWFmNjJmYjQxODBmNjliNzdhMmY2NGNjZWQ0ZDExNzk4N2JmYmZiNjQ4NjBiZTRcXD9yZXNwb25zZS1jb250ZW50LWRpc3Bvc2l0aW9uPWlubGluZSUzQitmaWxlbmFtZSUyQSUzRFVURi04JTI3JTI3T3JuaXRoLTEuNS0zNUItUTZfSy5nZ3VmJTNCK2ZpbGVuYW1lJTNEJTIyT3JuaXRoLTEuNS0zNUItUTZfSy5nZ3VmJTIyJTNCJnVzZXJfaWQ9cHVibGljJlgtWGV0LUNhcy1VaWQ9cHVibGljIiwiQ29uZGl0aW9uIjp7IkRhdGVMZXNzVGhhbiI6eyJFcG9jaFRpbWUiOjE3ODc4MjY3NDV9fX1dfQ__&Signature=MEUCIQDBu9xbx2IPxLJO1-8jhbEu77pGlXzphPUY1ZHZ%7ENha5gIgeeODp0VKl5LaaP7-ruKZ1O34GjW70LrBgFtG%7EeQdlNQ_&Key-Pair-Id=01KXEF4KZ1B6FV465MAWR4M21F
[#8b2ec5 23GiB/27GiB(85%) CN:5 DL:4.1MiB ETA:15m49s]
[#8b2ec5 23GiB/27GiB(85%) CN:5 DL:4.2MiB ETA:15m29s]
[#8b2ec5 23GiB/27GiB(85%) CN:5 DL:4.0MiB ETA:16m1s]
[#8b2ec5 23GiB/27GiB(85%) CN:5 DL:3.5MiB ETA:18m14s]
[#8b2ec5 23GiB/27GiB(86%) CN:5 DL:4.3MiB ETA:15m1s]
[#8b2ec5 23GiB/27GiB(86%) CN:5 DL:4.1MiB ETA:15m28s]
[#8b2ec5 23GiB/27GiB(86%) CN:5 DL:4.2MiB ETA:15m13s]
[#8b2ec5 23GiB/27GiB(86%) CN:5 DL:4.6MiB ETA:13m49s]
[#8b2ec5 23GiB/27GiB(86%) CN:5 DL:4.8MiB ETA:13m13s]
[#8b2ec5 23GiB/27GiB(86%) CN:5 DL:5.0MiB ETA:12m38s]
[#8b2ec5 23GiB/27GiB(86%) CN:5 DL:5.3MiB ETA:11m55s]
[#8b2ec5 23GiB/27GiB(86%) CN:5 DL:5.7MiB ETA:11m9s]
[#8b2ec5 23GiB/27GiB(86%) CN:5 DL:6.2MiB ETA:10m12s]
[#8b2ec5 23GiB/27GiB(86%) CN:5 DL:6.0MiB ETA:10m31s]
[#8b2ec5 23GiB/27GiB(86%) CN:5 DL:6.3MiB ETA:10m6s]
[#8b2ec5 23GiB/27GiB(86%) CN:5 DL:6.2MiB ETA:10m9s]
[#8b2ec5 23GiB/27GiB(86%) CN:5 DL:5.8MiB ETA:10m52s]
[#8b2ec5 23GiB/27GiB(86%) CN:5 DL:5.8MiB ETA:10m53s]
[#8b2ec5 23GiB/27GiB(86%) CN:5 DL:5.8MiB ETA:10m54s]
[#8b2ec5 23GiB/27GiB(86%) CN:5 DL:5.5MiB ETA:11m22s]
[#8b2ec5 23GiB/27GiB(86%) CN:5 DL:5.5MiB ETA:11m24s]
[#8b2ec5 23GiB/27GiB(86%) CN:5 DL:5.5MiB ETA:11m27s]
[#8b2ec5 23GiB/27GiB(86%) CN:5 DL:5.4MiB ETA:11m30s]
[#8b2ec5 23GiB/27GiB(86%) CN:5 DL:5.6MiB ETA:11m12s]
[#8b2ec5 23GiB/27GiB(86%) CN:5 DL:5.8MiB ETA:10m46s]
[#8b2ec5 23GiB/27GiB(86%) CN:5 DL:5.5MiB ETA:11m23s]
[#8b2ec5 23GiB/27GiB(86%) CN:5 DL:5.6MiB ETA:11m10s]
[#8b2ec5 23GiB/27GiB(86%) CN:5 DL:5.3MiB ETA:11m47s]
[#8b2ec5 23GiB/27GiB(86%) CN:5 DL:5.3MiB ETA:11m44s]
[#8b2ec5 23GiB/27GiB(86%) CN:5 DL:5.3MiB ETA:11m43s]
[#8b2ec5 23GiB/27GiB(86%) CN:5 DL:5.1MiB ETA:12m10s]
[#8b2ec5 23GiB/27GiB(86%) CN:5 DL:5.1MiB ETA:12m]
[#8b2ec5 23GiB/27GiB(86%) CN:5 DL:5.0MiB ETA:12m14s]
[#8b2ec5 23GiB/27GiB(86%) CN:5 DL:4.7MiB ETA:12m57s]
[#8b2ec5 23GiB/27GiB(86%) CN:5 DL:5.2MiB ETA:11m52s]
[#8b2ec5 23GiB/27GiB(86%) CN:5 DL:4.9MiB ETA:12m34s]
[#8b2ec5 23GiB/27GiB(86%) CN:5 DL:4.9MiB ETA:12m31s]
[#8b2ec5 23GiB/27GiB(86%) CN:5 DL:4.9MiB ETA:12m36s]
[#8b2ec5 23GiB/27GiB(86%) CN:5 DL:4.6MiB ETA:13m14s]
[#8b2ec5 23GiB/27GiB(86%) CN:5 DL:4.7MiB ETA:12m55s]
[#8b2ec5 23GiB/27GiB(86%) CN:5 DL:4.4MiB ETA:13m44s]
[#8b2ec5 23GiB/27GiB(86%) CN:5 DL:4.4MiB ETA:13m43s]
[#8b2ec5 23GiB/27GiB(86%) CN:5 DL:4.4MiB ETA:13m48s]
[#8b2ec5 23GiB/27GiB(86%) CN:5 DL:4.3MiB ETA:14m11s]
[#8b2ec5 23GiB/27GiB(86%) CN:5 DL:4.5MiB ETA:13m32s]
[#8b2ec5 23GiB/27GiB(86%) CN:5 DL:4.3MiB ETA:13m57s]
[#8b2ec5 23GiB/27GiB(86%) CN:5 DL:4.2MiB ETA:14m27s]
[#8b2ec5 23GiB/27GiB(86%) CN:5 DL:4.3MiB ETA:14m1s]
[#8b2ec5 23GiB/27GiB(86%) CN:5 DL:4.1MiB ETA:14m42s]
[#8b2ec5 23GiB/27GiB(86%) CN:5 DL:4.4MiB ETA:13m44s]
[#8b2ec5 23GiB/27GiB(86%) CN:5 DL:4.3MiB ETA:14m2s]
[#8b2ec5 23GiB/27GiB(86%) CN:5 DL:4.2MiB ETA:14m8s]
[#8b2ec5 23GiB/27GiB(86%) CN:5 DL:4.3MiB ETA:14m2s]
[#8b2ec5 23GiB/27GiB(86%) CN:5 DL:4.2MiB ETA:14m14s]
[#8b2ec5 23GiB/27GiB(86%) CN:5 DL:4.3MiB ETA:13m56s]
[#8b2ec5 23GiB/27GiB(86%) CN:5 DL:4.5MiB ETA:13m25s]
[#8b2ec5 23GiB/27GiB(86%) CN:5 DL:4.2MiB ETA:14m15s]
 *** Download Progress Summary as of Thu Aug 27 17:33:26 2026 *** 
===============================================================================
[#8b2ec5 23GiB/27GiB(86%) CN:5 DL:4.3MiB ETA:13m58s]
FILE: /Users/wilsonxu/Models/ornith-256k/llamacpp/models/Ornith-1.5-35B-Q6_K.gguf
-------------------------------------------------------------------------------

[#8b2ec5 23GiB/27GiB(86%) CN:5 DL:4.3MiB ETA:13m58s]
[#8b2ec5 23GiB/27GiB(87%) CN:5 DL:4.1MiB ETA:14m30s]
[#8b2ec5 23GiB/27GiB(87%) CN:5 DL:4.0MiB ETA:15m2s]
[#8b2ec5 23GiB/27GiB(87%) CN:5 DL:4.0MiB ETA:14m40s]
[#8b2ec5 23GiB/27GiB(87%) CN:5 DL:4.0MiB ETA:14m40s]
[#8b2ec5 23GiB/27GiB(87%) CN:5 DL:3.8MiB ETA:15m37s]
[#8b2ec5 23GiB/27GiB(87%) CN:5 DL:4.0MiB ETA:14m47s]
[#8b2ec5 23GiB/27GiB(87%) CN:5 DL:3.9MiB ETA:15m11s]
[#8b2ec5 23GiB/27GiB(87%) CN:5 DL:3.9MiB ETA:15m12s]
[#8b2ec5 23GiB/27GiB(87%) CN:5 DL:3.8MiB ETA:15m41s]
[#8b2ec5 23GiB/27GiB(87%) CN:5 DL:3.8MiB ETA:15m41s]
[#8b2ec5 23GiB/27GiB(87%) CN:5 DL:3.7MiB ETA:15m47s]
[#8b2ec5 23GiB/27GiB(87%) CN:5 DL:3.8MiB ETA:15m37s]
[#8b2ec5 23GiB/27GiB(87%) CN:5 DL:3.7MiB ETA:15m48s]
[#8b2ec5 23GiB/27GiB(87%) CN:5 DL:3.9MiB ETA:15m5s]
[#8b2ec5 23GiB/27GiB(87%) CN:5 DL:3.7MiB ETA:15m43s]
[#8b2ec5 23GiB/27GiB(87%) CN:5 DL:3.7MiB ETA:15m58s]
[#8b2ec5 23GiB/27GiB(87%) CN:5 DL:3.8MiB ETA:15m25s]
[#8b2ec5 23GiB/27GiB(87%) CN:5 DL:3.8MiB ETA:15m20s]
[#8b2ec5 23GiB/27GiB(87%) CN:5 DL:3.5MiB ETA:16m35s]
[#8b2ec5 23GiB/27GiB(87%) CN:5 DL:3.5MiB ETA:16m27s]
[#8b2ec5 23GiB/27GiB(87%) CN:5 DL:3.3MiB ETA:17m30s]
[#8b2ec5 23GiB/27GiB(87%) CN:5 DL:3.4MiB ETA:17m18s]
[#8b2ec5 23GiB/27GiB(87%) CN:5 DL:3.2MiB ETA:18m13s]
[#8b2ec5 23GiB/27GiB(87%) CN:5 DL:3.1MiB ETA:18m50s]
[#8b2ec5 23GiB/27GiB(87%) CN:5 DL:3.2MiB ETA:18m6s]
[#8b2ec5 23GiB/27GiB(87%) CN:5 DL:3.1MiB ETA:18m31s]
[#8b2ec5 23GiB/27GiB(87%) CN:5 DL:3.1MiB ETA:18m34s]
[#8b2ec5 23GiB/27GiB(87%) CN:5 DL:3.2MiB ETA:18m10s]
[#8b2ec5 23GiB/27GiB(87%) CN:5 DL:3.1MiB ETA:18m50s]
[#8b2ec5 23GiB/27GiB(87%) CN:5 DL:3.0MiB ETA:18m55s]
[#8b2ec5 23GiB/27GiB(87%) CN:5 DL:2.9MiB ETA:19m57s]
[#8b2ec5 23GiB/27GiB(87%) CN:5 DL:3.0MiB ETA:19m26s]
[#8b2ec5 23GiB/27GiB(87%) CN:5 DL:3.0MiB ETA:19m10s]
[#8b2ec5 23GiB/27GiB(87%) CN:5 DL:2.9MiB ETA:19m43s]
[#8b2ec5 23GiB/27GiB(87%) CN:5 DL:2.8MiB ETA:20m36s]
[#8b2ec5 23GiB/27GiB(87%) CN:5 DL:2.7MiB ETA:20m51s]
[#8b2ec5 23GiB/27GiB(87%) CN:5 DL:2.9MiB ETA:19m48s]
[#8b2ec5 23GiB/27GiB(87%) CN:5 DL:3.0MiB ETA:19m12s]
[#8b2ec5 23GiB/27GiB(87%) CN:5 DL:2.9MiB ETA:19m49s]
[#8b2ec5 23GiB/27GiB(87%) CN:5 DL:3.0MiB ETA:19m9s]
[#8b2ec5 23GiB/27GiB(87%) CN:5 DL:2.9MiB ETA:19m28s]
[#8b2ec5 23GiB/27GiB(87%) CN:5 DL:3.0MiB ETA:19m4s]
[#8b2ec5 23GiB/27GiB(87%) CN:5 DL:2.9MiB ETA:19m16s]
[#8b2ec5 23GiB/27GiB(87%) CN:5 DL:3.1MiB ETA:18m15s]
[#8b2ec5 23GiB/27GiB(87%) CN:5 DL:3.1MiB ETA:18m11s]
[#8b2ec5 23GiB/27GiB(87%) CN:5 DL:3.2MiB ETA:17m58s]
[#8b2ec5 23GiB/27GiB(87%) CN:5 DL:3.2MiB ETA:17m50s]
[#8b2ec5 23GiB/27GiB(87%) CN:5 DL:3.2MiB ETA:17m36s]
[#8b2ec5 23GiB/27GiB(87%) CN:5 DL:2.9MiB ETA:19m14s]
[#8b2ec5 23GiB/27GiB(87%) CN:5 DL:3.1MiB ETA:18m18s]
[#8b2ec5 23GiB/27GiB(87%) CN:5 DL:3.0MiB ETA:18m33s]
[#8b2ec5 23GiB/27GiB(87%) CN:5 DL:3.1MiB ETA:18m23s]
[#8b2ec5 23GiB/27GiB(87%) CN:5 DL:3.0MiB ETA:18m33s]
[#8b2ec5 23GiB/27GiB(87%) CN:5 DL:3.1MiB ETA:18m23s]
[#8b2ec5 23GiB/27GiB(87%) CN:5 DL:3.1MiB ETA:18m23s]
[#8b2ec5 23GiB/27GiB(87%) CN:5 DL:3.1MiB ETA:17m52s]
[#8b2ec5 23GiB/27GiB(87%) CN:5 DL:3.3MiB ETA:16m58s]
 *** Download Progress Summary as of Thu Aug 27 17:34:27 2026 *** 
===============================================================================
[#8b2ec5 23GiB/27GiB(87%) CN:5 DL:3.5MiB ETA:16m9s]
FILE: /Users/wilsonxu/Models/ornith-256k/llamacpp/models/Ornith-1.5-35B-Q6_K.gguf
-------------------------------------------------------------------------------

[#8b2ec5 23GiB/27GiB(87%) CN:5 DL:3.5MiB ETA:16m9s]
[#8b2ec5 23GiB/27GiB(87%) CN:5 DL:3.2MiB ETA:17m33s]
[#8b2ec5 23GiB/27GiB(87%) CN:5 DL:3.2MiB ETA:17m33s]
[#8b2ec5 23GiB/27GiB(87%) CN:5 DL:3.2MiB ETA:17m17s]
[#8b2ec5 23GiB/27GiB(87%) CN:5 DL:3.3MiB ETA:16m56s]
[#8b2ec5 23GiB/27GiB(87%) CN:5 DL:3.3MiB ETA:16m47s]
[#8b2ec5 23GiB/27GiB(87%) CN:5 DL:3.3MiB ETA:16m58s]
[#8b2ec5 23GiB/27GiB(87%) CN:5 DL:3.3MiB ETA:16m53s]
[#8b2ec5 23GiB/27GiB(87%) CN:5 DL:3.2MiB ETA:17m32s]
[#8b2ec5 23GiB/27GiB(87%) CN:5 DL:3.3MiB ETA:16m58s]
[#8b2ec5 23GiB/27GiB(87%) CN:5 DL:3.4MiB ETA:16m25s]
[#8b2ec5 23GiB/27GiB(87%) CN:5 DL:3.3MiB ETA:16m50s]
[#8b2ec5 23GiB/27GiB(87%) CN:5 DL:3.4MiB ETA:16m24s]
[#8b2ec5 23GiB/27GiB(87%) CN:5 DL:3.3MiB ETA:16m38s]
[#8b2ec5 23GiB/27GiB(87%) CN:5 DL:3.3MiB ETA:16m37s]
[#8b2ec5 23GiB/27GiB(87%) CN:5 DL:3.3MiB ETA:16m32s]
[#8b2ec5 23GiB/27GiB(87%) CN:5 DL:3.3MiB ETA:16m39s]
[#8b2ec5 23GiB/27GiB(87%) CN:5 DL:3.5MiB ETA:15m53s]
[#8b2ec5 23GiB/27GiB(87%) CN:5 DL:3.4MiB ETA:16m10s]
[#8b2ec5 23GiB/27GiB(87%) CN:5 DL:3.7MiB ETA:14m48s]
[#8b2ec5 23GiB/27GiB(87%) CN:5 DL:3.9MiB ETA:13m58s]
[#8b2ec5 23GiB/27GiB(88%) CN:5 DL:3.6MiB ETA:15m6s]
[#8b2ec5 23GiB/27GiB(88%) CN:5 DL:3.7MiB ETA:14m43s]
[#8b2ec5 23GiB/27GiB(88%) CN:5 DL:3.8MiB ETA:14m33s]
[#8b2ec5 23GiB/27GiB(88%) CN:5 DL:3.7MiB ETA:14m50s]
[#8b2ec5 23GiB/27GiB(88%) CN:5 DL:3.9MiB ETA:14m9s]
[#8b2ec5 23GiB/27GiB(88%) CN:5 DL:3.8MiB ETA:14m23s]
[#8b2ec5 23GiB/27GiB(88%) CN:5 DL:3.9MiB ETA:13m54s]
[#8b2ec5 23GiB/27GiB(88%) CN:5 DL:3.7MiB ETA:14m33s]
[#8b2ec5 23GiB/27GiB(88%) CN:5 DL:3.7MiB ETA:14m33s]
[#8b2ec5 23GiB/27GiB(88%) CN:5 DL:4.0MiB ETA:13m39s]
[#8b2ec5 23GiB/27GiB(88%) CN:5 DL:3.7MiB ETA:14m42s]
[#8b2ec5 23GiB/27GiB(88%) CN:5 DL:3.9MiB ETA:14m]
[#8b2ec5 23GiB/27GiB(88%) CN:5 DL:4.0MiB ETA:13m28s]
[#8b2ec5 23GiB/27GiB(88%) CN:5 DL:3.9MiB ETA:14m]
[#8b2ec5 23GiB/27GiB(88%) CN:5 DL:4.0MiB ETA:13m29s]
[#8b2ec5 24GiB/27GiB(88%) CN:5 DL:4.1MiB ETA:13m10s]
[#8b2ec5 24GiB/27GiB(88%) CN:5 DL:4.2MiB ETA:12m43s]
[#8b2ec5 24GiB/27GiB(88%) CN:5 DL:4.2MiB ETA:12m40s]
[#8b2ec5 24GiB/27GiB(88%) CN:5 DL:4.2MiB ETA:12m49s]
[#8b2ec5 24GiB/27GiB(88%) CN:5 DL:4.7MiB ETA:11m26s]
[#8b2ec5 24GiB/27GiB(88%) CN:5 DL:4.3MiB ETA:12m34s]
[#8b2ec5 24GiB/27GiB(88%) CN:5 DL:4.1MiB ETA:12m59s]
[#8b2ec5 24GiB/27GiB(88%) CN:5 DL:4.3MiB ETA:12m27s]
[#8b2ec5 24GiB/27GiB(88%) CN:5 DL:4.3MiB ETA:12m29s]
[#8b2ec5 24GiB/27GiB(88%) CN:5 DL:4.2MiB ETA:12m44s]
[#8b2ec5 24GiB/27GiB(88%) CN:5 DL:4.2MiB ETA:12m35s]
[#8b2ec5 24GiB/27GiB(88%) CN:5 DL:4.3MiB ETA:12m29s]
[#8b2ec5 24GiB/27GiB(88%) CN:5 DL:4.2MiB ETA:12m44s]
[#8b2ec5 24GiB/27GiB(88%) CN:5 DL:4.2MiB ETA:12m44s]
[#8b2ec5 24GiB/27GiB(88%) CN:5 DL:4.6MiB ETA:11m37s]
[#8b2ec5 24GiB/27GiB(88%) CN:5 DL:4.2MiB ETA:12m34s]
[#8b2ec5 24GiB/27GiB(88%) CN:5 DL:4.1MiB ETA:12m44s]
[#8b2ec5 24GiB/27GiB(88%) CN:5 DL:4.2MiB ETA:12m34s]
[#8b2ec5 24GiB/27GiB(88%) CN:5 DL:4.3MiB ETA:12m21s]
[#8b2ec5 24GiB/27GiB(88%) CN:5 DL:4.3MiB ETA:12m16s]
[#8b2ec5 24GiB/27GiB(88%) CN:5 DL:3.9MiB ETA:13m17s]
[#8b2ec5 24GiB/27GiB(88%) CN:5 DL:3.9MiB ETA:13m27s]
 *** Download Progress Summary as of Thu Aug 27 17:35:28 2026 *** 
===============================================================================
[#8b2ec5 24GiB/27GiB(88%) CN:5 DL:3.8MiB ETA:13m36s]
FILE: /Users/wilsonxu/Models/ornith-256k/llamacpp/models/Ornith-1.5-35B-Q6_K.gguf
-------------------------------------------------------------------------------

[#8b2ec5 24GiB/27GiB(88%) CN:5 DL:3.8MiB ETA:13m36s]
[#8b2ec5 24GiB/27GiB(88%) CN:5 DL:3.7MiB ETA:14m12s]
[#8b2ec5 24GiB/27GiB(88%) CN:5 DL:4.2MiB ETA:12m34s]
[#8b2ec5 24GiB/27GiB(88%) CN:5 DL:3.9MiB ETA:13m17s]
[#8b2ec5 24GiB/27GiB(88%) CN:5 DL:3.5MiB ETA:14m43s]
[#8b2ec5 24GiB/27GiB(88%) CN:5 DL:3.5MiB ETA:14m39s]
[#8b2ec5 24GiB/27GiB(88%) CN:5 DL:3.6MiB ETA:14m35s]
[#8b2ec5 24GiB/27GiB(88%) CN:5 DL:3.7MiB ETA:13m52s]
[#8b2ec5 24GiB/27GiB(88%) CN:5 DL:3.8MiB ETA:13m47s]
[#8b2ec5 24GiB/27GiB(88%) CN:5 DL:3.9MiB ETA:13m23s]
[#8b2ec5 24GiB/27GiB(88%) CN:5 DL:3.8MiB ETA:13m29s]
[#8b2ec5 24GiB/27GiB(88%) CN:5 DL:3.6MiB ETA:14m14s]
[#8b2ec5 24GiB/27GiB(88%) CN:5 DL:4.0MiB ETA:13m1s]
[#8b2ec5 24GiB/27GiB(88%) CN:5 DL:3.8MiB ETA:13m42s]
[#8b2ec5 24GiB/27GiB(88%) CN:5 DL:3.9MiB ETA:13m20s]
[#8b2ec5 24GiB/27GiB(88%) CN:5 DL:3.7MiB ETA:13m59s]
[#8b2ec5 24GiB/27GiB(88%) CN:5 DL:3.6MiB ETA:14m19s]
[#8b2ec5 24GiB/27GiB(88%) CN:5 DL:3.7MiB ETA:13m57s]
[#8b2ec5 24GiB/27GiB(88%) CN:5 DL:3.6MiB ETA:14m1s]

08/27 17:35:47 [[1;32mNOTICE[0m] CUID#18 - Redirecting to https://us.aws.cdn.hf.co/xet-bridge-us/6a83fdf1993fbb53ef83dbb1/c5e4bd4e5aead56c29af62fb4180f69b77a2f64cced4d117987bfbfb64860be4?response-content-disposition=inline%3B+filename*%3DUTF-8%27%27Ornith-1.5-35B-Q6_K.gguf%3B+filename%3D%22Ornith-1.5-35B-Q6_K.gguf%22%3B&user_id=public&X-Xet-Cas-Uid=public&Expires=1787826947&Policy=eyJTdGF0ZW1lbnQiOlt7IlJlc291cmNlIjoiaHR0cHM6Ly91cy5hd3MuY2RuLmhmLmNvL3hldC1icmlkZ2UtdXMvNmE4M2ZkZjE5OTNmYmI1M2VmODNkYmIxL2M1ZTRiZDRlNWFlYWQ1NmMyOWFmNjJmYjQxODBmNjliNzdhMmY2NGNjZWQ0ZDExNzk4N2JmYmZiNjQ4NjBiZTRcXD9yZXNwb25zZS1jb250ZW50LWRpc3Bvc2l0aW9uPWlubGluZSUzQitmaWxlbmFtZSUyQSUzRFVURi04JTI3JTI3T3JuaXRoLTEuNS0zNUItUTZfSy5nZ3VmJTNCK2ZpbGVuYW1lJTNEJTIyT3JuaXRoLTEuNS0zNUItUTZfSy5nZ3VmJTIyJTNCJnVzZXJfaWQ9cHVibGljJlgtWGV0LUNhcy1VaWQ9cHVibGljIiwiQ29uZGl0aW9uIjp7IkRhdGVMZXNzVGhhbiI6eyJFcG9jaFRpbWUiOjE3ODc4MjY5NDd9fX1dfQ__&Signature=MEUCIElUZWtC4mFLIjjIAQxvI5NlPdobhfZqz3ZILcfJ9N7PAiEAwbog0I1gsdosmtJ1K6wXX06XE74Kz0F4Ui7eoz-WK8w_&Key-Pair-Id=01KXEF4KZ1B6FV465MAWR4M21F
[#8b2ec5 24GiB/27GiB(88%) CN:5 DL:3.6MiB ETA:14m3s]
[#8b2ec5 24GiB/27GiB(88%) CN:5 DL:3.6MiB ETA:14m2s]
[#8b2ec5 24GiB/27GiB(88%) CN:5 DL:3.7MiB ETA:13m55s]
[#8b2ec5 24GiB/27GiB(88%) CN:5 DL:4.0MiB ETA:12m40s]
[#8b2ec5 24GiB/27GiB(88%) CN:5 DL:3.8MiB ETA:13m22s]
[#8b2ec5 24GiB/27GiB(88%) CN:5 DL:3.8MiB ETA:13m23s]
[#8b2ec5 24GiB/27GiB(88%) CN:5 DL:3.8MiB ETA:13m13s]
[#8b2ec5 24GiB/27GiB(88%) CN:5 DL:3.8MiB ETA:13m16s]
[#8b2ec5 24GiB/27GiB(88%) CN:5 DL:4.0MiB ETA:12m47s]
[#8b2ec5 24GiB/27GiB(88%) CN:5 DL:4.1MiB ETA:12m25s]
[#8b2ec5 24GiB/27GiB(89%) CN:5 DL:4.2MiB ETA:12m8s]
[#8b2ec5 24GiB/27GiB(89%) CN:5 DL:4.2MiB ETA:12m7s]
[#8b2ec5 24GiB/27GiB(89%) CN:5 DL:4.2MiB ETA:12m3s]
[#8b2ec5 24GiB/27GiB(89%) CN:5 DL:4.4MiB ETA:11m25s]
[#8b2ec5 24GiB/27GiB(89%) CN:5 DL:4.4MiB ETA:11m30s]
[#8b2ec5 24GiB/27GiB(89%) CN:5 DL:4.2MiB ETA:11m51s]
[#8b2ec5 24GiB/27GiB(89%) CN:5 DL:4.3MiB ETA:11m32s]
[#8b2ec5 24GiB/27GiB(89%) CN:5 DL:4.3MiB ETA:11m41s]
[#8b2ec5 24GiB/27GiB(89%) CN:5 DL:4.2MiB ETA:11m54s]
[#8b2ec5 24GiB/27GiB(89%) CN:5 DL:4.1MiB ETA:12m1s]
[#8b2ec5 24GiB/27GiB(89%) CN:5 DL:4.2MiB ETA:11m53s]
[#8b2ec5 24GiB/27GiB(89%) CN:5 DL:4.3MiB ETA:11m35s]
[#8b2ec5 24GiB/27GiB(89%) CN:5 DL:4.1MiB ETA:12m12s]
[#8b2ec5 24GiB/27GiB(89%) CN:5 DL:4.5MiB ETA:10m58s]
[#8b2ec5 24GiB/27GiB(89%) CN:5 DL:4.4MiB ETA:11m9s]
[#8b2ec5 24GiB/27GiB(89%) CN:5 DL:4.3MiB ETA:11m33s]
[#8b2ec5 24GiB/27GiB(89%) CN:5 DL:4.4MiB ETA:11m8s]
[#8b2ec5 24GiB/27GiB(89%) CN:5 DL:4.5MiB ETA:10m51s]
[#8b2ec5 24GiB/27GiB(89%) CN:5 DL:4.5MiB ETA:10m51s]
[#8b2ec5 24GiB/27GiB(89%) CN:5 DL:4.7MiB ETA:10m24s]
[#8b2ec5 24GiB/27GiB(89%) CN:5 DL:4.7MiB ETA:10m21s]
[#8b2ec5 24GiB/27GiB(89%) CN:5 DL:5.1MiB ETA:9m38s]
[#8b2ec5 24GiB/27GiB(89%) CN:5 DL:4.9MiB ETA:9m53s]
[#8b2ec5 24GiB/27GiB(89%) CN:5 DL:5.3MiB ETA:9m16s]
[#8b2ec5 24GiB/27GiB(89%) CN:5 DL:5.2MiB ETA:9m22s]
[#8b2ec5 24GiB/27GiB(89%) CN:5 DL:4.9MiB ETA:9m49s]
[#8b2ec5 24GiB/27GiB(89%) CN:5 DL:4.9MiB ETA:9m48s]
[#8b2ec5 24GiB/27GiB(89%) CN:5 DL:4.9MiB ETA:9m47s]
[#8b2ec5 24GiB/27GiB(89%) CN:5 DL:4.9MiB ETA:9m47s]
 *** Download Progress Summary as of Thu Aug 27 17:36:29 2026 *** 
===============================================================================
[#8b2ec5 24GiB/27GiB(89%) CN:5 DL:5.1MiB ETA:9m27s]
FILE: /Users/wilsonxu/Models/ornith-256k/llamacpp/models/Ornith-1.5-35B-Q6_K.gguf
-------------------------------------------------------------------------------

[#8b2ec5 24GiB/27GiB(89%) CN:5 DL:5.1MiB ETA:9m27s]
[#8b2ec5 24GiB/27GiB(89%) CN:5 DL:4.8MiB ETA:9m58s]
[#8b2ec5 24GiB/27GiB(89%) CN:5 DL:5.2MiB ETA:9m18s]
[#8b2ec5 24GiB/27GiB(89%) CN:5 DL:4.9MiB ETA:9m41s]
[#8b2ec5 24GiB/27GiB(89%) CN:5 DL:5.2MiB ETA:9m15s]
[#8b2ec5 24GiB/27GiB(89%) CN:5 DL:5.5MiB ETA:8m41s]
[#8b2ec5 24GiB/27GiB(89%) CN:5 DL:5.2MiB ETA:9m9s]
[#8b2ec5 24GiB/27GiB(89%) CN:5 DL:5.2MiB ETA:9m6s]
[#8b2ec5 24GiB/27GiB(89%) CN:5 DL:5.4MiB ETA:8m51s]
[#8b2ec5 24GiB/27GiB(89%) CN:5 DL:5.3MiB ETA:8m54s]
[#8b2ec5 24GiB/27GiB(89%) CN:5 DL:5.3MiB ETA:8m50s]
[#8b2ec5 24GiB/27GiB(89%) CN:5 DL:5.2MiB ETA:9m1s]
[#8b2ec5 24GiB/27GiB(89%) CN:5 DL:5.4MiB ETA:8m42s]
[#8b2ec5 24GiB/27GiB(89%) CN:5 DL:5.4MiB ETA:8m44s]
[#8b2ec5 24GiB/27GiB(89%) CN:5 DL:5.2MiB ETA:8m55s]
[#8b2ec5 24GiB/27GiB(89%) CN:5 DL:5.4MiB ETA:8m44s]

08/27 17:36:45 [[1;32mNOTICE[0m] CUID#23 - Redirecting to https://us.aws.cdn.hf.co/xet-bridge-us/6a83fdf1993fbb53ef83dbb1/c5e4bd4e5aead56c29af62fb4180f69b77a2f64cced4d117987bfbfb64860be4?X-Xet-Cas-Uid=public&user_id=public&response-content-disposition=inline%3B+filename*%3DUTF-8%27%27Ornith-1.5-35B-Q6_K.gguf%3B+filename%3D%22Ornith-1.5-35B-Q6_K.gguf%22%3B&Expires=1787827004&Policy=eyJTdGF0ZW1lbnQiOlt7IlJlc291cmNlIjoiaHR0cHM6Ly91cy5hd3MuY2RuLmhmLmNvL3hldC1icmlkZ2UtdXMvNmE4M2ZkZjE5OTNmYmI1M2VmODNkYmIxL2M1ZTRiZDRlNWFlYWQ1NmMyOWFmNjJmYjQxODBmNjliNzdhMmY2NGNjZWQ0ZDExNzk4N2JmYmZiNjQ4NjBiZTRcXD9YLVhldC1DYXMtVWlkPXB1YmxpYyZ1c2VyX2lkPXB1YmxpYyZyZXNwb25zZS1jb250ZW50LWRpc3Bvc2l0aW9uPWlubGluZSUzQitmaWxlbmFtZSUyQSUzRFVURi04JTI3JTI3T3JuaXRoLTEuNS0zNUItUTZfSy5nZ3VmJTNCK2ZpbGVuYW1lJTNEJTIyT3JuaXRoLTEuNS0zNUItUTZfSy5nZ3VmJTIyJTNCIiwiQ29uZGl0aW9uIjp7IkRhdGVMZXNzVGhhbiI6eyJFcG9jaFRpbWUiOjE3ODc4MjcwMDR9fX1dfQ__&Signature=MEYCIQD1F96YlaLo235qm786zWhYhDJ-bHXIJqxGym6oUO8RIAIhAM51aLOmUrzunwnRMcEnpq7L1pY1GNH-Y4ngyIKLxrMt&Key-Pair-Id=01KXEF4KZ1B6FV465MAWR4M21F
[#8b2ec5 24GiB/27GiB(89%) CN:5 DL:5.1MiB ETA:9m9s]
[#8b2ec5 24GiB/27GiB(89%) CN:5 DL:4.9MiB ETA:9m33s]
[#8b2ec5 24GiB/27GiB(89%) CN:5 DL:5.0MiB ETA:9m19s]
[#8b2ec5 24GiB/27GiB(89%) CN:5 DL:5.0MiB ETA:9m17s]
[#8b2ec5 24GiB/27GiB(89%) CN:5 DL:5.0MiB ETA:9m18s]
[#8b2ec5 24GiB/27GiB(89%) CN:5 DL:5.0MiB ETA:9m11s]
[#8b2ec5 24GiB/27GiB(89%) CN:5 DL:5.1MiB ETA:9m4s]
[#8b2ec5 24GiB/27GiB(89%) CN:5 DL:5.4MiB ETA:8m33s]
[#8b2ec5 24GiB/27GiB(90%) CN:5 DL:5.6MiB ETA:8m14s]
[#8b2ec5 24GiB/27GiB(90%) CN:5 DL:6.0MiB ETA:7m39s]
[#8b2ec5 24GiB/27GiB(90%) CN:5 DL:5.8MiB ETA:7m54s]
[#8b2ec5 24GiB/27GiB(90%) CN:5 DL:5.7MiB ETA:7m57s]
[#8b2ec5 24GiB/27GiB(90%) CN:5 DL:5.8MiB ETA:7m52s]
[#8b2ec5 24GiB/27GiB(90%) CN:5 DL:5.9MiB ETA:7m44s]
[#8b2ec5 24GiB/27GiB(90%) CN:5 DL:5.7MiB ETA:7m58s]
[#8b2ec5 24GiB/27GiB(90%) CN:5 DL:5.8MiB ETA:7m45s]
[#8b2ec5 24GiB/27GiB(90%) CN:5 DL:5.7MiB ETA:7m54s]
[#8b2ec5 24GiB/27GiB(90%) CN:5 DL:5.5MiB ETA:8m12s]
[#8b2ec5 24GiB/27GiB(90%) CN:5 DL:5.4MiB ETA:8m18s]
[#8b2ec5 24GiB/27GiB(90%) CN:5 DL:5.6MiB ETA:8m2s]
[#8b2ec5 24GiB/27GiB(90%) CN:5 DL:5.3MiB ETA:8m24s]
[#8b2ec5 24GiB/27GiB(90%) CN:5 DL:5.3MiB ETA:8m25s]
[#8b2ec5 24GiB/27GiB(90%) CN:5 DL:5.3MiB ETA:8m20s]
[#8b2ec5 24GiB/27GiB(90%) CN:5 DL:5.2MiB ETA:8m30s]
[#8b2ec5 24GiB/27GiB(90%) CN:5 DL:5.1MiB ETA:8m40s]
[#8b2ec5 24GiB/27GiB(90%) CN:5 DL:5.0MiB ETA:8m52s]
[#8b2ec5 24GiB/27GiB(90%) CN:5 DL:4.9MiB ETA:9m1s]
[#8b2ec5 24GiB/27GiB(90%) CN:5 DL:4.9MiB ETA:9m5s]
[#8b2ec5 24GiB/27GiB(90%) CN:5 DL:5.0MiB ETA:8m50s]
[#8b2ec5 24GiB/27GiB(90%) CN:5 DL:5.1MiB ETA:8m37s]
[#8b2ec5 24GiB/27GiB(90%) CN:5 DL:4.8MiB ETA:9m8s]
[#8b2ec5 24GiB/27GiB(90%) CN:5 DL:4.6MiB ETA:9m33s]
[#8b2ec5 24GiB/27GiB(90%) CN:5 DL:4.6MiB ETA:9m36s]
[#8b2ec5 24GiB/27GiB(90%) CN:5 DL:4.6MiB ETA:9m30s]
[#8b2ec5 24GiB/27GiB(90%) CN:5 DL:4.6MiB ETA:9m30s]
[#8b2ec5 24GiB/27GiB(90%) CN:5 DL:4.8MiB ETA:9m8s]
[#8b2ec5 24GiB/27GiB(90%) CN:5 DL:4.8MiB ETA:9m6s]
[#8b2ec5 24GiB/27GiB(90%) CN:5 DL:4.7MiB ETA:9m17s]
[#8b2ec5 24GiB/27GiB(90%) CN:5 DL:4.6MiB ETA:9m24s]
[#8b2ec5 24GiB/27GiB(90%) CN:5 DL:4.8MiB ETA:8m54s]
[#8b2ec5 24GiB/27GiB(90%) CN:5 DL:4.5MiB ETA:9m39s]
[#8b2ec5 24GiB/27GiB(90%) CN:5 DL:4.3MiB ETA:10m2s]
 *** Download Progress Summary as of Thu Aug 27 17:37:29 2026 *** 
===============================================================================
[#8b2ec5 24GiB/27GiB(90%) CN:5 DL:4.1MiB ETA:10m28s]
FILE: /Users/wilsonxu/Models/ornith-256k/llamacpp/models/Ornith-1.5-35B-Q6_K.gguf
-------------------------------------------------------------------------------

[#8b2ec5 24GiB/27GiB(90%) CN:5 DL:4.1MiB ETA:10m28s]
[#8b2ec5 24GiB/27GiB(90%) CN:5 DL:4.0MiB ETA:10m38s]
[#8b2ec5 24GiB/27GiB(90%) CN:5 DL:4.0MiB ETA:10m43s]
[#8b2ec5 24GiB/27GiB(90%) CN:5 DL:3.9MiB ETA:10m54s]
[#8b2ec5 24GiB/27GiB(90%) CN:5 DL:3.8MiB ETA:11m8s]
[#8b2ec5 24GiB/27GiB(90%) CN:5 DL:3.7MiB ETA:11m25s]
[#8b2ec5 24GiB/27GiB(90%) CN:5 DL:3.7MiB ETA:11m23s]
[#8b2ec5 24GiB/27GiB(90%) CN:5 DL:4.0MiB ETA:10m35s]
[#8b2ec5 24GiB/27GiB(90%) CN:5 DL:4.0MiB ETA:10m33s]
[#8b2ec5 24GiB/27GiB(90%) CN:5 DL:3.9MiB ETA:10m44s]
[#8b2ec5 24GiB/27GiB(90%) CN:5 DL:4.1MiB ETA:10m20s]
[#8b2ec5 24GiB/27GiB(90%) CN:5 DL:4.1MiB ETA:10m21s]
[#8b2ec5 24GiB/27GiB(90%) CN:5 DL:4.0MiB ETA:10m33s]
[#8b2ec5 24GiB/27GiB(90%) CN:5 DL:3.9MiB ETA:10m43s]
[#8b2ec5 24GiB/27GiB(90%) CN:5 DL:4.0MiB ETA:10m22s]
[#8b2ec5 24GiB/27GiB(90%) CN:5 DL:4.0MiB ETA:10m35s]
[#8b2ec5 24GiB/27GiB(90%) CN:5 DL:4.0MiB ETA:10m28s]
[#8b2ec5 24GiB/27GiB(90%) CN:5 DL:4.3MiB ETA:9m36s]
[#8b2ec5 24GiB/27GiB(90%) CN:5 DL:4.0MiB ETA:10m26s]
[#8b2ec5 24GiB/27GiB(90%) CN:5 DL:3.7MiB ETA:11m15s]
[#8b2ec5 24GiB/27GiB(90%) CN:5 DL:3.6MiB ETA:11m39s]
[#8b2ec5 24GiB/27GiB(90%) CN:5 DL:3.7MiB ETA:11m15s]
[#8b2ec5 24GiB/27GiB(90%) CN:5 DL:3.7MiB ETA:11m10s]
[#8b2ec5 24GiB/27GiB(90%) CN:5 DL:3.7MiB ETA:11m11s]
[#8b2ec5 24GiB/27GiB(90%) CN:5 DL:3.5MiB ETA:11m42s]
[#8b2ec5 24GiB/27GiB(91%) CN:5 DL:3.7MiB ETA:11m16s]
[#8b2ec5 24GiB/27GiB(91%) CN:5 DL:3.4MiB ETA:12m9s]
[#8b2ec5 24GiB/27GiB(91%) CN:5 DL:3.8MiB ETA:10m49s]
[#8b2ec5 24GiB/27GiB(91%) CN:5 DL:3.7MiB ETA:11m12s]
[#8b2ec5 24GiB/27GiB(91%) CN:5 DL:3.6MiB ETA:11m15s]
[#8b2ec5 24GiB/27GiB(91%) CN:5 DL:3.6MiB ETA:11m19s]
[#8b2ec5 24GiB/27GiB(91%) CN:5 DL:3.7MiB ETA:11m9s]
[#8b2ec5 24GiB/27GiB(91%) CN:5 DL:3.5MiB ETA:11m42s]
[#8b2ec5 24GiB/27GiB(91%) CN:5 DL:3.8MiB ETA:10m44s]
[#8b2ec5 24GiB/27GiB(91%) CN:5 DL:3.8MiB ETA:10m35s]
[#8b2ec5 24GiB/27GiB(91%) CN:5 DL:3.7MiB ETA:10m55s]
[#8b2ec5 24GiB/27GiB(91%) CN:5 DL:3.9MiB ETA:10m24s]
[#8b2ec5 24GiB/27GiB(91%) CN:5 DL:4.4MiB ETA:9m5s]
[#8b2ec5 24GiB/27GiB(91%) CN:5 DL:4.3MiB ETA:9m19s]
[#8b2ec5 24GiB/27GiB(91%) CN:5 DL:4.2MiB ETA:9m41s]
[#8b2ec5 24GiB/27GiB(91%) CN:5 DL:3.9MiB ETA:10m20s]
[#8b2ec5 24GiB/27GiB(91%) CN:5 DL:3.8MiB ETA:10m39s]
[#8b2ec5 24GiB/27GiB(91%) CN:5 DL:3.4MiB ETA:11m50s]
[#8b2ec5 24GiB/27GiB(91%) CN:5 DL:2.9MiB ETA:13m45s]
[#8b2ec5 24GiB/27GiB(91%) CN:5 DL:2.8MiB ETA:14m11s]
[#8b2ec5 24GiB/27GiB(91%) CN:5 DL:2.4MiB ETA:16m33s]
[#8b2ec5 24GiB/27GiB(91%) CN:5 DL:1.7MiB ETA:22m41s]
[#8b2ec5 24GiB/27GiB(91%) CN:5 DL:1.5MiB ETA:25m32s]
[#8b2ec5 24GiB/27GiB(91%) CN:5 DL:1.4MiB ETA:27m43s]
[#8b2ec5 24GiB/27GiB(91%) CN:5 DL:1.4MiB ETA:27m36s]
[#8b2ec5 24GiB/27GiB(91%) CN:5 DL:1.5MiB ETA:26m53s]
[#8b2ec5 24GiB/27GiB(91%) CN:5 DL:1.5MiB ETA:26m8s]
[#8b2ec5 24GiB/27GiB(91%) CN:5 DL:1.5MiB ETA:26m50s]
[#8b2ec5 24GiB/27GiB(91%) CN:5 DL:1.5MiB ETA:26m53s]
[#8b2ec5 24GiB/27GiB(91%) CN:5 DL:1.5MiB ETA:25m54s]
[#8b2ec5 24GiB/27GiB(91%) CN:5 DL:1.7MiB ETA:23m28s]
 *** Download Progress Summary as of Thu Aug 27 17:38:30 2026 *** 
===============================================================================
[#8b2ec5 24GiB/27GiB(91%) CN:5 DL:1.7MiB ETA:23m3s]
FILE: /Users/wilsonxu/Models/ornith-256k/llamacpp/models/Ornith-1.5-35B-Q6_K.gguf
-------------------------------------------------------------------------------

[#8b2ec5 24GiB/27GiB(91%) CN:5 DL:1.7MiB ETA:23m3s]
[#8b2ec5 24GiB/27GiB(91%) CN:5 DL:1.6MiB ETA:24m12s]
[#8b2ec5 24GiB/27GiB(91%) CN:5 DL:1.6MiB ETA:25m6s]
[#8b2ec5 24GiB/27GiB(91%) CN:5 DL:1.6MiB ETA:25m5s]
[#8b2ec5 24GiB/27GiB(91%) CN:5 DL:1.4MiB ETA:27m5s]
[#8b2ec5 24GiB/27GiB(91%) CN:5 DL:1.6MiB ETA:24m40s]
[#8b2ec5 24GiB/27GiB(91%) CN:5 DL:1.5MiB ETA:26m11s]
[#8b2ec5 24GiB/27GiB(91%) CN:5 DL:1.5MiB ETA:25m43s]
[#8b2ec5 24GiB/27GiB(91%) CN:5 DL:1.2MiB ETA:31m20s]
[#8b2ec5 24GiB/27GiB(91%) CN:5 DL:1.3MiB ETA:28m59s]
[#8b2ec5 24GiB/27GiB(91%) CN:5 DL:1.4MiB ETA:28m34s]
[#8b2ec5 24GiB/27GiB(91%) CN:5 DL:1.3MiB ETA:30m13s]
[#8b2ec5 24GiB/27GiB(91%) CN:5 DL:1.3MiB ETA:30m38s]
[#8b2ec5 24GiB/27GiB(91%) CN:5 DL:1.2MiB ETA:31m48s]
[#8b2ec5 24GiB/27GiB(91%) CN:5 DL:1.1MiB ETA:34m7s]
[#8b2ec5 24GiB/27GiB(91%) CN:5 DL:1.2MiB ETA:31m41s]
[#8b2ec5 24GiB/27GiB(91%) CN:5 DL:1.2MiB ETA:32m40s]
[#8b2ec5 24GiB/27GiB(91%) CN:5 DL:1.1MiB ETA:34m52s]
[#8b2ec5 24GiB/27GiB(91%) CN:5 DL:1.1MiB ETA:33m26s]
[#8b2ec5 24GiB/27GiB(91%) CN:5 DL:1.2MiB ETA:32m26s]
[#8b2ec5 24GiB/27GiB(91%) CN:5 DL:1.1MiB ETA:34m35s]
[#8b2ec5 24GiB/27GiB(91%) CN:5 DL:1.1MiB ETA:33m33s]
[#8b2ec5 24GiB/27GiB(91%) CN:5 DL:1.1MiB ETA:34m59s]
[#8b2ec5 24GiB/27GiB(91%) CN:5 DL:1.1MiB ETA:33m40s]
[#8b2ec5 24GiB/27GiB(91%) CN:5 DL:1.0MiB ETA:37m37s]
[#8b2ec5 24GiB/27GiB(91%) CN:5 DL:1.1MiB ETA:35m21s]
[#8b2ec5 24GiB/27GiB(91%) CN:5 DL:1.1MiB ETA:34m56s]
[#8b2ec5 24GiB/27GiB(91%) CN:5 DL:1.0MiB ETA:36m20s]
[#8b2ec5 24GiB/27GiB(91%) CN:5 DL:1.0MiB ETA:36m31s]
[#8b2ec5 24GiB/27GiB(91%) CN:5 DL:1.2MiB ETA:31m10s]
[#8b2ec5 24GiB/27GiB(91%) CN:5 DL:1.1MiB ETA:34m53s]
[#8b2ec5 24GiB/27GiB(91%) CN:5 DL:1.1MiB ETA:33m20s]
[#8b2ec5 24GiB/27GiB(91%) CN:5 DL:1.2MiB ETA:31m21s]
[#8b2ec5 24GiB/27GiB(91%) CN:5 DL:1.2MiB ETA:31m32s]
[#8b2ec5 24GiB/27GiB(91%) CN:5 DL:1.2MiB ETA:31m15s]
[#8b2ec5 24GiB/27GiB(91%) CN:5 DL:1.2MiB ETA:30m50s]
[#8b2ec5 24GiB/27GiB(91%) CN:5 DL:1.2MiB ETA:30m45s]
[#8b2ec5 24GiB/27GiB(91%) CN:5 DL:1.3MiB ETA:28m59s]
[#8b2ec5 24GiB/27GiB(91%) CN:5 DL:1.2MiB ETA:32m11s]
[#8b2ec5 24GiB/27GiB(91%) CN:5 DL:1.3MiB ETA:29m55s]

08/27 17:39:12 [[1;32mNOTICE[0m] CUID#23 - Redirecting to https://us.aws.cdn.hf.co/xet-bridge-us/6a83fdf1993fbb53ef83dbb1/c5e4bd4e5aead56c29af62fb4180f69b77a2f64cced4d117987bfbfb64860be4?response-content-disposition=inline%3B+filename*%3DUTF-8%27%27Ornith-1.5-35B-Q6_K.gguf%3B+filename%3D%22Ornith-1.5-35B-Q6_K.gguf%22%3B&X-Xet-Cas-Uid=public&user_id=public&Expires=1787827152&Policy=eyJTdGF0ZW1lbnQiOlt7IlJlc291cmNlIjoiaHR0cHM6Ly91cy5hd3MuY2RuLmhmLmNvL3hldC1icmlkZ2UtdXMvNmE4M2ZkZjE5OTNmYmI1M2VmODNkYmIxL2M1ZTRiZDRlNWFlYWQ1NmMyOWFmNjJmYjQxODBmNjliNzdhMmY2NGNjZWQ0ZDExNzk4N2JmYmZiNjQ4NjBiZTRcXD9yZXNwb25zZS1jb250ZW50LWRpc3Bvc2l0aW9uPWlubGluZSUzQitmaWxlbmFtZSUyQSUzRFVURi04JTI3JTI3T3JuaXRoLTEuNS0zNUItUTZfSy5nZ3VmJTNCK2ZpbGVuYW1lJTNEJTIyT3JuaXRoLTEuNS0zNUItUTZfSy5nZ3VmJTIyJTNCJlgtWGV0LUNhcy1VaWQ9cHVibGljJnVzZXJfaWQ9cHVibGljIiwiQ29uZGl0aW9uIjp7IkRhdGVMZXNzVGhhbiI6eyJFcG9jaFRpbWUiOjE3ODc4MjcxNTJ9fX1dfQ__&Signature=MEQCICHuD%7ErbAsMYFv4FIuw5WeYn1vaEp4xyrMdtMPrWTu3iAiBK83RaAcWNJykA9ouxAFaiNApc8WHrjf7t6RuGnej2cg__&Key-Pair-Id=01KXEF4KZ1B6FV465MAWR4M21F

08/27 17:39:12 [[1;32mNOTICE[0m] CUID#19 - Redirecting to https://us.aws.cdn.hf.co/xet-bridge-us/6a83fdf1993fbb53ef83dbb1/c5e4bd4e5aead56c29af62fb4180f69b77a2f64cced4d117987bfbfb64860be4?user_id=public&X-Xet-Cas-Uid=public&response-content-disposition=inline%3B+filename*%3DUTF-8%27%27Ornith-1.5-35B-Q6_K.gguf%3B+filename%3D%22Ornith-1.5-35B-Q6_K.gguf%22%3B&Expires=1787827151&Policy=eyJTdGF0ZW1lbnQiOlt7IlJlc291cmNlIjoiaHR0cHM6Ly91cy5hd3MuY2RuLmhmLmNvL3hldC1icmlkZ2UtdXMvNmE4M2ZkZjE5OTNmYmI1M2VmODNkYmIxL2M1ZTRiZDRlNWFlYWQ1NmMyOWFmNjJmYjQxODBmNjliNzdhMmY2NGNjZWQ0ZDExNzk4N2JmYmZiNjQ4NjBiZTRcXD91c2VyX2lkPXB1YmxpYyZYLVhldC1DYXMtVWlkPXB1YmxpYyZyZXNwb25zZS1jb250ZW50LWRpc3Bvc2l0aW9uPWlubGluZSUzQitmaWxlbmFtZSUyQSUzRFVURi04JTI3JTI3T3JuaXRoLTEuNS0zNUItUTZfSy5nZ3VmJTNCK2ZpbGVuYW1lJTNEJTIyT3JuaXRoLTEuNS0zNUItUTZfSy5nZ3VmJTIyJTNCIiwiQ29uZGl0aW9uIjp7IkRhdGVMZXNzVGhhbiI6eyJFcG9jaFRpbWUiOjE3ODc4MjcxNTF9fX1dfQ__&Signature=MEQCIE2UBmMMnL%7EARkn4w7THXvzUiY2lo-21Hv0zB5w27%7Eh4AiBjuSAFDN4t8s93qtqRhVRYf5bdIT1WJkKz9r-4RremDA__&Key-Pair-Id=01KXEF4KZ1B6FV465MAWR4M21F
[#8b2ec5 24GiB/27GiB(91%) CN:5 DL:1.2MiB ETA:31m11s]
[#8b2ec5 24GiB/27GiB(91%) CN:5 DL:1.1MiB ETA:33m13s]
[#8b2ec5 24GiB/27GiB(91%) CN:5 DL:1.2MiB ETA:32m]

08/27 17:39:15 [[1;32mNOTICE[0m] CUID#21 - Redirecting to https://us.aws.cdn.hf.co/xet-bridge-us/6a83fdf1993fbb53ef83dbb1/c5e4bd4e5aead56c29af62fb4180f69b77a2f64cced4d117987bfbfb64860be4?user_id=public&response-content-disposition=inline%3B+filename*%3DUTF-8%27%27Ornith-1.5-35B-Q6_K.gguf%3B+filename%3D%22Ornith-1.5-35B-Q6_K.gguf%22%3B&X-Xet-Cas-Uid=public&Expires=1787827155&Policy=eyJTdGF0ZW1lbnQiOlt7IlJlc291cmNlIjoiaHR0cHM6Ly91cy5hd3MuY2RuLmhmLmNvL3hldC1icmlkZ2UtdXMvNmE4M2ZkZjE5OTNmYmI1M2VmODNkYmIxL2M1ZTRiZDRlNWFlYWQ1NmMyOWFmNjJmYjQxODBmNjliNzdhMmY2NGNjZWQ0ZDExNzk4N2JmYmZiNjQ4NjBiZTRcXD91c2VyX2lkPXB1YmxpYyZyZXNwb25zZS1jb250ZW50LWRpc3Bvc2l0aW9uPWlubGluZSUzQitmaWxlbmFtZSUyQSUzRFVURi04JTI3JTI3T3JuaXRoLTEuNS0zNUItUTZfSy5nZ3VmJTNCK2ZpbGVuYW1lJTNEJTIyT3JuaXRoLTEuNS0zNUItUTZfSy5nZ3VmJTIyJTNCJlgtWGV0LUNhcy1VaWQ9cHVibGljIiwiQ29uZGl0aW9uIjp7IkRhdGVMZXNzVGhhbiI6eyJFcG9jaFRpbWUiOjE3ODc4MjcxNTV9fX1dfQ__&Signature=MEUCIA2X0GULn1n7W-WT%7EEUKJZD%7EOdVL6LQckVJB%7Ewxbd8oxAiEAgrEBuoZW5%7EmwOdbAErwe5rIW4O4vxUPKd8FJqNwya04_&Key-Pair-Id=01KXEF4KZ1B6FV465MAWR4M21F
[#8b2ec5 24GiB/27GiB(91%) CN:5 DL:1.2MiB ETA:30m20s]
[#8b2ec5 24GiB/27GiB(91%) CN:5 DL:1.3MiB ETA:29m57s]
[#8b2ec5 24GiB/27GiB(91%) CN:5 DL:1.5MiB ETA:26m7s]
[#8b2ec5 24GiB/27GiB(91%) CN:5 DL:1.6MiB ETA:23m14s]
[#8b2ec5 24GiB/27GiB(91%) CN:5 DL:1.8MiB ETA:20m51s]
[#8b2ec5 24GiB/27GiB(91%) CN:5 DL:2.1MiB ETA:18m34s]
[#8b2ec5 24GiB/27GiB(91%) CN:5 DL:2.9MiB ETA:13m15s]
[#8b2ec5 24GiB/27GiB(91%) CN:5 DL:3.4MiB ETA:11m11s]
[#8b2ec5 24GiB/27GiB(91%) CN:5 DL:3.9MiB ETA:9m52s]
[#8b2ec5 24GiB/27GiB(91%) CN:5 DL:4.2MiB ETA:9m4s]
[#8b2ec5 24GiB/27GiB(91%) CN:5 DL:4.6MiB ETA:8m13s]
[#8b2ec5 24GiB/27GiB(91%) CN:5 DL:4.9MiB ETA:7m48s]
[#8b2ec5 24GiB/27GiB(91%) CN:5 DL:5.1MiB ETA:7m22s]
[#8b2ec5 24GiB/27GiB(91%) CN:5 DL:5.4MiB ETA:7m2s]
 *** Download Progress Summary as of Thu Aug 27 17:39:31 2026 *** 
===============================================================================
[#8b2ec5 24GiB/27GiB(91%) CN:5 DL:5.6MiB ETA:6m46s]
FILE: /Users/wilsonxu/Models/ornith-256k/llamacpp/models/Ornith-1.5-35B-Q6_K.gguf
-------------------------------------------------------------------------------

[#8b2ec5 24GiB/27GiB(91%) CN:5 DL:5.6MiB ETA:6m46s]
[#8b2ec5 24GiB/27GiB(91%) CN:5 DL:5.3MiB ETA:7m9s]
[#8b2ec5 24GiB/27GiB(91%) CN:5 DL:5.0MiB ETA:7m29s]
[#8b2ec5 24GiB/27GiB(91%) CN:5 DL:4.8MiB ETA:7m46s]
[#8b2ec5 24GiB/27GiB(91%) CN:5 DL:4.9MiB ETA:7m40s]
[#8b2ec5 24GiB/27GiB(91%) CN:5 DL:4.9MiB ETA:7m37s]
[#8b2ec5 24GiB/27GiB(91%) CN:5 DL:4.7MiB ETA:7m52s]
[#8b2ec5 24GiB/27GiB(91%) CN:5 DL:4.6MiB ETA:8m7s]
[#8b2ec5 25GiB/27GiB(91%) CN:5 DL:4.6MiB ETA:8m4s]
[#8b2ec5 25GiB/27GiB(91%) CN:5 DL:4.7MiB ETA:7m55s]
[#8b2ec5 25GiB/27GiB(91%) CN:5 DL:4.7MiB ETA:7m53s]
[#8b2ec5 25GiB/27GiB(91%) CN:5 DL:4.8MiB ETA:7m45s]
[#8b2ec5 25GiB/27GiB(91%) CN:5 DL:4.9MiB ETA:7m31s]
[#8b2ec5 25GiB/27GiB(91%) CN:5 DL:4.5MiB ETA:8m7s]
[#8b2ec5 25GiB/27GiB(92%) CN:5 DL:4.7MiB ETA:7m52s]
[#8b2ec5 25GiB/27GiB(92%) CN:5 DL:4.7MiB ETA:7m46s]
[#8b2ec5 25GiB/27GiB(92%) CN:5 DL:4.7MiB ETA:7m44s]
[#8b2ec5 25GiB/27GiB(92%) CN:5 DL:4.9MiB ETA:7m29s]
[#8b2ec5 25GiB/27GiB(92%) CN:5 DL:4.7MiB ETA:7m40s]
[#8b2ec5 25GiB/27GiB(92%) CN:5 DL:4.5MiB ETA:8m3s]
[#8b2ec5 25GiB/27GiB(92%) CN:5 DL:4.7MiB ETA:7m38s]
[#8b2ec5 25GiB/27GiB(92%) CN:5 DL:4.7MiB ETA:7m38s]
[#8b2ec5 25GiB/27GiB(92%) CN:5 DL:5.0MiB ETA:7m8s]
[#8b2ec5 25GiB/27GiB(92%) CN:5 DL:4.5MiB ETA:7m54s]
[#8b2ec5 25GiB/27GiB(92%) CN:5 DL:4.6MiB ETA:7m46s]
[#8b2ec5 25GiB/27GiB(92%) CN:5 DL:4.6MiB ETA:7m51s]
[#8b2ec5 25GiB/27GiB(92%) CN:5 DL:4.5MiB ETA:7m59s]
[#8b2ec5 25GiB/27GiB(92%) CN:5 DL:4.4MiB ETA:8m10s]
[#8b2ec5 25GiB/27GiB(92%) CN:5 DL:4.6MiB ETA:7m41s]
[#8b2ec5 25GiB/27GiB(92%) CN:5 DL:4.5MiB ETA:7m55s]
[#8b2ec5 25GiB/27GiB(92%) CN:5 DL:4.5MiB ETA:7m52s]
[#8b2ec5 25GiB/27GiB(92%) CN:5 DL:4.3MiB ETA:8m13s]
[#8b2ec5 25GiB/27GiB(92%) CN:5 DL:4.9MiB ETA:7m6s]

08/27 17:40:05 [[1;32mNOTICE[0m] CUID#18 - Redirecting to https://us.aws.cdn.hf.co/xet-bridge-us/6a83fdf1993fbb53ef83dbb1/c5e4bd4e5aead56c29af62fb4180f69b77a2f64cced4d117987bfbfb64860be4?response-content-disposition=inline%3B+filename*%3DUTF-8%27%27Ornith-1.5-35B-Q6_K.gguf%3B+filename%3D%22Ornith-1.5-35B-Q6_K.gguf%22%3B&X-Xet-Cas-Uid=public&user_id=public&Expires=1787827204&Policy=eyJTdGF0ZW1lbnQiOlt7IlJlc291cmNlIjoiaHR0cHM6Ly91cy5hd3MuY2RuLmhmLmNvL3hldC1icmlkZ2UtdXMvNmE4M2ZkZjE5OTNmYmI1M2VmODNkYmIxL2M1ZTRiZDRlNWFlYWQ1NmMyOWFmNjJmYjQxODBmNjliNzdhMmY2NGNjZWQ0ZDExNzk4N2JmYmZiNjQ4NjBiZTRcXD9yZXNwb25zZS1jb250ZW50LWRpc3Bvc2l0aW9uPWlubGluZSUzQitmaWxlbmFtZSUyQSUzRFVURi04JTI3JTI3T3JuaXRoLTEuNS0zNUItUTZfSy5nZ3VmJTNCK2ZpbGVuYW1lJTNEJTIyT3JuaXRoLTEuNS0zNUItUTZfSy5nZ3VmJTIyJTNCJlgtWGV0LUNhcy1VaWQ9cHVibGljJnVzZXJfaWQ9cHVibGljIiwiQ29uZGl0aW9uIjp7IkRhdGVMZXNzVGhhbiI6eyJFcG9jaFRpbWUiOjE3ODc4MjcyMDR9fX1dfQ__&Signature=MEQCICmpRzeBU9RklcIZ---W13Wc8TyLfHLQytKw33TjP8V4AiBui-a%7EEJ3blGGUlOfyjcq0wwRBfuFRgsP9PL7%7EyL--ig__&Key-Pair-Id=01KXEF4KZ1B6FV465MAWR4M21F
[#8b2ec5 25GiB/27GiB(92%) CN:5 DL:4.6MiB ETA:7m41s]
[#8b2ec5 25GiB/27GiB(92%) CN:5 DL:4.7MiB ETA:7m29s]
[#8b2ec5 25GiB/27GiB(92%) CN:5 DL:4.7MiB ETA:7m26s]
[#8b2ec5 25GiB/27GiB(92%) CN:5 DL:4.8MiB ETA:7m17s]
[#8b2ec5 25GiB/27GiB(92%) CN:5 DL:4.5MiB ETA:7m46s]
[#8b2ec5 25GiB/27GiB(92%) CN:5 DL:4.4MiB ETA:7m50s]
[#8b2ec5 25GiB/27GiB(92%) CN:5 DL:4.4MiB ETA:7m50s]
[#8b2ec5 25GiB/27GiB(92%) CN:5 DL:4.4MiB ETA:7m46s]
[#8b2ec5 25GiB/27GiB(92%) CN:5 DL:4.3MiB ETA:8m1s]
[#8b2ec5 25GiB/27GiB(92%) CN:5 DL:4.6MiB ETA:7m31s]
[#8b2ec5 25GiB/27GiB(92%) CN:5 DL:4.3MiB ETA:7m58s]
[#8b2ec5 25GiB/27GiB(92%) CN:5 DL:4.1MiB ETA:8m18s]
[#8b2ec5 25GiB/27GiB(92%) CN:5 DL:4.2MiB ETA:8m9s]
[#8b2ec5 25GiB/27GiB(92%) CN:5 DL:4.3MiB ETA:7m57s]
[#8b2ec5 25GiB/27GiB(92%) CN:5 DL:4.1MiB ETA:8m15s]
[#8b2ec5 25GiB/27GiB(92%) CN:5 DL:4.1MiB ETA:8m21s]
[#8b2ec5 25GiB/27GiB(92%) CN:5 DL:4.1MiB ETA:8m17s]
[#8b2ec5 25GiB/27GiB(92%) CN:5 DL:4.0MiB ETA:8m27s]
[#8b2ec5 25GiB/27GiB(92%) CN:5 DL:4.0MiB ETA:8m22s]
[#8b2ec5 25GiB/27GiB(92%) CN:5 DL:4.5MiB ETA:7m32s]
[#8b2ec5 25GiB/27GiB(92%) CN:5 DL:4.3MiB ETA:7m46s]
[#8b2ec5 25GiB/27GiB(92%) CN:5 DL:4.3MiB ETA:7m48s]
[#8b2ec5 25GiB/27GiB(92%) CN:5 DL:4.4MiB ETA:7m32s]
[#8b2ec5 25GiB/27GiB(92%) CN:5 DL:4.5MiB ETA:7m22s]
[#8b2ec5 25GiB/27GiB(92%) CN:5 DL:4.5MiB ETA:7m20s]
 *** Download Progress Summary as of Thu Aug 27 17:40:31 2026 *** 
===============================================================================
[#8b2ec5 25GiB/27GiB(92%) CN:5 DL:4.7MiB ETA:7m2s]
FILE: /Users/wilsonxu/Models/ornith-256k/llamacpp/models/Ornith-1.5-35B-Q6_K.gguf
-------------------------------------------------------------------------------

[#8b2ec5 25GiB/27GiB(92%) CN:5 DL:4.7MiB ETA:7m2s]
[#8b2ec5 25GiB/27GiB(92%) CN:5 DL:4.6MiB ETA:7m16s]
[#8b2ec5 25GiB/27GiB(92%) CN:5 DL:4.7MiB ETA:7m]
[#8b2ec5 25GiB/27GiB(92%) CN:5 DL:4.5MiB ETA:7m15s]
[#8b2ec5 25GiB/27GiB(92%) CN:5 DL:4.8MiB ETA:6m47s]
[#8b2ec5 25GiB/27GiB(92%) CN:5 DL:4.6MiB ETA:7m7s]
[#8b2ec5 25GiB/27GiB(92%) CN:5 DL:4.6MiB ETA:7m6s]
[#8b2ec5 25GiB/27GiB(92%) CN:5 DL:4.4MiB ETA:7m23s]
[#8b2ec5 25GiB/27GiB(92%) CN:5 DL:4.6MiB ETA:7m6s]
[#8b2ec5 25GiB/27GiB(92%) CN:5 DL:4.6MiB ETA:7m5s]
[#8b2ec5 25GiB/27GiB(92%) CN:5 DL:4.7MiB ETA:6m50s]
[#8b2ec5 25GiB/27GiB(92%) CN:5 DL:4.6MiB ETA:6m59s]
[#8b2ec5 25GiB/27GiB(92%) CN:5 DL:4.6MiB ETA:6m56s]
[#8b2ec5 25GiB/27GiB(93%) CN:5 DL:4.7MiB ETA:6m51s]
[#8b2ec5 25GiB/27GiB(93%) CN:5 DL:5.1MiB ETA:6m17s]
[#8b2ec5 25GiB/27GiB(93%) CN:5 DL:4.8MiB ETA:6m37s]
[#8b2ec5 25GiB/27GiB(93%) CN:5 DL:5.0MiB ETA:6m19s]
[#8b2ec5 25GiB/27GiB(93%) CN:5 DL:5.0MiB ETA:6m25s]
[#8b2ec5 25GiB/27GiB(93%) CN:5 DL:5.0MiB ETA:6m20s]
[#8b2ec5 25GiB/27GiB(93%) CN:5 DL:5.0MiB ETA:6m21s]
[#8b2ec5 25GiB/27GiB(93%) CN:5 DL:5.2MiB ETA:6m7s]
[#8b2ec5 25GiB/27GiB(93%) CN:5 DL:5.3MiB ETA:5m55s]
[#8b2ec5 25GiB/27GiB(93%) CN:5 DL:5.2MiB ETA:5m58s]
[#8b2ec5 25GiB/27GiB(93%) CN:5 DL:5.3MiB ETA:5m53s]
[#8b2ec5 25GiB/27GiB(93%) CN:5 DL:5.6MiB ETA:5m34s]
[#8b2ec5 25GiB/27GiB(93%) CN:5 DL:5.4MiB ETA:5m47s]
[#8b2ec5 25GiB/27GiB(93%) CN:5 DL:5.4MiB ETA:5m45s]
[#8b2ec5 25GiB/27GiB(93%) CN:5 DL:5.4MiB ETA:5m42s]
[#8b2ec5 25GiB/27GiB(93%) CN:5 DL:5.5MiB ETA:5m38s]
[#8b2ec5 25GiB/27GiB(93%) CN:5 DL:5.5MiB ETA:5m37s]
[#8b2ec5 25GiB/27GiB(93%) CN:5 DL:5.4MiB ETA:5m37s]
[#8b2ec5 25GiB/27GiB(93%) CN:5 DL:5.4MiB ETA:5m37s]
[#8b2ec5 25GiB/27GiB(93%) CN:5 DL:5.5MiB ETA:5m32s]
[#8b2ec5 25GiB/27GiB(93%) CN:5 DL:5.2MiB ETA:5m50s]
[#8b2ec5 25GiB/27GiB(93%) CN:5 DL:5.6MiB ETA:5m20s]
[#8b2ec5 25GiB/27GiB(93%) CN:5 DL:5.5MiB ETA:5m31s]
[#8b2ec5 25GiB/27GiB(93%) CN:5 DL:5.5MiB ETA:5m28s]
[#8b2ec5 25GiB/27GiB(93%) CN:5 DL:5.4MiB ETA:5m31s]
[#8b2ec5 25GiB/27GiB(93%) CN:5 DL:5.4MiB ETA:5m28s]
[#8b2ec5 25GiB/27GiB(93%) CN:5 DL:5.4MiB ETA:5m29s]
[#8b2ec5 25GiB/27GiB(93%) CN:5 DL:5.2MiB ETA:5m39s]
[#8b2ec5 25GiB/27GiB(93%) CN:5 DL:5.3MiB ETA:5m32s]
[#8b2ec5 25GiB/27GiB(93%) CN:5 DL:5.6MiB ETA:5m18s]
[#8b2ec5 25GiB/27GiB(93%) CN:5 DL:5.0MiB ETA:5m51s]
[#8b2ec5 25GiB/27GiB(93%) CN:5 DL:5.4MiB ETA:5m25s]
[#8b2ec5 25GiB/27GiB(93%) CN:5 DL:5.2MiB ETA:5m34s]
[#8b2ec5 25GiB/27GiB(93%) CN:5 DL:5.0MiB ETA:5m47s]
[#8b2ec5 25GiB/27GiB(93%) CN:5 DL:5.1MiB ETA:5m42s]
[#8b2ec5 25GiB/27GiB(93%) CN:5 DL:5.1MiB ETA:5m38s]
[#8b2ec5 25GiB/27GiB(93%) CN:5 DL:5.3MiB ETA:5m28s]
[#8b2ec5 25GiB/27GiB(93%) CN:5 DL:5.0MiB ETA:5m46s]
[#8b2ec5 25GiB/27GiB(93%) CN:5 DL:5.2MiB ETA:5m33s]
[#8b2ec5 25GiB/27GiB(93%) CN:5 DL:5.3MiB ETA:5m20s]
[#8b2ec5 25GiB/27GiB(93%) CN:5 DL:5.2MiB ETA:5m30s]
[#8b2ec5 25GiB/27GiB(93%) CN:5 DL:5.5MiB ETA:5m10s]
[#8b2ec5 25GiB/27GiB(93%) CN:5 DL:5.5MiB ETA:5m10s]
[#8b2ec5 25GiB/27GiB(93%) CN:5 DL:5.1MiB ETA:5m30s]
[#8b2ec5 25GiB/27GiB(93%) CN:5 DL:5.1MiB ETA:5m28s]
 *** Download Progress Summary as of Thu Aug 27 17:41:32 2026 *** 
===============================================================================
[#8b2ec5 25GiB/27GiB(93%) CN:5 DL:5.2MiB ETA:5m25s]
FILE: /Users/wilsonxu/Models/ornith-256k/llamacpp/models/Ornith-1.5-35B-Q6_K.gguf
-------------------------------------------------------------------------------

[#8b2ec5 25GiB/27GiB(93%) CN:5 DL:5.2MiB ETA:5m25s]
[#8b2ec5 25GiB/27GiB(93%) CN:5 DL:5.1MiB ETA:5m26s]
[#8b2ec5 25GiB/27GiB(93%) CN:5 DL:5.0MiB ETA:5m33s]
[#8b2ec5 25GiB/27GiB(93%) CN:5 DL:5.1MiB ETA:5m23s]
[#8b2ec5 25GiB/27GiB(93%) CN:5 DL:5.2MiB ETA:5m20s]
[#8b2ec5 25GiB/27GiB(94%) CN:5 DL:5.0MiB ETA:5m32s]
[#8b2ec5 25GiB/27GiB(94%) CN:5 DL:5.2MiB ETA:5m17s]
[#8b2ec5 25GiB/27GiB(94%) CN:5 DL:5.4MiB ETA:5m5s]
[#8b2ec5 25GiB/27GiB(94%) CN:5 DL:4.9MiB ETA:5m31s]
[#8b2ec5 25GiB/27GiB(94%) CN:5 DL:4.9MiB ETA:5m30s]
[#8b2ec5 25GiB/27GiB(94%) CN:5 DL:5.0MiB ETA:5m23s]
[#8b2ec5 25GiB/27GiB(94%) CN:5 DL:4.9MiB ETA:5m30s]
[#8b2ec5 25GiB/27GiB(94%) CN:5 DL:4.8MiB ETA:5m36s]
[#8b2ec5 25GiB/27GiB(94%) CN:5 DL:4.7MiB ETA:5m42s]
[#8b2ec5 25GiB/27GiB(94%) CN:5 DL:4.7MiB ETA:5m41s]
[#8b2ec5 25GiB/27GiB(94%) CN:5 DL:4.7MiB ETA:5m43s]
[#8b2ec5 25GiB/27GiB(94%) CN:5 DL:4.6MiB ETA:5m43s]
[#8b2ec5 25GiB/27GiB(94%) CN:5 DL:4.7MiB ETA:5m38s]
[#8b2ec5 25GiB/27GiB(94%) CN:5 DL:4.6MiB ETA:5m46s]
[#8b2ec5 25GiB/27GiB(94%) CN:5 DL:4.6MiB ETA:5m44s]
[#8b2ec5 25GiB/27GiB(94%) CN:5 DL:4.5MiB ETA:5m50s]
[#8b2ec5 25GiB/27GiB(94%) CN:5 DL:4.6MiB ETA:5m44s]
[#8b2ec5 25GiB/27GiB(94%) CN:5 DL:4.6MiB ETA:5m41s]
[#8b2ec5 25GiB/27GiB(94%) CN:5 DL:4.4MiB ETA:5m53s]
[#8b2ec5 25GiB/27GiB(94%) CN:5 DL:4.5MiB ETA:5m48s]
[#8b2ec5 25GiB/27GiB(94%) CN:5 DL:4.5MiB ETA:5m47s]
[#8b2ec5 25GiB/27GiB(94%) CN:5 DL:4.7MiB ETA:5m26s]
[#8b2ec5 25GiB/27GiB(94%) CN:5 DL:4.8MiB ETA:5m22s]
[#8b2ec5 25GiB/27GiB(94%) CN:5 DL:4.5MiB ETA:5m41s]
[#8b2ec5 25GiB/27GiB(94%) CN:5 DL:4.7MiB ETA:5m27s]
[#8b2ec5 25GiB/27GiB(94%) CN:5 DL:4.7MiB ETA:5m24s]
[#8b2ec5 25GiB/27GiB(94%) CN:5 DL:4.6MiB ETA:5m30s]
[#8b2ec5 25GiB/27GiB(94%) CN:5 DL:4.8MiB ETA:5m16s]
[#8b2ec5 25GiB/27GiB(94%) CN:5 DL:4.8MiB ETA:5m18s]
[#8b2ec5 25GiB/27GiB(94%) CN:5 DL:4.7MiB ETA:5m23s]
[#8b2ec5 25GiB/27GiB(94%) CN:5 DL:4.5MiB ETA:5m32s]
[#8b2ec5 25GiB/27GiB(94%) CN:5 DL:4.7MiB ETA:5m17s]
[#8b2ec5 25GiB/27GiB(94%) CN:5 DL:4.8MiB ETA:5m9s]
[#8b2ec5 25GiB/27GiB(94%) CN:5 DL:4.6MiB ETA:5m21s]
[#8b2ec5 25GiB/27GiB(94%) CN:5 DL:4.6MiB ETA:5m26s]
[#8b2ec5 25GiB/27GiB(94%) CN:5 DL:4.7MiB ETA:5m13s]
[#8b2ec5 25GiB/27GiB(94%) CN:5 DL:4.6MiB ETA:5m22s]
[#8b2ec5 25GiB/27GiB(94%) CN:5 DL:4.6MiB ETA:5m22s]
[#8b2ec5 25GiB/27GiB(94%) CN:5 DL:4.8MiB ETA:5m7s]
[#8b2ec5 25GiB/27GiB(94%) CN:5 DL:4.8MiB ETA:5m7s]
[#8b2ec5 25GiB/27GiB(94%) CN:5 DL:4.7MiB ETA:5m6s]
[#8b2ec5 25GiB/27GiB(94%) CN:5 DL:4.8MiB ETA:5m1s]
[#8b2ec5 25GiB/27GiB(94%) CN:5 DL:5.0MiB ETA:4m46s]
[#8b2ec5 25GiB/27GiB(94%) CN:5 DL:5.0MiB ETA:4m46s]
[#8b2ec5 25GiB/27GiB(94%) CN:5 DL:5.0MiB ETA:4m47s]
[#8b2ec5 25GiB/27GiB(94%) CN:5 DL:5.0MiB ETA:4m44s]
[#8b2ec5 25GiB/27GiB(94%) CN:5 DL:4.9MiB ETA:4m48s]
[#8b2ec5 25GiB/27GiB(94%) CN:5 DL:4.9MiB ETA:4m51s]
[#8b2ec5 25GiB/27GiB(94%) CN:5 DL:4.9MiB ETA:4m46s]
[#8b2ec5 25GiB/27GiB(94%) CN:5 DL:4.8MiB ETA:4m53s]
[#8b2ec5 25GiB/27GiB(94%) CN:5 DL:4.9MiB ETA:4m49s]
[#8b2ec5 25GiB/27GiB(94%) CN:5 DL:4.5MiB ETA:5m8s]
[#8b2ec5 25GiB/27GiB(94%) CN:5 DL:4.7MiB ETA:4m55s]
 *** Download Progress Summary as of Thu Aug 27 17:42:33 2026 *** 
===============================================================================
[#8b2ec5 25GiB/27GiB(94%) CN:5 DL:4.4MiB ETA:5m12s]
FILE: /Users/wilsonxu/Models/ornith-256k/llamacpp/models/Ornith-1.5-35B-Q6_K.gguf
-------------------------------------------------------------------------------

[#8b2ec5 25GiB/27GiB(94%) CN:5 DL:4.4MiB ETA:5m12s]
[#8b2ec5 25GiB/27GiB(94%) CN:5 DL:4.6MiB ETA:5m2s]
[#8b2ec5 25GiB/27GiB(94%) CN:5 DL:4.8MiB ETA:4m50s]
[#8b2ec5 25GiB/27GiB(95%) CN:5 DL:4.7MiB ETA:4m53s]
[#8b2ec5 25GiB/27GiB(95%) CN:5 DL:4.6MiB ETA:5m]
[#8b2ec5 25GiB/27GiB(95%) CN:5 DL:4.6MiB ETA:4m56s]
[#8b2ec5 25GiB/27GiB(95%) CN:5 DL:4.7MiB ETA:4m48s]
[#8b2ec5 25GiB/27GiB(95%) CN:5 DL:4.7MiB ETA:4m47s]
[#8b2ec5 25GiB/27GiB(95%) CN:5 DL:4.6MiB ETA:4m53s]
[#8b2ec5 25GiB/27GiB(95%) CN:5 DL:4.8MiB ETA:4m39s]
[#8b2ec5 25GiB/27GiB(95%) CN:5 DL:4.4MiB ETA:5m4s]
[#8b2ec5 25GiB/27GiB(95%) CN:5 DL:4.5MiB ETA:4m59s]
[#8b2ec5 25GiB/27GiB(95%) CN:5 DL:4.4MiB ETA:5m3s]
[#8b2ec5 25GiB/27GiB(95%) CN:5 DL:4.6MiB ETA:4m46s]
[#8b2ec5 25GiB/27GiB(95%) CN:5 DL:4.7MiB ETA:4m43s]
[#8b2ec5 25GiB/27GiB(95%) CN:5 DL:4.6MiB ETA:4m46s]
[#8b2ec5 25GiB/27GiB(95%) CN:5 DL:4.8MiB ETA:4m35s]
[#8b2ec5 25GiB/27GiB(95%) CN:5 DL:4.8MiB ETA:4m30s]
[#8b2ec5 25GiB/27GiB(95%) CN:5 DL:4.9MiB ETA:4m24s]
[#8b2ec5 25GiB/27GiB(95%) CN:5 DL:5.2MiB ETA:4m10s]
[#8b2ec5 25GiB/27GiB(95%) CN:5 DL:4.9MiB ETA:4m23s]
[#8b2ec5 25GiB/27GiB(95%) CN:5 DL:5.0MiB ETA:4m16s]
[#8b2ec5 25GiB/27GiB(95%) CN:5 DL:4.9MiB ETA:4m21s]
[#8b2ec5 25GiB/27GiB(95%) CN:5 DL:5.2MiB ETA:4m6s]
[#8b2ec5 25GiB/27GiB(95%) CN:5 DL:4.9MiB ETA:4m21s]
[#8b2ec5 25GiB/27GiB(95%) CN:5 DL:5.0MiB ETA:4m11s]
[#8b2ec5 25GiB/27GiB(95%) CN:5 DL:4.9MiB ETA:4m14s]
[#8b2ec5 25GiB/27GiB(95%) CN:5 DL:4.9MiB ETA:4m17s]
[#8b2ec5 25GiB/27GiB(95%) CN:5 DL:5.0MiB ETA:4m8s]
[#8b2ec5 25GiB/27GiB(95%) CN:5 DL:5.1MiB ETA:4m5s]
[#8b2ec5 25GiB/27GiB(95%) CN:5 DL:4.9MiB ETA:4m15s]
[#8b2ec5 25GiB/27GiB(95%) CN:5 DL:4.8MiB ETA:4m15s]
[#8b2ec5 25GiB/27GiB(95%) CN:5 DL:5.0MiB ETA:4m6s]
[#8b2ec5 25GiB/27GiB(95%) CN:5 DL:4.9MiB ETA:4m10s]
[#8b2ec5 26GiB/27GiB(95%) CN:5 DL:5.0MiB ETA:4m3s]
[#8b2ec5 26GiB/27GiB(95%) CN:5 DL:4.8MiB ETA:4m12s]
[#8b2ec5 26GiB/27GiB(95%) CN:5 DL:5.0MiB ETA:4m]
[#8b2ec5 26GiB/27GiB(95%) CN:5 DL:4.9MiB ETA:4m4s]
[#8b2ec5 26GiB/27GiB(95%) CN:5 DL:5.1MiB ETA:3m54s]
[#8b2ec5 26GiB/27GiB(95%) CN:5 DL:5.4MiB ETA:3m41s]
[#8b2ec5 26GiB/27GiB(95%) CN:5 DL:4.9MiB ETA:4m2s]
[#8b2ec5 26GiB/27GiB(95%) CN:5 DL:4.9MiB ETA:3m59s]
[#8b2ec5 26GiB/27GiB(95%) CN:5 DL:5.0MiB ETA:3m56s]
[#8b2ec5 26GiB/27GiB(95%) CN:5 DL:5.0MiB ETA:3m56s]
[#8b2ec5 26GiB/27GiB(95%) CN:5 DL:5.1MiB ETA:3m46s]
[#8b2ec5 26GiB/27GiB(95%) CN:5 DL:5.2MiB ETA:3m42s]
[#8b2ec5 26GiB/27GiB(95%) CN:5 DL:5.1MiB ETA:3m46s]
[#8b2ec5 26GiB/27GiB(95%) CN:5 DL:5.1MiB ETA:3m43s]
[#8b2ec5 26GiB/27GiB(95%) CN:5 DL:5.0MiB ETA:3m47s]
[#8b2ec5 26GiB/27GiB(95%) CN:5 DL:5.5MiB ETA:3m27s]
[#8b2ec5 26GiB/27GiB(95%) CN:5 DL:5.1MiB ETA:3m42s]
[#8b2ec5 26GiB/27GiB(95%) CN:5 DL:5.2MiB ETA:3m38s]
[#8b2ec5 26GiB/27GiB(95%) CN:5 DL:5.2MiB ETA:3m33s]
[#8b2ec5 26GiB/27GiB(95%) CN:5 DL:5.2MiB ETA:3m36s]
[#8b2ec5 26GiB/27GiB(95%) CN:5 DL:5.2MiB ETA:3m34s]
[#8b2ec5 26GiB/27GiB(95%) CN:5 DL:5.1MiB ETA:3m34s]
[#8b2ec5 26GiB/27GiB(96%) CN:5 DL:5.0MiB ETA:3m39s]
[#8b2ec5 26GiB/27GiB(96%) CN:5 DL:5.1MiB ETA:3m34s]
 *** Download Progress Summary as of Thu Aug 27 17:43:34 2026 *** 
===============================================================================
[#8b2ec5 26GiB/27GiB(96%) CN:5 DL:4.9MiB ETA:3m42s]
FILE: /Users/wilsonxu/Models/ornith-256k/llamacpp/models/Ornith-1.5-35B-Q6_K.gguf
-------------------------------------------------------------------------------

[#8b2ec5 26GiB/27GiB(96%) CN:5 DL:4.9MiB ETA:3m42s]
[#8b2ec5 26GiB/27GiB(96%) CN:5 DL:5.2MiB ETA:3m30s]
[#8b2ec5 26GiB/27GiB(96%) CN:5 DL:5.1MiB ETA:3m33s]
[#8b2ec5 26GiB/27GiB(96%) CN:5 DL:4.8MiB ETA:3m43s]
[#8b2ec5 26GiB/27GiB(96%) CN:5 DL:4.9MiB ETA:3m36s]
[#8b2ec5 26GiB/27GiB(96%) CN:5 DL:4.8MiB ETA:3m41s]
[#8b2ec5 26GiB/27GiB(96%) CN:5 DL:4.7MiB ETA:3m44s]
[#8b2ec5 26GiB/27GiB(96%) CN:5 DL:4.6MiB ETA:3m48s]
[#8b2ec5 26GiB/27GiB(96%) CN:5 DL:4.6MiB ETA:3m48s]
[#8b2ec5 26GiB/27GiB(96%) CN:5 DL:4.7MiB ETA:3m44s]
[#8b2ec5 26GiB/27GiB(96%) CN:5 DL:4.6MiB ETA:3m45s]
[#8b2ec5 26GiB/27GiB(96%) CN:5 DL:4.9MiB ETA:3m31s]
[#8b2ec5 26GiB/27GiB(96%) CN:5 DL:4.6MiB ETA:3m45s]
[#8b2ec5 26GiB/27GiB(96%) CN:5 DL:4.6MiB ETA:3m45s]
[#8b2ec5 26GiB/27GiB(96%) CN:5 DL:4.5MiB ETA:3m46s]
[#8b2ec5 26GiB/27GiB(96%) CN:5 DL:4.8MiB ETA:3m32s]
[#8b2ec5 26GiB/27GiB(96%) CN:5 DL:4.8MiB ETA:3m29s]
[#8b2ec5 26GiB/27GiB(96%) CN:5 DL:4.8MiB ETA:3m28s]
[#8b2ec5 26GiB/27GiB(96%) CN:5 DL:4.9MiB ETA:3m25s]
[#8b2ec5 26GiB/27GiB(96%) CN:5 DL:4.8MiB ETA:3m25s]
[#8b2ec5 26GiB/27GiB(96%) CN:5 DL:4.5MiB ETA:3m41s]
[#8b2ec5 26GiB/27GiB(96%) CN:5 DL:5.1MiB ETA:3m12s]
[#8b2ec5 26GiB/27GiB(96%) CN:5 DL:4.8MiB ETA:3m26s]
[#8b2ec5 26GiB/27GiB(96%) CN:5 DL:4.6MiB ETA:3m31s]
[#8b2ec5 26GiB/27GiB(96%) CN:5 DL:4.6MiB ETA:3m33s]
[#8b2ec5 26GiB/27GiB(96%) CN:5 DL:4.5MiB ETA:3m32s]
[#8b2ec5 26GiB/27GiB(96%) CN:5 DL:4.5MiB ETA:3m31s]
[#8b2ec5 26GiB/27GiB(96%) CN:5 DL:4.4MiB ETA:3m35s]
[#8b2ec5 26GiB/27GiB(96%) CN:5 DL:4.4MiB ETA:3m36s]
[#8b2ec5 26GiB/27GiB(96%) CN:5 DL:4.5MiB ETA:3m28s]
[#8b2ec5 26GiB/27GiB(96%) CN:5 DL:4.2MiB ETA:3m46s]
[#8b2ec5 26GiB/27GiB(96%) CN:5 DL:4.5MiB ETA:3m26s]
[#8b2ec5 26GiB/27GiB(96%) CN:5 DL:4.5MiB ETA:3m26s]
[#8b2ec5 26GiB/27GiB(96%) CN:5 DL:4.3MiB ETA:3m34s]
[#8b2ec5 26GiB/27GiB(96%) CN:5 DL:4.3MiB ETA:3m34s]
[#8b2ec5 26GiB/27GiB(96%) CN:5 DL:4.4MiB ETA:3m31s]
[#8b2ec5 26GiB/27GiB(96%) CN:5 DL:4.1MiB ETA:3m45s]
[#8b2ec5 26GiB/27GiB(96%) CN:5 DL:4.3MiB ETA:3m31s]
[#8b2ec5 26GiB/27GiB(96%) CN:5 DL:4.4MiB ETA:3m27s]
[#8b2ec5 26GiB/27GiB(96%) CN:5 DL:4.4MiB ETA:3m23s]
[#8b2ec5 26GiB/27GiB(96%) CN:5 DL:4.3MiB ETA:3m30s]
[#8b2ec5 26GiB/27GiB(96%) CN:5 DL:4.7MiB ETA:3m11s]
[#8b2ec5 26GiB/27GiB(96%) CN:5 DL:4.5MiB ETA:3m18s]
[#8b2ec5 26GiB/27GiB(96%) CN:5 DL:4.4MiB ETA:3m20s]
[#8b2ec5 26GiB/27GiB(96%) CN:5 DL:4.4MiB ETA:3m19s]
[#8b2ec5 26GiB/27GiB(96%) CN:5 DL:4.8MiB ETA:3m1s]
[#8b2ec5 26GiB/27GiB(96%) CN:5 DL:4.5MiB ETA:3m14s]
[#8b2ec5 26GiB/27GiB(96%) CN:5 DL:4.4MiB ETA:3m17s]
[#8b2ec5 26GiB/27GiB(96%) CN:5 DL:4.2MiB ETA:3m24s]
[#8b2ec5 26GiB/27GiB(96%) CN:5 DL:4.1MiB ETA:3m27s]
[#8b2ec5 26GiB/27GiB(96%) CN:5 DL:3.9MiB ETA:3m41s]
[#8b2ec5 26GiB/27GiB(96%) CN:5 DL:4.0MiB ETA:3m33s]
[#8b2ec5 26GiB/27GiB(96%) CN:5 DL:4.0MiB ETA:3m29s]
[#8b2ec5 26GiB/27GiB(96%) CN:5 DL:3.9MiB ETA:3m37s]
[#8b2ec5 26GiB/27GiB(96%) CN:5 DL:3.6MiB ETA:3m52s]

08/27 17:44:31 [[1;32mNOTICE[0m] CUID#18 - Redirecting to https://us.aws.cdn.hf.co/xet-bridge-us/6a83fdf1993fbb53ef83dbb1/c5e4bd4e5aead56c29af62fb4180f69b77a2f64cced4d117987bfbfb64860be4?response-content-disposition=inline%3B+filename*%3DUTF-8%27%27Ornith-1.5-35B-Q6_K.gguf%3B+filename%3D%22Ornith-1.5-35B-Q6_K.gguf%22%3B&X-Xet-Cas-Uid=public&user_id=public&Expires=1787827470&Policy=eyJTdGF0ZW1lbnQiOlt7IlJlc291cmNlIjoiaHR0cHM6Ly91cy5hd3MuY2RuLmhmLmNvL3hldC1icmlkZ2UtdXMvNmE4M2ZkZjE5OTNmYmI1M2VmODNkYmIxL2M1ZTRiZDRlNWFlYWQ1NmMyOWFmNjJmYjQxODBmNjliNzdhMmY2NGNjZWQ0ZDExNzk4N2JmYmZiNjQ4NjBiZTRcXD9yZXNwb25zZS1jb250ZW50LWRpc3Bvc2l0aW9uPWlubGluZSUzQitmaWxlbmFtZSUyQSUzRFVURi04JTI3JTI3T3JuaXRoLTEuNS0zNUItUTZfSy5nZ3VmJTNCK2ZpbGVuYW1lJTNEJTIyT3JuaXRoLTEuNS0zNUItUTZfSy5nZ3VmJTIyJTNCJlgtWGV0LUNhcy1VaWQ9cHVibGljJnVzZXJfaWQ9cHVibGljIiwiQ29uZGl0aW9uIjp7IkRhdGVMZXNzVGhhbiI6eyJFcG9jaFRpbWUiOjE3ODc4Mjc0NzB9fX1dfQ__&Signature=MEYCIQCGM6G2z2YpAyNg%7EjdRM3dg7UvJhiRxeQQuyOR8500bDAIhAIsQfy9b5aZBZ7Cp1De91OrM%7EhxKYUR-Y3xaEaDyrPMH&Key-Pair-Id=01KXEF4KZ1B6FV465MAWR4M21F
[#8b2ec5 26GiB/27GiB(96%) CN:5 DL:3.4MiB ETA:4m2s]
[#8b2ec5 26GiB/27GiB(96%) CN:5 DL:3.5MiB ETA:3m56s]
[#8b2ec5 26GiB/27GiB(96%) CN:5 DL:3.4MiB ETA:4m1s]
 *** Download Progress Summary as of Thu Aug 27 17:44:35 2026 *** 
===============================================================================
[#8b2ec5 26GiB/27GiB(97%) CN:5 DL:3.5MiB ETA:3m57s]
FILE: /Users/wilsonxu/Models/ornith-256k/llamacpp/models/Ornith-1.5-35B-Q6_K.gguf
-------------------------------------------------------------------------------

[#8b2ec5 26GiB/27GiB(97%) CN:5 DL:3.5MiB ETA:3m57s]
[#8b2ec5 26GiB/27GiB(97%) CN:5 DL:3.6MiB ETA:3m49s]
[#8b2ec5 26GiB/27GiB(97%) CN:5 DL:3.6MiB ETA:3m45s]
[#8b2ec5 26GiB/27GiB(97%) CN:5 DL:3.9MiB ETA:3m27s]
[#8b2ec5 26GiB/27GiB(97%) CN:5 DL:4.5MiB ETA:2m56s]
[#8b2ec5 26GiB/27GiB(97%) CN:5 DL:4.6MiB ETA:2m54s]
[#8b2ec5 26GiB/27GiB(97%) CN:5 DL:5.3MiB ETA:2m28s]
[#8b2ec5 26GiB/27GiB(97%) CN:5 DL:5.3MiB ETA:2m28s]
[#8b2ec5 26GiB/27GiB(97%) CN:5 DL:5.7MiB ETA:2m17s]
[#8b2ec5 26GiB/27GiB(97%) CN:5 DL:5.7MiB ETA:2m16s]
[#8b2ec5 26GiB/27GiB(97%) CN:5 DL:6.0MiB ETA:2m6s]
[#8b2ec5 26GiB/27GiB(97%) CN:5 DL:6.4MiB ETA:1m59s]
[#8b2ec5 26GiB/27GiB(97%) CN:5 DL:6.4MiB ETA:1m58s]
[#8b2ec5 26GiB/27GiB(97%) CN:5 DL:6.0MiB ETA:2m5s]
[#8b2ec5 26GiB/27GiB(97%) CN:5 DL:6.1MiB ETA:2m1s]
[#8b2ec5 26GiB/27GiB(97%) CN:5 DL:5.7MiB ETA:2m9s]
[#8b2ec5 26GiB/27GiB(97%) CN:5 DL:5.7MiB ETA:2m8s]
[#8b2ec5 26GiB/27GiB(97%) CN:5 DL:5.7MiB ETA:2m5s]
[#8b2ec5 26GiB/27GiB(97%) CN:5 DL:5.8MiB ETA:2m3s]
[#8b2ec5 26GiB/27GiB(97%) CN:5 DL:5.7MiB ETA:2m4s]
[#8b2ec5 26GiB/27GiB(97%) CN:5 DL:5.5MiB ETA:2m8s]
[#8b2ec5 26GiB/27GiB(97%) CN:5 DL:5.5MiB ETA:2m6s]
[#8b2ec5 26GiB/27GiB(97%) CN:5 DL:5.7MiB ETA:2m1s]
[#8b2ec5 26GiB/27GiB(97%) CN:5 DL:5.6MiB ETA:2m2s]
[#8b2ec5 26GiB/27GiB(97%) CN:5 DL:5.8MiB ETA:1m58s]
[#8b2ec5 26GiB/27GiB(97%) CN:5 DL:5.5MiB ETA:2m3s]
[#8b2ec5 26GiB/27GiB(97%) CN:5 DL:5.5MiB ETA:2m1s]
[#8b2ec5 26GiB/27GiB(97%) CN:5 DL:5.5MiB ETA:2m]
[#8b2ec5 26GiB/27GiB(97%) CN:5 DL:5.6MiB ETA:1m58s]
[#8b2ec5 26GiB/27GiB(97%) CN:5 DL:5.5MiB ETA:1m59s]
[#8b2ec5 26GiB/27GiB(97%) CN:5 DL:5.5MiB ETA:1m57s]
[#8b2ec5 26GiB/27GiB(97%) CN:5 DL:5.6MiB ETA:1m54s]
[#8b2ec5 26GiB/27GiB(97%) CN:5 DL:5.2MiB ETA:2m1s]
[#8b2ec5 26GiB/27GiB(97%) CN:5 DL:5.4MiB ETA:1m57s]
[#8b2ec5 26GiB/27GiB(97%) CN:5 DL:5.5MiB ETA:1m53s]
[#8b2ec5 26GiB/27GiB(97%) CN:5 DL:5.3MiB ETA:1m56s]
[#8b2ec5 26GiB/27GiB(97%) CN:5 DL:5.2MiB ETA:1m57s]
[#8b2ec5 26GiB/27GiB(97%) CN:5 DL:5.4MiB ETA:1m53s]
[#8b2ec5 26GiB/27GiB(97%) CN:5 DL:5.3MiB ETA:1m52s]
[#8b2ec5 26GiB/27GiB(97%) CN:5 DL:5.2MiB ETA:1m53s]
[#8b2ec5 26GiB/27GiB(97%) CN:5 DL:5.2MiB ETA:1m53s]
[#8b2ec5 26GiB/27GiB(97%) CN:5 DL:5.3MiB ETA:1m49s]
[#8b2ec5 26GiB/27GiB(97%) CN:5 DL:5.0MiB ETA:1m55s]
[#8b2ec5 26GiB/27GiB(97%) CN:5 DL:5.2MiB ETA:1m49s]
[#8b2ec5 26GiB/27GiB(97%) CN:5 DL:5.5MiB ETA:1m44s]
[#8b2ec5 26GiB/27GiB(97%) CN:5 DL:5.1MiB ETA:1m50s]
[#8b2ec5 26GiB/27GiB(97%) CN:5 DL:5.3MiB ETA:1m46s]
[#8b2ec5 26GiB/27GiB(97%) CN:5 DL:5.1MiB ETA:1m47s]
[#8b2ec5 26GiB/27GiB(98%) CN:5 DL:5.2MiB ETA:1m46s]
[#8b2ec5 26GiB/27GiB(98%) CN:5 DL:5.2MiB ETA:1m44s]
[#8b2ec5 26GiB/27GiB(98%) CN:5 DL:5.2MiB ETA:1m42s]
[#8b2ec5 26GiB/27GiB(98%) CN:5 DL:5.4MiB ETA:1m38s]
[#8b2ec5 26GiB/27GiB(98%) CN:5 DL:5.1MiB ETA:1m42s]
[#8b2ec5 26GiB/27GiB(98%) CN:5 DL:5.1MiB ETA:1m43s]
[#8b2ec5 26GiB/27GiB(98%) CN:5 DL:5.1MiB ETA:1m41s]
[#8b2ec5 26GiB/27GiB(98%) CN:5 DL:4.8MiB ETA:1m48s]
[#8b2ec5 26GiB/27GiB(98%) CN:5 DL:4.5MiB ETA:1m54s]
[#8b2ec5 26GiB/27GiB(98%) CN:5 DL:4.5MiB ETA:1m51s]
 *** Download Progress Summary as of Thu Aug 27 17:45:35 2026 *** 
===============================================================================
[#8b2ec5 26GiB/27GiB(98%) CN:5 DL:4.3MiB ETA:1m55s]
FILE: /Users/wilsonxu/Models/ornith-256k/llamacpp/models/Ornith-1.5-35B-Q6_K.gguf
-------------------------------------------------------------------------------

[#8b2ec5 26GiB/27GiB(98%) CN:5 DL:4.3MiB ETA:1m55s]
[#8b2ec5 26GiB/27GiB(98%) CN:5 DL:4.3MiB ETA:1m56s]
[#8b2ec5 26GiB/27GiB(98%) CN:5 DL:4.2MiB ETA:1m55s]
[#8b2ec5 26GiB/27GiB(98%) CN:5 DL:4.5MiB ETA:1m48s]
[#8b2ec5 26GiB/27GiB(98%) CN:5 DL:4.4MiB ETA:1m50s]
[#8b2ec5 26GiB/27GiB(98%) CN:5 DL:4.4MiB ETA:1m47s]
[#8b2ec5 26GiB/27GiB(98%) CN:5 DL:4.9MiB ETA:1m35s]
[#8b2ec5 26GiB/27GiB(98%) CN:5 DL:4.7MiB ETA:1m39s]
[#8b2ec5 26GiB/27GiB(98%) CN:5 DL:4.6MiB ETA:1m40s]
[#8b2ec5 26GiB/27GiB(98%) CN:5 DL:4.7MiB ETA:1m36s]
[#8b2ec5 26GiB/27GiB(98%) CN:5 DL:4.4MiB ETA:1m42s]
[#8b2ec5 26GiB/27GiB(98%) CN:5 DL:4.4MiB ETA:1m42s]
[#8b2ec5 26GiB/27GiB(98%) CN:5 DL:4.4MiB ETA:1m40s]
[#8b2ec5 26GiB/27GiB(98%) CN:5 DL:4.7MiB ETA:1m32s]
[#8b2ec5 26GiB/27GiB(98%) CN:5 DL:4.7MiB ETA:1m31s]
[#8b2ec5 26GiB/27GiB(98%) CN:5 DL:4.5MiB ETA:1m34s]
[#8b2ec5 26GiB/27GiB(98%) CN:5 DL:4.8MiB ETA:1m28s]
[#8b2ec5 26GiB/27GiB(98%) CN:5 DL:4.5MiB ETA:1m32s]
[#8b2ec5 26GiB/27GiB(98%) CN:5 DL:4.7MiB ETA:1m27s]
[#8b2ec5 26GiB/27GiB(98%) CN:5 DL:4.9MiB ETA:1m22s]
[#8b2ec5 26GiB/27GiB(98%) CN:5 DL:5.0MiB ETA:1m20s]
[#8b2ec5 26GiB/27GiB(98%) CN:5 DL:4.9MiB ETA:1m21s]
[#8b2ec5 26GiB/27GiB(98%) CN:5 DL:4.8MiB ETA:1m20s]
[#8b2ec5 26GiB/27GiB(98%) CN:5 DL:5.0MiB ETA:1m17s]
[#8b2ec5 26GiB/27GiB(98%) CN:5 DL:4.9MiB ETA:1m16s]
[#8b2ec5 26GiB/27GiB(98%) CN:5 DL:5.0MiB ETA:1m14s]
[#8b2ec5 26GiB/27GiB(98%) CN:5 DL:5.3MiB ETA:1m9s]
[#8b2ec5 26GiB/27GiB(98%) CN:5 DL:5.0MiB ETA:1m12s]
[#8b2ec5 26GiB/27GiB(98%) CN:5 DL:5.1MiB ETA:1m9s]
[#8b2ec5 26GiB/27GiB(98%) CN:5 DL:5.1MiB ETA:1m8s]
[#8b2ec5 26GiB/27GiB(98%) CN:5 DL:5.2MiB ETA:1m6s]
[#8b2ec5 26GiB/27GiB(98%) CN:5 DL:5.2MiB ETA:1m5s]
[#8b2ec5 26GiB/27GiB(98%) CN:5 DL:5.1MiB ETA:1m6s]
[#8b2ec5 26GiB/27GiB(98%) CN:5 DL:5.2MiB ETA:1m3s]
[#8b2ec5 26GiB/27GiB(98%) CN:5 DL:5.2MiB ETA:1m2s]
[#8b2ec5 26GiB/27GiB(98%) CN:5 DL:5.2MiB ETA:1m1s]
[#8b2ec5 26GiB/27GiB(98%) CN:5 DL:5.3MiB ETA:59s]
[#8b2ec5 26GiB/27GiB(98%) CN:5 DL:5.1MiB ETA:1m]
[#8b2ec5 26GiB/27GiB(98%) CN:5 DL:4.8MiB ETA:1m3s]
[#8b2ec5 26GiB/27GiB(98%) CN:5 DL:4.8MiB ETA:1m3s]
[#8b2ec5 26GiB/27GiB(98%) CN:5 DL:4.7MiB ETA:1m3s]
[#8b2ec5 26GiB/27GiB(98%) CN:5 DL:4.7MiB ETA:1m1s]
[#8b2ec5 26GiB/27GiB(98%) CN:5 DL:4.5MiB ETA:1m3s]
[#8b2ec5 26GiB/27GiB(98%) CN:5 DL:4.5MiB ETA:1m2s]
[#8b2ec5 26GiB/27GiB(98%) CN:5 DL:4.5MiB ETA:1m1s]
[#8b2ec5 26GiB/27GiB(99%) CN:5 DL:4.5MiB ETA:1m]
[#8b2ec5 26GiB/27GiB(99%) CN:5 DL:4.7MiB ETA:57s]
[#8b2ec5 26GiB/27GiB(99%) CN:5 DL:4.9MiB ETA:53s]
[#8b2ec5 26GiB/27GiB(99%) CN:5 DL:4.8MiB ETA:53s]
[#8b2ec5 26GiB/27GiB(99%) CN:5 DL:4.8MiB ETA:52s]
[#8b2ec5 26GiB/27GiB(99%) CN:5 DL:5.1MiB ETA:48s]
[#8b2ec5 26GiB/27GiB(99%) CN:5 DL:5.3MiB ETA:44s]
[#8b2ec5 26GiB/27GiB(99%) CN:5 DL:5.3MiB ETA:43s]
[#8b2ec5 26GiB/27GiB(99%) CN:5 DL:5.6MiB ETA:40s]
[#8b2ec5 26GiB/27GiB(99%) CN:5 DL:5.7MiB ETA:38s]
[#8b2ec5 26GiB/27GiB(99%) CN:5 DL:5.6MiB ETA:37s]
[#8b2ec5 26GiB/27GiB(99%) CN:5 DL:5.9MiB ETA:35s]
[#8b2ec5 27GiB/27GiB(99%) CN:5 DL:5.8MiB ETA:34s]
 *** Download Progress Summary as of Thu Aug 27 17:46:36 2026 *** 
===============================================================================
[#8b2ec5 27GiB/27GiB(99%) CN:5 DL:6.0MiB ETA:32s]
FILE: /Users/wilsonxu/Models/ornith-256k/llamacpp/models/Ornith-1.5-35B-Q6_K.gguf
-------------------------------------------------------------------------------

[#8b2ec5 27GiB/27GiB(99%) CN:5 DL:6.0MiB ETA:32s]
[#8b2ec5 27GiB/27GiB(99%) CN:5 DL:5.8MiB ETA:32s]
[#8b2ec5 27GiB/27GiB(99%) CN:5 DL:5.9MiB ETA:30s]
[#8b2ec5 27GiB/27GiB(99%) CN:5 DL:5.9MiB ETA:30s]
[#8b2ec5 27GiB/27GiB(99%) CN:5 DL:5.7MiB ETA:29s]
[#8b2ec5 27GiB/27GiB(99%) CN:5 DL:5.6MiB ETA:29s]
[#8b2ec5 27GiB/27GiB(99%) CN:5 DL:6.0MiB ETA:25s]
[#8b2ec5 27GiB/27GiB(99%) CN:5 DL:5.7MiB ETA:26s]
[#8b2ec5 27GiB/27GiB(99%) CN:5 DL:5.8MiB ETA:25s]
[#8b2ec5 27GiB/27GiB(99%) CN:5 DL:5.5MiB ETA:25s]
[#8b2ec5 27GiB/27GiB(99%) CN:5 DL:5.5MiB ETA:25s]
[#8b2ec5 27GiB/27GiB(99%) CN:5 DL:5.4MiB ETA:24s]
[#8b2ec5 27GiB/27GiB(99%) CN:5 DL:5.5MiB ETA:22s]
[#8b2ec5 27GiB/27GiB(99%) CN:5 DL:5.6MiB ETA:21s]
[#8b2ec5 27GiB/27GiB(99%) CN:5 DL:5.7MiB ETA:19s]
[#8b2ec5 27GiB/27GiB(99%) CN:5 DL:5.5MiB ETA:19s]
[#8b2ec5 27GiB/27GiB(99%) CN:5 DL:5.8MiB ETA:16s]
[#8b2ec5 27GiB/27GiB(99%) CN:5 DL:5.9MiB ETA:15s]
[#8b2ec5 27GiB/27GiB(99%) CN:5 DL:6.0MiB ETA:14s]
[#8b2ec5 27GiB/27GiB(99%) CN:5 DL:5.9MiB ETA:13s]
[#8b2ec5 27GiB/27GiB(99%) CN:5 DL:5.7MiB ETA:13s]
[#8b2ec5 27GiB/27GiB(99%) CN:5 DL:5.8MiB ETA:12s]
[#8b2ec5 27GiB/27GiB(99%) CN:5 DL:5.5MiB ETA:12s]
[#8b2ec5 27GiB/27GiB(99%) CN:5 DL:5.4MiB ETA:11s]
[#8b2ec5 27GiB/27GiB(99%) CN:5 DL:5.3MiB ETA:10s]
[#8b2ec5 27GiB/27GiB(99%) CN:5 DL:5.1MiB ETA:9s]
[#8b2ec5 27GiB/27GiB(99%) CN:5 DL:5.3MiB ETA:8s]
[#8b2ec5 27GiB/27GiB(99%) CN:5 DL:5.2MiB ETA:7s]
[#8b2ec5 27GiB/27GiB(99%) CN:5 DL:5.2MiB ETA:6s]
[#8b2ec5 27GiB/27GiB(99%) CN:5 DL:5.2MiB ETA:5s]
[#8b2ec5 27GiB/27GiB(99%) CN:5 DL:4.8MiB ETA:4s]
[#8b2ec5 27GiB/27GiB(99%) CN:4 DL:5.0MiB ETA:3s]
[#8b2ec5 27GiB/27GiB(99%) CN:4 DL:4.7MiB ETA:3s]
[#8b2ec5 27GiB/27GiB(99%) CN:3 DL:4.3MiB ETA:3s]
[#8b2ec5 27GiB/27GiB(99%) CN:3 DL:3.9MiB ETA:3s]
[#8b2ec5 27GiB/27GiB(99%) CN:3 DL:3.4MiB ETA:2s]
[#8b2ec5 27GiB/27GiB(99%) CN:3 DL:3.0MiB ETA:2s]
[#8b2ec5 27GiB/27GiB(99%) CN:3 DL:2.7MiB ETA:2s]
[#8b2ec5 27GiB/27GiB(99%) CN:3 DL:2.4MiB ETA:2s]
[#8b2ec5 27GiB/27GiB(99%) CN:3 DL:2.3MiB ETA:1s]
[#8b2ec5 27GiB/27GiB(99%) CN:1 DL:1.9MiB]

08/27 17:47:18 [[1;32mNOTICE[0m] Download complete: /Users/wilsonxu/Models/ornith-256k/llamacpp/models/Ornith-1.5-35B-Q6_K.gguf

Download Results:
gid   |stat|avg speed  |path/URI
======+====+===========+=======================================================
8b2ec5|OK  |   6.0MiB/s|/Users/wilsonxu/Models/ornith-256k/llamacpp/models/Ornith-1.5-35B-Q6_K.gguf

Status Legend:
(OK):download completed.
